brand,price,size,volume,classification,purchaseprice,vendornumber
58,12.99,750.0,750,1,9.28,8320
62,36.99,750.0,750,1,28.67,1128
63,38.99,750.0,750,1,30.46,1128
72,34.99,750.0,750,1,26.11,9165
75,14.99,750.0,750,1,10.94,7245
77,12.99,750.0,750,1,10.39,7245
79,14.99,750.0,750,1,9.62,7245
115,27.99,1000.0,1000,1,21.37,8112
126,32.99,1000.0,1000,1,20.14,480
168,12.99,750.0,750,1,8.95,7245
171,49.99,1750.0,1750,1,36.76,1128
173,22.99,750.0,750,1,14.7,12546
175,36.99,750.0,750,1,26.8,7245
178,29.99,750.0,750,1,20.76,11567
192,35.99,750.0,750,1,27.68,3664
211,24.99,750.0,750,1,19.83,4425
229,12.99,750.0,750,1,10.39,12546
233,46.99,750.0,750,1,30.21,3664
247,199.99,750.0,750,1,156.24,9165
254,10.99,1000.0,1000,1,8.79,12546
261,12.99,1000.0,1000,1,9.99,1392
273,21.99,1750.0,1750,1,17.31,12546
283,61.99,750.0,750,1,39.69,3664
284,77.99,750.0,750,1,53.43,3664
294,8.49,1000.0,1000,1,6.79,9552
305,27.99,1000.0,1000,1,22.21,3960
323,13.99,750.0,750,1,10.6,5992
344,19.99,750.0,750,1,15.74,9165
361,19.99,750.0,750,1,14.28,12546
376,26.99,750.0,750,1,18.97,11567
384,74.99,750.0,750,1,54.68,8112
388,14.49,1000.0,1000,1,11.41,3960
408,16.99,750.0,750,1,12.97,11567
415,20.99,1000.0,1000,1,13.04,7245
419,21.99,1000.0,1000,1,15.99,17035
425,799.99,750.0,750,1,620.15,8112
426,7.99,50.0,50,1,6.29,9165
435,17.99,750.0,750,1,12.79,7153
438,19.99,750.0,750,1,12.77,4425
443,33.99,750.0,750,1,24.45,480
450,24.99,750.0,750,1,19.52,4425
463,33.99,750.0,750,1,24.63,653
482,21.99,1000.0,1000,1,14.28,17035
485,12.99,1000.0,1000,1,10.39,3960
497,19.99,1000.0,1000,1,14.7,3960
508,12.99,1000.0,1000,1,9.77,480
513,28.99,750.0,750,1,23.01,9165
515,35.99,750.0,750,1,25.36,9165
525,39.99,750.0,750,1,31.0,12546
536,12.99,1000.0,1000,1,9.92,1392
538,12.99,375.0,375,1,7.96,2555
539,5.79,1000.0,1000,1,4.2,8004
543,31.99,750.0,750,1,22.72,9552
555,29.99,750.0,750,1,21.73,3664
567,28.99,1000.0,1000,1,20.71,3960
592,164.99,750.0,750,1,127.99,17035
597,27.99,1000.0,1000,1,21.53,3960
605,16.99,750.0,750,2,9.67,10754
607,8.49,750.0,750,2,5.74,9552
649,36.99,750.0,750,1,28.67,12546
653,29.99,750.0,750,1,21.73,3924
661,16.99,750.0,750,1,9.99,12546
664,78.99,750.0,750,1,54.01,8112
676,10.99,750.0,750,1,8.65,12546
680,18.99,750.0,750,1,13.86,9165
686,18.99,750.0,750,1,14.95,9165
693,12.99,1000.0,1000,1,9.35,1392
742,12.99,1000.0,1000,1,10.39,12546
743,45.99,750.0,750,1,36.5,480
753,19.99,750.0,750,2,13.79,90032
757,17.99,750.0,750,1,13.95,12546
758,39.99,1000.0,1000,1,28.77,7239
759,49.99,750.0,750,1,37.0,9165
779,12.99,1000.0,1000,1,9.55,1392
780,12.99,1000.0,1000,1,9.84,1392
782,54.99,750.0,750,1,35.15,7239
802,11.99,750.0,750,1,7.99,480
807,19.99,1000.0,1000,1,13.23,12546
809,17.99,1000.0,1000,1,13.13,1128
810,11.99,750.0,750,1,7.19,480
811,29.99,1000.0,1000,1,19.84,1128
812,22.99,1000.0,1000,1,17.03,3089
820,39.99,1000.0,1000,1,25.54,8112
821,38.99,1000.0,1000,1,27.99,8112
822,26.99,1000.0,1000,1,19.99,3960
824,26.99,1000.0,1000,1,20.76,480
828,9.99,1000.0,1000,1,7.74,6213
831,9.99,1000.0,1000,1,7.46,6213
836,9.99,1000.0,1000,1,7.8,6213
838,10.99,1000.0,1000,1,7.96,6213
854,15.99,1000.0,1000,1,11.67,3960
856,29.99,750.0,750,1,21.73,9165
857,21.99,1000.0,1000,1,16.17,17035
858,11.99,1000.0,1000,1,8.95,12546
859,22.99,1000.0,1000,1,17.29,17035
870,29.99,1000.0,1000,2,17.64,9165
876,8.99,1000.0,1000,1,6.66,12546
883,499.99,750.0,750,1,390.62,9165
892,33.99,750.0,750,1,24.99,653
903,24.99,1000.0,1000,1,18.79,480
934,35.99,750.0,750,1,26.08,9165
942,64.99,750.0,750,1,45.45,8112
950,79.99,750.0,750,1,58.82,653
966,20.99,750.0,750,1,16.15,9165
970,17.99,750.0,750,1,12.11,9206
971,15.99,1000.0,1000,1,11.42,12546
973,19.99,750.0,750,1,11.9,480
984,25.99,750.0,750,1,20.63,9165
993,14.99,750.0,750,1,8.33,7245
999,114.99,750.0,750,1,89.84,17035
1094,40.99,750.0,750,1,29.92,9552
1099,45.99,750.0,750,1,33.33,480
1106,249.99,750.0,750,1,155.55,480
1133,31.99,0.0,100,1,23.01,8112
1135,19.99,750.0,750,1,15.62,8352
1136,4.99,0.0,50,1,3.87,17035
1174,19.99,1750.0,1750,1,15.87,8352
1178,10.99,750.0,750,1,7.83,3924
1180,16.99,1750.0,1750,1,13.07,3924
1186,24.99,750.0,750,1,17.98,3924
1202,31.99,750.0,750,1,19.28,8112
1212,21.99,750.0,750,1,14.38,2555
1220,29.99,750.0,750,1,21.89,1128
1226,29.99,750.0,750,1,19.99,9625
1228,95.99,750.0,750,1,69.76,3664
1231,12.99,375.0,375,1,9.48,1128
1232,22.99,750.0,750,1,15.93,1128
1233,36.99,1750.0,1750,1,26.27,1128
1237,44.99,750.0,750,1,33.83,1128
1238,4.99,50.0,50,1,3.56,17035
1239,49.99,750.0,750,1,39.99,12546
1242,10.99,750.0,750,1,8.02,3960
1244,17.99,750.0,750,1,12.79,1128
1252,22.99,750.0,750,1,13.84,12546
1258,22.99,750.0,750,1,17.03,12546
1269,25.99,750.0,750,1,19.11,1485
1271,49.99,750.0,750,1,37.59,1485
1273,31.99,1750.0,1750,1,23.19,12546
1274,44.99,750.0,750,1,34.88,9165
1278,35.99,1750.0,1750,1,26.71,12546
1281,14.99,1750.0,1750,1,11.19,8004
1282,29.99,750.0,750,1,18.7,660
1295,3.99,100.0,100,1,2.89,1128
1296,26.99,750.0,750,1,20.6,4425
1304,10.99,750.0,750,1,8.33,3960
1309,59.99,750.0,750,1,44.44,12546
1323,16.99,1750.0,1750,1,13.59,1128
1328,19.99,750.0,750,1,12.49,6359
1340,21.99,750.0,750,1,14.05,12546
1343,165.99,1000.0,1000,1,122.96,1128
1345,37.99,750.0,750,1,28.45,12546
1346,29.99,750.0,750,1,22.55,12546
1347,39.99,750.0,750,1,31.24,12546
1348,17.99,375.0,375,1,11.84,12546
1352,61.99,750.0,750,1,41.0,9165
1355,3.49,50.0,50,1,2.59,12546
1358,64.99,1750.0,1750,1,42.85,12546
1359,32.99,750.0,750,1,21.87,12546
1361,189.99,750.0,750,1,138.68,9165
1364,9.99,750.0,750,1,7.46,6213
1365,7.99,0.0,50,1,6.05,8664
1366,1.29,50.0,50,1,0.93,12546
1373,16.99,750.0,750,1,10.36,12546
1375,14.49,750.0,750,1,11.5,12546
1376,21.99,1750.0,1750,1,16.29,12546
1378,9.49,375.0,375,1,7.08,12546
1379,14.49,750.0,750,1,11.41,12546
1380,49.99,1750.0,1750,1,34.05,3960
1382,39.99,750.0,750,1,28.56,12546
1384,25.99,750.0,750,1,18.93,3960
1385,26.99,750.0,750,1,20.45,12546
1386,21.99,750.0,750,1,14.59,3960
1388,28.99,1750.0,1750,1,19.22,12546
1389,2.99,50.0,50,1,2.18,12546
1392,16.99,750.0,750,1,10.6,12546
1393,4.99,200.0,200,1,3.14,12546
1394,16.49,375.0,375,1,12.68,12546
1395,8.99,750.0,750,1,5.88,12546
1396,15.99,1750.0,1750,1,10.44,12546
1397,16.99,750.0,750,1,10.76,12546
1398,56.99,750.0,750,1,40.59,8004
1399,36.99,750.0,750,1,27.81,12546
1404,89.99,750.0,750,1,64.28,1128
1415,14.99,750.0,750,1,10.39,12546
1416,24.99,1750.0,1750,1,19.83,12546
1424,14.99,375.0,375,1,9.69,3960
1425,27.99,750.0,750,1,20.73,28750
1464,25.99,750.0,750,1,19.22,7245
1465,14.99,375.0,375,1,11.02,1128
1468,44.99,750.0,750,1,31.49,12546
1476,21.99,1750.0,1750,1,16.05,12546
1479,11.99,1750.0,1750,1,9.22,660
1535,3.99,50.0,50,1,3.14,1128
1542,29.99,750.0,750,1,22.72,9751
1545,29.99,750.0,750,1,19.42,1128
1595,15.99,375.0,375,1,10.93,1128
1623,14.99,375.0,375,1,10.07,3960
1634,29.99,1750.0,1750,1,20.73,2561
1637,11.49,1750.0,1750,1,8.13,660
1639,22.99,750.0,750,1,15.74,2561
1657,69.99,750.0,750,1,51.46,3960
1692,19.99,750.0,750,1,13.4,8352
1715,19.99,750.0,750,1,13.76,6359
1725,19.99,750.0,750,1,14.17,6359
1728,54.99,750.0,750,1,41.35,17035
1734,21.99,1750.0,1750,1,17.45,2496
1737,51.99,1750.0,1750,1,34.3,12546
1738,19.99,750.0,750,1,14.72,6359
1740,59.99,750.0,750,1,40.71,3960
1744,21.99,750.0,750,1,17.05,1128
1746,26.99,750.0,750,1,19.99,9206
1748,15.99,750.0,750,1,10.29,3664
1758,39.99,750.0,750,1,29.76,17035
1760,25.99,1750.0,1750,1,19.69,3664
1767,24.99,750.0,750,1,19.37,8004
1770,38.99,1750.0,1750,1,26.42,1128
1771,0.99,50.0,50,1,0.75,1128
1781,49.99,750.0,750,1,37.59,11567
1789,22.99,750.0,750,1,17.16,1128
1790,27.99,750.0,750,1,15.5,9165
1817,21.99,750.0,750,1,16.79,6785
1835,26.99,750.0,750,1,19.7,1485
1836,29.99,750.0,750,1,21.73,12546
1845,15.99,1750.0,1750,1,11.27,3252
1848,62.99,750.0,750,1,47.01,3960
1860,59.99,750.0,750,1,46.15,7239
1862,25.99,750.0,750,1,19.22,17035
1867,2.99,50.0,50,1,2.15,1128
1868,66.99,750.0,750,1,49.62,3960
1869,54.99,750.0,750,1,40.14,3960
1870,79.99,750.0,750,1,59.69,3960
1874,109.99,750.0,750,1,84.61,7239
1875,31.99,750.0,750,1,20.71,7245
1876,149.99,750.0,750,1,106.61,17035
1880,63.99,750.0,750,1,46.71,17035
1883,17.99,1750.0,1750,1,13.23,3960
1886,10.99,750.0,750,1,7.96,3960
1892,0.99,50.0,50,1,0.72,3960
1893,54.99,750.0,750,1,43.99,7239
1896,94.99,750.0,750,1,68.83,17035
1920,29.99,750.0,750,1,22.55,8004
1921,67.99,1750.0,1750,1,52.71,3664
1955,12.99,375.0,375,1,9.62,1128
1956,53.99,750.0,750,1,39.99,3664
1961,34.99,1750.0,1750,1,23.91,8352
1964,29.99,750.0,750,1,23.07,12546
1974,37.99,750.0,750,1,29.91,9165
1987,18.99,375.0,375,1,13.66,17031
1997,42.99,750.0,750,1,30.93,4425
2008,21.99,750.0,750,1,16.66,8352
2015,22.99,750.0,750,1,18.1,1128
2016,99.99,750.0,750,1,74.62,8112
2017,63.99,750.0,750,1,44.77,17035
2024,5.99,375.0,375,1,4.44,1392
2026,18.99,750.0,750,1,14.61,3252
2027,29.99,750.0,750,1,16.66,6213
2029,68.99,750.0,750,1,51.1,9165
2030,30.99,750.0,750,1,23.48,7153
2035,19.99,750.0,750,1,14.28,7153
2036,36.99,750.0,750,1,29.13,12546
2041,84.99,750.0,750,1,61.14,17035
2043,29.99,750.0,750,1,23.07,3960
2047,34.99,750.0,750,1,25.36,9744
2050,64.99,750.0,750,1,49.61,9206
2062,59.99,1750.0,1750,1,44.11,1128
2082,109.99,750.0,750,1,74.07,3664
2085,13.99,750.0,750,1,10.6,653
2088,299.99,750.0,750,1,223.87,17035
2089,24.99,750.0,750,1,16.53,7153
2097,15.99,750.0,750,1,12.11,6359
2098,29.99,750.0,750,1,16.29,9165
2100,9.99,1750.0,1750,1,7.24,9552
2101,5.99,375.0,375,1,4.37,3252
2104,69.99,750.0,750,1,50.35,9165
2105,9.99,750.0,750,1,7.87,1392
2108,15.99,750.0,750,1,12.59,6359
2112,26.99,750.0,750,1,15.55,2561
2114,12.99,1750.0,1750,1,9.41,1392
2115,7.99,750.0,750,1,4.88,1392
2116,41.99,750.0,750,1,27.33,9165
2117,8.99,750.0,750,1,5.88,1392
2120,16.99,1750.0,1750,1,12.21,12546
2121,9.99,750.0,750,1,7.8,12546
2122,9.99,750.0,750,1,7.8,12546
2123,79.99,750.0,750,1,57.96,480
2127,10.49,1750.0,1750,1,7.19,660
2129,18.99,750.0,750,1,13.56,6359
2130,29.99,750.0,750,1,22.05,1189
2131,12.99,375.0,375,1,10.15,1128
2132,12.99,1750.0,1750,1,10.23,8352
2134,2.49,375.0,375,1,1.93,660
2136,27.99,750.0,750,1,21.53,3924
2142,13.99,750.0,750,1,10.38,9625
2143,12.99,1750.0,1750,1,10.07,1128
2145,16.99,750.0,750,1,12.68,7153
2148,7.99,750.0,750,1,5.96,1128
2149,6.99,750.0,750,1,5.34,660
2152,9.99,750.0,750,1,7.19,3252
2155,37.99,1750.0,1750,1,24.05,12546
2156,36.99,750.0,750,1,26.92,12546
2158,16.99,375.0,375,1,12.4,3089
2159,39.99,750.0,750,1,30.53,12546
2161,19.99,750.0,750,1,15.26,12546
2162,33.99,750.0,750,1,21.58,2450
2163,24.99,750.0,750,1,14.38,90037
2164,16.99,1750.0,1750,1,12.14,3252
2170,3.49,50.0,50,1,2.53,1128
2171,24.99,750.0,750,1,14.49,17035
2181,0.99,50.0,50,1,0.73,9625
2182,18.99,750.0,750,1,14.17,12546
2183,18.99,750.0,750,1,14.61,12546
2184,19.99,750.0,750,1,11.36,480
2186,26.99,750.0,750,1,19.56,7153
2189,26.99,750.0,750,1,19.83,9165
2193,24.99,750.0,750,1,16.41,8663
2199,29.99,750.0,750,1,23.61,9165
2200,19.99,750.0,750,1,10.78,480
2202,29.99,750.0,750,1,23.07,17031
2212,13.99,1750.0,1750,1,8.72,8004
2214,29.99,750.0,750,1,21.58,9552
2226,36.99,1750.0,1750,1,27.6,12546
2232,39.99,750.0,750,1,31.0,4425
2235,29.99,750.0,750,1,19.56,9165
2237,49.99,750.0,750,1,35.71,9552
2238,26.99,750.0,750,1,18.93,9260
2239,21.99,750.0,750,1,15.78,8352
2241,25.99,750.0,750,1,20.46,98450
2242,30.99,750.0,750,1,16.05,9165
2245,36.99,750.0,750,1,26.66,4425
2246,18.99,750.0,750,1,13.96,8004
2250,12.99,0.0,50,1,9.69,1128
2254,14.99,750.0,750,1,10.31,12546
2258,16.99,375.0,375,1,9.77,480
2262,35.99,750.0,750,1,21.2,4425
2270,79.99,750.0,750,1,54.34,12546
2280,36.99,750.0,750,1,27.4,7239
2287,38.99,750.0,750,1,29.22,3960
2290,23.99,750.0,750,1,18.04,12546
2292,43.99,750.0,750,1,29.99,9165
2302,29.99,750.0,750,1,23.43,9165
2310,28.99,750.0,750,1,23.19,9165
2329,54.99,750.0,750,1,38.45,480
2339,25.99,750.0,750,1,15.82,12546
2366,34.99,750.0,750,1,25.36,9165
2368,139.99,750.0,750,1,108.52,3664
2369,64.99,750.0,750,1,50.38,9165
2373,16.99,750.0,750,1,10.29,12546
2374,39.99,1750.0,1750,1,31.24,3664
2382,29.99,750.0,750,1,19.22,7153
2398,20.99,750.0,750,1,16.4,3664
2401,8.99,200.0,200,1,6.86,8150
2412,21.99,750.0,750,1,15.38,17035
2418,22.99,750.0,750,1,16.53,3960
2426,51.99,750.0,750,1,41.59,17035
2427,29.99,750.0,750,1,15.93,9165
2432,22.99,750.0,750,1,17.59,3960
2433,131.99,750.0,750,1,91.9,3960
2435,40.99,750.0,750,1,29.76,3960
2436,14.99,375.0,375,1,11.99,3960
2438,69.99,1750.0,1750,1,54.26,3960
2443,16.99,1750.0,1750,1,13.48,3960
2445,11.99,750.0,750,1,9.08,3960
2448,15.99,750.0,750,1,11.42,3960
2453,5.99,0.0,50,1,4.31,3960
2465,2.99,50.0,50,1,2.15,3960
2466,46.99,1750.0,1750,1,29.62,3960
2468,29.99,750.0,750,1,22.39,3960
2474,38.99,300.0,300,1,29.1,9165
2476,22.99,750.0,750,1,16.79,3960
2494,39.99,1750.0,1750,1,31.0,3960
2496,49.99,1750.0,1750,1,36.22,3960
2499,29.99,750.0,750,1,21.53,3960
2508,1.99,50.0,50,1,1.59,3960
2512,34.99,375.0,375,1,25.36,2561
2514,14.99,750.0,750,1,11.41,9625
2517,68.99,750.0,750,1,46.42,3664
2518,49.99,750.0,750,1,36.49,1128
2520,62.99,750.0,750,1,42.21,2561
2522,47.99,750.0,750,1,36.92,2561
2531,63.99,750.0,750,1,46.37,10754
2532,134.99,1750.0,1750,1,96.89,2561
2534,44.99,750.0,750,1,35.99,3252
2539,19.99,1750.0,1750,1,12.3,9710
2543,23.99,750.0,750,1,18.89,6785
2549,44.99,375.0,375,1,29.49,10754
2563,49.99,750.0,750,1,34.61,12546
2570,79.99,750.0,750,1,57.14,3960
2582,19.99,750.0,750,1,11.8,8004
2585,22.99,750.0,750,1,16.42,17035
2586,2.99,50.0,50,1,2.21,17035
2587,18.99,375.0,375,1,12.67,17035
2589,39.99,1750.0,1750,1,30.76,17035
2590,46.99,1750.0,1750,1,28.98,2561
2591,43.99,750.0,750,1,29.4,3960
2595,17.99,750.0,750,1,12.3,1485
2597,21.99,750.0,750,1,14.38,17035
2598,16.99,750.0,750,1,11.44,8004
2602,59.99,750.0,750,1,43.84,3960
2604,99.99,0.0,200,1,73.52,3960
2606,115.99,750.0,750,1,79.36,8112
2607,21.99,750.0,750,1,17.18,9552
2609,25.99,750.0,750,1,18.11,9744
2611,54.99,750.0,750,1,39.99,480
2614,59.99,1750.0,1750,1,41.21,480
2615,3.49,50.0,50,1,2.57,17035
2619,64.99,1750.0,1750,1,51.58,8112
2622,26.99,750.0,750,1,18.65,480
2623,28.99,1750.0,1750,1,18.24,17035
2624,64.99,750.0,750,1,46.76,480
2625,59.99,750.0,750,1,43.16,9165
2626,1.99,50.0,50,1,1.42,3960
2628,31.99,750.0,750,1,23.43,480
2630,37.99,750.0,750,1,29.91,8004
2631,73.99,750.0,750,1,55.99,17035
2636,68.99,750.0,750,1,48.83,9165
2637,56.99,750.0,750,1,39.12,9744
2639,70.99,750.0,750,1,52.37,12546
2640,44.99,750.0,750,1,30.07,4425
2643,184.99,750.0,750,1,136.02,480
2644,79.99,750.0,750,1,58.13,17035
2645,31.99,750.0,750,1,21.89,17035
2646,58.99,1750.0,1750,1,43.3,17035
2648,16.49,375.0,375,1,12.21,17035
2650,24.99,1000.0,1000,1,19.68,3960
2656,24.99,1750.0,1750,1,19.52,2561
2658,15.99,750.0,750,1,12.49,2561
2661,65.99,750.0,750,1,47.99,12546
2663,29.99,1750.0,1750,1,21.42,480
2664,16.99,750.0,750,1,10.5,8004
2665,19.99,750.0,750,1,15.38,480
2668,13.99,375.0,375,1,10.68,480
2672,2.29,50.0,50,1,1.8,480
2675,44.99,750.0,750,1,34.88,3960
2676,15.99,1750.0,1750,1,10.93,9552
2678,44.99,750.0,750,1,31.99,4425
2679,22.99,750.0,750,1,14.28,480
2682,52.99,750.0,750,1,42.39,9165
2685,36.99,750.0,750,1,27.12,12546
2686,37.99,750.0,750,1,26.8,8004
2689,18.99,1750.0,1750,1,14.72,1392
2690,11.99,750.0,750,1,7.35,1392
2692,41.99,750.0,750,1,26.31,8112
2694,52.99,750.0,750,1,37.31,8112
2696,37.99,1750.0,1750,1,25.19,12546
2713,14.99,1750.0,1750,1,10.93,660
2714,99.99,750.0,750,1,76.33,3664
2717,58.99,750.0,750,1,43.38,4425
2721,59.99,750.0,750,1,47.61,3960
2722,21.99,750.0,750,1,17.59,3960
2723,29.99,1750.0,1750,1,21.42,3960
2727,29.99,750.0,750,1,19.37,9552
2737,34.99,750.0,750,1,27.77,9165
2739,49.99,750.0,750,1,35.96,7239
2740,89.99,750.0,750,1,65.41,9165
2742,53.99,750.0,750,1,37.98,480
2748,319.99,1750.0,1750,1,240.59,3960
2749,16.99,1750.0,1750,1,13.38,3960
2751,19.99,375.0,375,1,15.99,3960
2752,38.99,750.0,750,1,26.31,3960
2753,59.99,1750.0,1750,1,44.77,3960
2755,24.99,750.0,750,1,19.68,3960
2756,29.99,750.0,750,1,22.89,17035
2757,29.99,1750.0,1750,1,22.38,3960
2759,13.99,375.0,375,1,10.14,3960
2760,38.99,1750.0,1750,1,28.02,1128
2765,79.99,750.0,750,1,60.14,12546
2767,189.99,750.0,750,1,139.7,3960
2769,55.99,750.0,750,1,38.4,12546
2770,39.99,375.0,375,1,31.0,3664
2772,62.99,750.0,750,1,46.15,3960
2776,41.99,750.0,750,1,32.3,4425
2780,40.99,750.0,750,1,28.46,3960
2783,14.99,1750.0,1750,1,10.06,660
2788,44.99,750.0,750,1,31.24,12546
2793,21.99,750.0,750,1,17.18,6213
2794,14.99,750.0,750,1,10.5,9625
2795,25.99,750.0,750,1,18.74,3960
2801,39.99,750.0,750,1,27.68,3664
2802,29.99,750.0,750,1,18.93,7153
2803,25.99,750.0,750,1,20.46,9552
2812,39.99,375.0,375,1,30.3,3664
2814,39.99,375.0,375,1,31.0,3664
2815,55.99,750.0,750,1,40.57,4425
2816,44.99,750.0,750,1,34.61,12546
2821,36.99,750.0,750,1,28.02,12546
2822,32.99,750.0,750,1,23.25,9552
2826,36.99,750.0,750,1,29.59,12546
2834,15.99,1750.0,1750,1,12.3,8320
2838,45.99,750.0,750,1,35.43,9625
2839,39.99,750.0,750,1,27.0,12546
2840,10.99,750.0,750,1,7.36,9206
2851,5.99,750.0,750,1,4.5,7153
2852,40.99,750.0,750,1,30.14,7245
2854,49.99,750.0,750,1,38.45,3960
2856,58.99,750.0,750,1,42.1,3960
2859,17.99,750.0,750,1,12.94,7245
2862,35.99,750.0,750,1,27.68,3960
2868,94.99,750.0,750,1,70.86,3960
2874,69.99,750.0,750,1,51.46,9165
2878,39.99,375.0,375,1,29.84,3664
2879,31.99,750.0,750,1,22.21,4425
2882,139.99,750.0,750,1,89.92,2561
2889,31.99,750.0,750,1,23.07,3960
2890,26.99,750.0,750,1,21.25,9552
2893,54.99,750.0,750,1,39.67,8112
2894,17.99,1750.0,1750,1,12.94,3960
2897,59.99,750.0,750,1,47.24,3960
2898,7.99,750.0,750,1,6.01,3960
2902,49.99,750.0,750,1,37.0,7245
2909,59.99,750.0,750,1,37.03,17035
2912,16.99,750.0,750,1,12.87,5992
2917,19.99,750.0,750,1,15.62,17035
2920,69.99,750.0,750,1,46.15,9165
2924,21.99,750.0,750,1,17.18,8004
2926,27.99,1750.0,1750,1,21.87,12546
2932,31.99,750.0,750,1,24.61,17035
2939,14.99,750.0,750,1,11.53,4425
2942,39.99,750.0,750,1,27.12,11567
2944,44.99,750.0,750,1,32.14,17035
2945,299.99,750.0,750,1,213.17,2561
2946,89.99,750.0,750,1,62.01,2561
2949,94.99,750.0,750,1,70.36,9165
2951,39.99,1750.0,1750,1,28.78,7245
2952,18.99,750.0,750,1,14.61,7245
2954,49.99,750.0,750,1,35.87,2561
2956,14.99,1750.0,1750,1,10.71,3960
2957,35.99,750.0,750,1,25.89,8004
2958,54.99,750.0,750,1,40.73,3960
2960,104.99,750.0,750,1,69.34,2561
2963,59.99,750.0,750,1,44.44,7239
2965,46.99,750.0,750,1,34.64,8112
2967,59.99,750.0,750,1,40.73,3664
2973,29.99,750.0,750,1,19.85,8004
2975,14.99,750.0,750,1,11.32,9625
2976,17.99,750.0,750,1,11.59,2496
2979,49.99,750.0,750,1,35.43,12546
2982,69.99,750.0,750,1,52.23,2561
2985,25.99,750.0,750,1,15.1,3664
2988,24.99,750.0,750,1,18.51,12546
2989,259.99,750.0,750,1,192.59,2561
2990,19.99,750.0,750,1,15.99,11567
2991,49.99,750.0,750,1,36.49,2000
2993,7.49,0.0,Unknown,1,5.39,5895
3012,0.99,50.0,50,1,0.74,12546
3016,19.99,750.0,750,1,14.59,480
3020,10.99,750.0,750,1,7.99,12546
3025,11.99,375.0,375,1,9.29,3960
3033,11.99,375.0,375,1,8.95,3960
3038,9.99,1750.0,1750,1,7.13,9552
3039,16.99,750.0,750,1,13.38,8664
3041,9.99,1750.0,1750,1,5.83,9552
3042,11.99,375.0,375,1,8.63,3960
3045,12.99,750.0,750,1,7.8,12546
3046,47.99,1750.0,1750,1,35.81,3960
3050,8.99,1750.0,1750,1,6.51,8004
3054,12.99,750.0,750,1,8.14,3960
3058,0.99,50.0,50,1,0.71,7245
3061,16.99,750.0,750,1,11.32,17035
3062,21.99,750.0,750,1,15.62,10050
3070,29.99,750.0,750,1,16.53,3960
3072,24.99,750.0,750,1,18.24,3960
3079,15.99,750.0,750,1,10.21,2396
3081,12.99,750.0,750,1,7.14,3960
3084,14.99,200.0,200,1,11.27,9165
3086,47.99,1750.0,1750,1,35.03,3960
3089,9.99,750.0,750,1,7.63,3924
3092,16.99,750.0,750,1,13.38,8664
3100,47.99,1750.0,1750,1,34.28,3960
3102,17.99,1750.0,1750,1,12.94,3960
3104,12.99,750.0,750,1,8.72,3960
3107,65.99,750.0,750,1,47.47,3960
3120,17.99,750.0,750,1,10.94,17035
3121,9.99,750.0,750,1,6.93,12546
3123,14.99,1750.0,1750,1,10.94,3960
3125,9.99,750.0,750,1,7.03,12546
3133,10.99,750.0,750,1,8.79,1392
3138,13.99,750.0,750,1,9.29,1392
3139,23.99,750.0,750,1,17.64,480
3147,0.99,50.0,50,1,0.71,8664
3150,10.99,750.0,750,1,8.65,1392
3152,10.99,750.0,750,1,7.91,7245
3153,17.99,750.0,750,1,13.23,653
3154,9.99,750.0,750,1,7.8,3252
3158,16.99,1750.0,1750,1,12.77,12546
3159,9.99,750.0,750,1,5.59,9552
3161,9.99,750.0,750,1,6.66,3252
3163,12.99,750.0,750,1,8.82,7245
3168,25.99,750.0,750,1,18.97,8112
3172,12.99,750.0,750,1,10.31,11567
3174,29.99,750.0,750,1,21.73,4425
3176,27.99,750.0,750,1,20.89,4425
3180,16.99,1750.0,1750,1,10.94,3252
3183,18.49,750.0,750,1,13.7,7245
3189,12.99,750.0,750,1,10.15,11567
3193,16.99,750.0,750,1,11.15,17035
3194,23.99,750.0,750,1,18.31,480
3197,20.99,1750.0,1750,1,15.32,12546
3201,29.99,750.0,750,1,21.96,17035
3204,21.99,750.0,750,1,15.71,7153
3209,19.99,750.0,750,1,14.07,4550
3216,11.99,1750.0,1750,1,7.68,660
3218,12.99,750.0,750,1,10.23,8004
3219,0.99,50.0,50,1,0.74,1392
3220,18.99,1750.0,1750,1,14.72,1392
3221,10.99,750.0,750,1,7.93,12546
3227,8.99,1750.0,1750,1,6.86,8004
3230,10.99,750.0,750,1,7.08,1392
3231,10.99,750.0,750,1,7.74,12546
3233,22.99,750.0,750,1,16.66,8112
3234,62.99,1750.0,1750,1,45.92,3664
3235,16.99,750.0,750,1,12.4,17035
3237,25.99,1750.0,1750,1,18.17,8004
3238,29.99,750.0,750,1,22.83,3664
3239,9.99,750.0,750,1,7.8,9165
3243,10.49,1750.0,1750,1,8.26,3924
3244,5.79,750.0,750,1,4.32,3924
3246,8.79,1750.0,1750,1,6.71,8004
3253,12.49,1750.0,1750,1,9.08,12546
3257,5.99,750.0,750,1,4.5,12546
3271,5.99,375.0,375,1,4.47,3252
3272,17.99,1750.0,1750,1,13.23,9552
3276,14.99,1750.0,1750,1,9.62,3960
3278,7.99,750.0,750,1,5.79,3960
3279,29.99,750.0,750,1,22.21,6213
3285,9.99,750.0,750,1,7.29,1392
3286,47.99,1750.0,1750,1,36.08,3960
3292,169.99,750.0,750,1,135.99,9165
3294,16.99,750.0,750,1,12.31,4425
3295,9.99,375.0,375,1,7.93,4425
3296,22.99,750.0,750,1,15.99,8112
3300,0.99,50.0,50,1,0.71,3960
3305,12.49,1750.0,1750,1,8.65,8352
3310,6.99,375.0,375,1,4.34,12546
3314,26.99,1750.0,1750,1,19.28,1128
3315,0.99,50.0,50,1,0.74,3960
3316,11.99,375.0,375,1,8.88,3960
3324,49.99,750.0,750,1,37.31,3664
3325,10.99,750.0,750,1,7.4,12546
3326,9.49,1750.0,1750,1,7.36,9552
3329,13.99,1750.0,1750,1,10.84,9165
3335,10.99,750.0,750,1,8.14,3960
3341,34.99,0.0,750,1,25.17,480
3343,12.49,375.0,375,1,9.46,480
3344,19.99,750.0,750,1,14.49,480
3345,2.29,50.0,50,1,1.54,480
3347,39.99,1750.0,1750,1,28.56,3664
3348,29.99,1750.0,1750,1,22.38,480
3350,15.99,750.0,750,1,12.3,7153
3351,16.99,1750.0,1750,1,13.27,12546
3352,24.99,750.0,750,1,18.79,3960
3354,14.99,375.0,375,1,10.71,3960
3356,5.99,375.0,375,1,4.47,1392
3357,0.99,50.0,50,1,0.77,3960
3363,13.99,750.0,750,1,9.69,3924
3364,24.99,1750.0,1750,1,17.85,17035
3366,35.99,1750.0,1750,1,24.45,3960
3367,10.99,750.0,750,1,7.57,12546
3368,16.99,1750.0,1750,1,12.22,12546
3373,18.99,1750.0,1750,1,13.86,1392
3376,39.99,750.0,750,1,31.99,5455
3377,24.99,750.0,750,1,18.25,3960
3385,16.99,1750.0,1750,1,12.97,12546
3388,8.99,750.0,750,1,6.97,17035
3389,15.99,1750.0,1750,1,12.49,17035
3390,29.99,750.0,750,1,22.55,4425
3396,22.99,1750.0,1750,1,13.73,3960
3397,24.99,750.0,750,1,18.24,3960
3404,19.99,750.0,750,1,13.33,12546
3405,28.99,1750.0,1750,1,23.19,4425
3408,24.99,750.0,750,1,15.62,3960
3409,44.99,750.0,750,1,32.14,9165
3410,19.99,750.0,750,1,12.31,3089
3412,12.99,750.0,750,1,9.28,11567
3420,9.99,750.0,750,1,7.93,3252
3422,19.99,750.0,750,1,15.99,17035
3423,26.99,1750.0,1750,1,21.25,17035
3424,15.99,750.0,750,1,11.59,3960
3425,20.99,750.0,750,1,15.55,17035
3427,24.99,1750.0,1750,1,17.85,8664
3432,17.99,750.0,750,1,13.04,7153
3436,26.99,1750.0,1750,1,18.79,480
3437,19.99,750.0,750,1,13.84,480
3444,39.99,1750.0,1750,1,29.13,12546
3451,12.99,750.0,750,1,7.53,3960
3452,6.99,1750.0,1750,1,5.55,9552
3453,9.49,750.0,750,1,7.3,3960
3456,18.99,1750.0,1750,1,13.27,3960
3457,34.99,1750.0,1750,1,22.38,17035
3458,19.99,750.0,750,1,15.14,3960
3462,16.99,750.0,750,1,13.07,17035
3464,13.99,1750.0,1750,1,10.06,9206
3472,16.99,750.0,750,1,11.1,480
3476,19.99,750.0,750,1,15.5,3664
3483,13.99,750.0,750,1,10.21,9625
3485,19.99,1750.0,1750,1,15.03,4425
3486,12.99,375.0,375,1,9.84,3960
3487,16.99,750.0,750,1,12.77,8664
3488,23.99,750.0,750,1,15.62,3960
3489,27.99,1750.0,1750,1,20.73,3960
3492,17.99,750.0,750,1,11.36,17035
3495,38.99,1750.0,1750,1,23.52,3960
3497,94.99,750.0,750,1,73.07,3960
3498,19.99,750.0,750,1,14.72,3960
3500,1.49,50.0,50,1,1.07,4425
3502,10.99,750.0,750,1,8.14,12546
3503,10.99,750.0,750,1,8.2,3960
3505,18.99,750.0,750,1,13.76,4425
3510,10.99,750.0,750,1,8.65,3960
3511,9.99,750.0,750,1,7.24,3252
3512,16.99,1750.0,1750,1,11.76,12546
3513,24.99,750.0,750,1,17.98,3960
3515,19.99,1750.0,1750,1,15.5,11567
3517,10.99,750.0,750,1,6.83,3960
3518,21.99,750.0,750,1,15.74,9165
3522,12.99,1750.0,1750,1,9.62,8004
3524,19.99,750.0,750,1,14.7,4380
3527,29.99,1750.0,1750,1,21.87,3664
3528,39.99,750.0,750,1,31.24,5455
3529,13.99,1750.0,1750,1,10.14,9206
3530,9.99,750.0,750,1,6.93,12546
3532,27.99,750.0,750,1,20.58,3664
3533,17.99,750.0,750,1,13.23,7153
3534,23.99,750.0,750,1,18.17,3664
3539,24.99,750.0,750,1,13.13,5455
3545,29.99,1750.0,1750,1,21.89,3960
3547,2.79,50.0,50,1,2.2,3960
3549,26.99,750.0,750,1,17.82,3960
3560,11.99,375.0,375,1,9.52,3960
3563,9.49,750.0,750,1,7.3,3960
3564,47.99,1750.0,1750,1,36.08,3960
3565,38.99,750.0,750,1,25.98,9165
3571,1.99,50.0,50,1,1.47,17035
3572,10.99,750.0,750,1,7.68,12546
3578,49.99,750.0,750,1,36.49,8664
3579,11.99,375.0,375,1,8.88,3960
3580,10.99,750.0,750,1,8.08,3960
3583,22.99,1750.0,1750,1,13.23,3960
3584,16.99,750.0,750,1,12.49,17035
3591,16.99,750.0,750,1,13.48,17035
3593,26.99,1750.0,1750,1,21.42,3960
3595,15.99,750.0,750,1,12.02,3960
3597,8.99,750.0,750,1,6.51,9206
3601,36.99,750.0,750,1,26.61,7239
3606,0.99,50.0,50,1,0.74,3960
3607,0.99,50.0,50,1,0.72,3960
3608,0.99,50.0,50,1,0.72,3960
3609,0.99,50.0,50,1,0.74,3960
3610,10.99,750.0,750,1,8.26,3960
3612,9.99,1750.0,1750,1,6.81,8004
3614,19.99,1750.0,1750,1,15.99,1128
3615,18.99,750.0,750,1,11.02,480
3617,21.99,750.0,750,1,15.82,17035
3618,10.99,750.0,750,1,7.29,12546
3620,39.99,750.0,750,1,31.99,17035
3622,19.99,750.0,750,1,14.45,10050
3625,16.99,750.0,750,1,12.59,17035
3626,12.99,750.0,750,1,10.39,12546
3627,13.99,375.0,375,1,9.37,17035
3629,25.99,750.0,750,1,20.63,17031
3630,24.99,1750.0,1750,1,19.83,8664
3636,7.49,375.0,375,1,5.03,8004
3637,5.29,750.0,750,1,3.89,9552
3640,22.99,750.0,750,1,16.54,8112
3643,12.49,1750.0,1750,1,7.71,9552
3648,8.99,750.0,750,1,6.05,9206
3650,48.99,750.0,750,1,33.81,9165
3651,3.99,50.0,50,1,2.93,8112
3652,47.99,1750.0,1750,1,37.79,3960
3654,53.99,750.0,750,1,39.39,9165
3656,24.99,1750.0,1750,1,19.99,8664
3658,58.99,750.0,750,1,41.9,9165
3663,13.99,750.0,750,1,10.76,5992
3667,17.99,1750.0,1750,1,13.13,1485
3668,42.99,1750.0,1750,1,34.12,8112
3672,11.99,750.0,750,1,8.26,3960
3677,11.99,750.0,750,1,8.59,3960
3679,19.99,750.0,750,1,14.49,6213
3680,24.99,1750.0,1750,1,18.93,8664
3682,22.99,750.0,750,1,16.66,8112
3683,16.99,750.0,750,1,13.17,8664
3684,9.99,1750.0,1750,1,7.68,660
3687,5.99,750.0,750,1,3.84,660
3688,5.99,1750.0,1750,1,3.56,8004
3689,16.99,750.0,750,1,12.77,8664
3690,29.99,750.0,750,1,22.39,3960
3693,10.99,750.0,750,1,8.72,3960
3694,16.99,750.0,750,1,13.48,8664
3695,11.99,750.0,750,1,7.68,8004
3696,10.49,1750.0,1750,1,7.6,12546
3699,39.99,1750.0,1750,1,31.0,6213
3701,0.99,50.0,50,1,0.79,9206
3704,24.99,750.0,750,1,18.37,3960
3706,16.99,1750.0,1750,1,13.07,12546
3707,0.99,50.0,50,1,0.74,3960
3716,29.99,750.0,750,1,21.42,1128
3719,10.99,750.0,750,1,7.36,3960
3722,14.99,750.0,750,1,9.02,1128
3724,16.99,750.0,750,1,12.31,17035
3725,12.99,750.0,750,1,9.35,7245
3726,4.99,750.0,750,1,3.78,12546
3727,1.99,50.0,50,1,1.47,17035
3728,24.99,1750.0,1750,1,18.93,17035
3729,14.99,750.0,750,1,8.59,7245
3730,0.99,50.0,50,1,0.73,9206
3731,16.99,750.0,750,1,13.38,17035
3733,109.99,1750.0,1750,1,83.96,9165
3736,10.99,750.0,750,1,8.2,3960
3738,11.99,750.0,750,1,9.29,7245
3739,12.99,750.0,750,1,9.92,7245
3743,10.99,750.0,750,1,8.02,3960
3745,3.99,750.0,750,1,3.07,8004
3746,12.99,1750.0,1750,1,8.52,3960
3747,6.99,750.0,750,1,5.18,3960
3754,10.99,750.0,750,1,8.79,3960
3755,16.99,750.0,750,1,12.02,10050
3758,22.99,1750.0,1750,1,14.59,8004
3760,16.99,750.0,750,1,12.49,17035
3762,5.99,50.0,50,1,4.61,9165
3763,29.99,375.0,375,1,20.28,9165
3764,28.99,375.0,375,1,20.76,9165
3765,12.99,750.0,750,1,9.37,7245
3766,12.99,750.0,750,1,9.35,7245
3768,5.99,750.0,750,1,3.62,9552
3769,9.49,1750.0,1750,1,7.02,9552
3770,22.99,750.0,750,1,14.17,90037
3773,29.99,750.0,750,1,21.73,17031
3776,25.99,1750.0,1750,1,18.56,7245
3779,12.99,750.0,750,1,9.35,7245
3780,12.99,750.0,750,1,10.31,7245
3781,11.99,750.0,750,1,9.29,7245
3782,23.99,750.0,750,1,18.89,480
3784,11.99,750.0,750,1,7.29,8004
3785,12.99,750.0,750,1,6.98,1392
3787,16.99,750.0,750,1,11.8,7245
3788,27.99,375.0,375,1,19.99,9165
3790,45.99,750.0,750,1,35.65,3960
3791,10.99,375.0,375,1,6.56,7245
3792,99.99,750.0,750,1,71.42,7245
3793,17.99,1750.0,1750,1,11.8,8352
3794,36.99,750.0,750,1,27.77,11567
3797,16.99,1750.0,1750,1,12.77,12546
3800,53.99,750.0,750,1,42.85,3960
3802,18.99,1750.0,1750,1,13.43,7245
3804,12.99,750.0,750,1,7.63,1392
3808,12.99,750.0,750,1,9.55,7245
3809,12.99,750.0,750,1,7.19,1392
3811,16.99,750.0,750,1,12.68,17035
3815,27.99,750.0,750,1,21.53,28750
3818,29.99,750.0,750,1,21.73,11567
3820,22.99,1750.0,1750,1,13.33,3960
3821,10.99,750.0,750,1,8.2,3960
3826,19.99,1750.0,1750,1,15.74,11567
3827,12.99,1750.0,1750,1,9.28,3960
3830,23.99,750.0,750,1,18.45,480
3834,12.99,750.0,750,1,10.23,11567
3835,10.99,750.0,750,1,8.2,3960
3836,10.99,750.0,750,1,7.91,3960
3837,0.99,50.0,50,1,0.72,11567
3840,22.99,1750.0,1750,1,14.39,3960
3847,3.79,50.0,50,1,2.81,480
3851,15.99,375.0,375,1,12.02,480
3857,49.99,1750.0,1750,1,38.27,480
3858,23.99,750.0,750,1,17.77,480
3859,8.99,375.0,375,1,6.81,3960
3863,24.99,1750.0,1750,1,15.5,3924
3870,36.99,750.0,750,1,28.02,3664
3871,10.99,750.0,750,1,8.2,3960
3876,19.99,1750.0,1750,1,13.95,3960
3877,10.99,750.0,750,1,8.65,3960
3878,10.99,750.0,750,1,7.96,3960
3879,12.99,750.0,750,1,7.91,3960
3881,16.99,750.0,750,1,13.17,1128
3882,10.99,750.0,750,1,8.79,3960
3883,20.99,750.0,750,1,15.43,12546
3884,34.99,750.0,750,1,25.92,7153
3887,10.99,1750.0,1750,1,8.65,8352
3889,6.49,750.0,750,1,3.7,8352
3890,16.99,750.0,750,1,12.59,17035
3892,3.99,750.0,750,1,2.18,9552
3893,9.99,1750.0,1750,1,7.93,9552
3894,13.49,1750.0,1750,1,9.08,9552
3896,3.29,375.0,375,1,2.63,9552
3899,2.99,375.0,375,1,2.2,8004
3900,38.99,750.0,750,1,29.76,7153
3903,19.99,750.0,750,1,11.59,12546
3910,11.49,375.0,375,1,8.84,12546
3913,17.99,1750.0,1750,1,14.28,1392
3915,14.99,750.0,750,1,9.48,12546
3918,42.99,750.0,750,1,33.07,11567
3919,12.99,375.0,375,1,8.45,12546
3921,26.99,750.0,750,1,17.9,11567
3923,133.99,750.0,750,1,106.34,3960
3924,26.99,750.0,750,1,17.38,11567
3925,49.99,750.0,750,1,37.87,3960
3928,15.99,750.0,750,1,9.52,11567
3929,49.99,750.0,750,1,31.15,6785
3930,15.99,750.0,750,1,12.11,3924
3938,16.99,750.0,750,1,12.49,8664
3939,29.99,750.0,750,1,22.55,4425
3940,10.99,750.0,750,1,6.15,8352
3941,36.99,750.0,750,1,29.36,12546
3943,15.99,750.0,750,1,9.59,11567
3945,17.99,750.0,750,1,13.84,12546
3947,45.99,750.0,750,1,34.84,1128
3951,2.49,50.0,50,1,1.83,12546
3952,22.99,750.0,750,1,16.42,8112
3959,24.99,750.0,750,1,18.24,12546
3960,11.99,1750.0,1750,1,9.52,8004
3961,23.99,750.0,750,1,18.17,480
3962,21.99,1750.0,1750,1,11.93,4692
3967,15.99,750.0,750,1,11.76,3924
3969,18.49,750.0,750,1,14.67,7245
3970,9.29,750.0,750,1,6.78,660
3978,29.99,750.0,750,1,19.69,9165
3980,39.99,1750.0,1750,1,31.99,12546
3981,11.99,750.0,750,1,9.37,7245
3982,19.99,750.0,750,1,14.38,12546
3984,44.99,750.0,750,1,32.3,12546
3989,15.99,750.0,750,1,11.93,3924
3997,19.99,750.0,750,1,14.05,12546
3998,19.99,750.0,750,1,13.63,660
3999,21.99,750.0,750,1,15.93,12546
4010,59.99,750.0,750,1,45.11,10754
4018,39.99,750.0,750,1,26.46,9165
4020,28.99,750.0,750,1,15.9,9165
4025,1.79,50.0,50,1,1.37,480
4034,39.99,750.0,750,1,26.66,9165
4040,24.99,750.0,750,1,17.98,9165
4041,399.99,750.0,750,1,285.71,9165
4044,12.99,1750.0,1750,1,9.62,12546
4050,11.99,750.0,750,1,8.72,480
4054,14.99,375.0,375,1,9.41,9165
4062,7.99,0.0,250,1,5.83,1485
4064,12.99,1750.0,1750,1,9.41,12546
4066,21.99,1750.0,1750,1,12.85,480
4075,19.99,1750.0,1750,1,15.87,480
4089,22.99,1750.0,1750,1,14.59,3960
4091,27.99,750.0,750,1,21.7,7239
4101,11.99,750.0,750,1,6.97,9815
4103,14.99,750.0,750,1,11.19,3960
4105,6.99,0.0,50,1,5.07,9165
4113,0.99,50.0,50,1,0.74,3960
4130,10.99,375.0,375,1,6.81,7245
4131,27.99,750.0,750,1,21.87,8150
4135,0.99,50.0,50,1,0.78,3960
4141,0.99,50.0,50,1,0.71,11567
4145,19.99,1750.0,1750,1,12.68,98450
4148,22.99,750.0,750,1,12.3,10754
4149,1.49,50.0,50,1,1.16,3664
4150,11.99,750.0,750,1,8.63,3252
4152,5.99,750.0,750,1,3.75,9552
4153,11.99,1750.0,1750,1,9.59,9552
4157,0.99,50.0,50,1,0.72,3960
4174,29.99,1750.0,1750,1,21.59,7245
4176,10.99,750.0,750,1,8.02,3924
4178,10.99,375.0,375,1,7.46,1655
4179,19.99,1750.0,1750,1,15.14,480
4181,11.99,1750.0,1750,1,9.37,660
4187,17.99,750.0,750,1,12.85,7245
4190,24.99,750.0,750,1,19.52,4425
4194,12.99,1750.0,1750,1,9.48,12546
4195,10.99,750.0,750,1,8.65,12546
4196,11.99,750.0,750,1,7.46,480
4197,18.99,750.0,750,1,13.07,3664
4198,24.99,1750.0,1750,1,17.51,3664
4199,23.99,1750.0,1750,1,16.92,12546
4200,11.99,750.0,750,1,7.68,480
4201,12.99,1750.0,1750,1,9.55,12546
4204,11.99,750.0,750,1,7.74,480
4211,9.99,750.0,750,1,7.8,12546
4218,16.99,750.0,750,1,12.31,3664
4219,13.99,750.0,750,1,10.68,7153
4221,17.99,1750.0,1750,1,12.94,480
4222,11.99,750.0,750,1,7.99,480
4223,19.99,1750.0,1750,1,14.92,480
4224,14.99,750.0,750,1,11.44,1485
4225,24.99,1750.0,1750,1,18.37,1485
4226,13.99,750.0,750,1,7.68,480
4227,17.99,1750.0,1750,1,14.17,480
4228,19.99,750.0,750,1,14.7,480
4229,19.99,1750.0,1750,1,14.7,480
4230,34.99,750.0,750,1,25.92,4425
4234,11.99,750.0,750,1,7.99,480
4241,1.99,50.0,50,1,1.47,3960
4243,19.99,1750.0,1750,1,14.49,480
4245,11.99,750.0,750,1,7.93,480
4246,5.49,375.0,375,1,4.22,480
4247,11.99,750.0,750,1,7.99,480
4249,14.99,750.0,750,1,10.39,3960
4250,34.99,750.0,750,1,27.77,9165
4258,11.99,750.0,750,1,7.35,480
4259,9.99,1750.0,1750,1,7.74,480
4260,21.99,1750.0,1750,1,16.66,3960
4261,22.99,1750.0,1750,1,16.17,3960
4262,13.99,750.0,750,1,11.19,3960
4263,16.99,750.0,750,1,13.27,3960
4264,16.99,750.0,750,1,11.53,3960
4265,10.99,375.0,375,1,8.26,3960
4267,19.99,1750.0,1750,1,15.62,480
4268,22.99,750.0,750,1,18.25,3960
4269,11.99,1750.0,1750,1,9.22,12546
4270,19.99,750.0,750,1,12.97,2561
4272,27.99,750.0,750,1,20.43,653
4274,39.99,750.0,750,1,22.21,9165
4278,11.99,750.0,750,1,9.52,3960
4280,23.99,1750.0,1750,1,18.74,3960
4282,14.99,750.0,750,1,9.69,3960
4283,20.99,750.0,750,1,13.84,9165
4287,59.99,750.0,750,1,44.44,9165
4291,12.99,1750.0,1750,1,10.39,12546
4294,15.99,750.0,750,1,11.71,1485
4296,12.99,1750.0,1750,1,9.29,12546
4297,7.99,750.0,750,1,5.42,12546
4299,14.99,750.0,750,1,9.77,3960
4300,179.99,750.0,750,1,134.32,9165
4302,16.99,750.0,750,1,11.15,3664
4303,7.99,750.0,750,1,5.83,12546
4309,8.99,750.0,750,1,7.08,1392
4313,26.99,1750.0,1750,1,19.42,12546
4315,33.99,750.0,750,1,23.07,7153
4317,34.99,750.0,750,1,23.73,9165
4320,52.99,750.0,750,1,36.02,480
4326,33.99,750.0,750,1,22.38,7153
4327,19.99,750.0,750,1,14.81,3960
4330,25.99,1750.0,1750,1,20.79,3960
4334,34.99,750.0,750,1,25.54,1392
4343,8.99,750.0,750,1,6.47,12546
4345,19.99,750.0,750,1,15.62,3960
4346,13.49,1750.0,1750,1,8.39,660
4349,15.99,750.0,750,1,12.11,12546
4351,22.99,750.0,750,1,15.5,3960
4353,36.99,750.0,750,1,26.8,4425
4355,25.49,750.0,750,1,19.91,8150
4358,5.49,750.0,750,1,4.26,660
4359,13.49,1750.0,1750,1,7.71,660
4363,32.99,1750.0,1750,1,23.73,3960
4368,32.99,1750.0,1750,1,23.91,3960
4370,12.99,1750.0,1750,1,7.96,9552
4380,13.99,1750.0,1750,1,10.84,9552
4382,13.99,1750.0,1750,1,10.44,3924
4385,22.99,1750.0,1750,1,16.54,3960
4389,23.99,750.0,750,1,16.54,9552
4390,45.99,750.0,750,1,33.33,3960
4398,11.99,750.0,750,1,6.51,3960
4404,5.99,375.0,375,1,4.32,480
4410,9.99,750.0,750,1,7.93,12546
4411,9.99,750.0,750,1,7.24,1655
4412,17.99,750.0,750,1,13.63,8320
4413,1.99,50.0,50,1,1.44,6213
4414,9.99,750.0,750,1,7.93,12546
4416,9.99,750.0,750,1,7.68,12546
4422,12.49,1750.0,1750,1,8.57,9552
4424,11.99,1750.0,1750,1,8.39,8004
4429,22.99,1750.0,1750,1,17.31,3960
4431,14.99,750.0,750,1,11.1,9552
4437,30.99,1750.0,1750,1,23.48,7239
4438,9.99,750.0,750,1,7.35,12546
4447,25.99,750.0,750,1,20.63,9165
4450,24.99,750.0,750,1,18.51,480
4453,16.99,750.0,750,1,10.76,2000
4478,17.99,750.0,750,1,13.53,3960
4480,12.99,750.0,750,1,9.92,11567
4483,2.49,50.0,50,1,1.93,6213
4488,13.49,1750.0,1750,1,8.02,9552
4491,27.99,750.0,750,2,19.04,9165
4494,15.99,1750.0,1750,1,9.55,9552
4502,21.99,1750.0,1750,1,16.17,3252
4513,44.99,750.0,750,1,35.15,10754
4521,22.99,750.0,750,1,16.66,11567
4522,13.99,750.0,750,1,10.06,4848
4524,27.49,750.0,750,1,21.99,28750
4527,34.99,750.0,750,1,26.92,6213
4528,139.99,750.0,750,1,106.86,7239
4550,12.99,750.0,750,1,9.92,3252
4556,14.99,750.0,750,1,11.71,4425
4563,16.99,1750.0,1750,1,12.14,3924
4565,10.49,750.0,750,1,6.71,3924
4574,31.99,750.0,750,1,25.19,7239
4583,31.99,750.0,750,1,17.29,9165
4624,28.99,750.0,750,1,15.14,660
4625,139.99,750.0,750,1,111.99,12546
4626,24.49,750.0,750,1,11.19,660
4629,33.99,750.0,750,1,26.98,12546
4634,10.99,1750.0,1750,1,8.52,9552
4638,13.99,375.0,375,1,10.44,8112
4639,79.99,750.0,750,1,58.82,1485
4652,159.99,750.0,750,1,118.51,8112
4662,19.99,1750.0,1750,1,15.38,3960
4664,35.99,750.0,750,1,27.77,8112
4670,4.49,375.0,375,1,2.87,480
4673,69.99,1750.0,1750,1,46.66,8112
4677,44.99,750.0,750,1,34.61,12546
4678,24.99,750.0,750,1,16.78,12546
4679,13.49,375.0,375,1,8.63,12546
4682,34.99,750.0,750,1,26.92,12546
4683,3.79,50.0,50,1,2.96,8112
4685,31.99,750.0,750,1,20.92,8112
4686,54.99,1750.0,1750,1,42.96,12546
4689,45.99,750.0,750,1,33.33,8112
4698,21.99,750.0,750,2,10.38,7239
4701,16.99,750.0,750,1,12.68,1655
4702,25.99,750.0,750,1,16.66,7239
4722,34.99,750.0,750,1,27.77,7239
4724,20.99,750.0,750,1,16.79,9165
4732,94.99,1750.0,1750,1,69.76,7239
4736,2.99,100.0,100,1,2.14,3960
4737,10.99,750.0,750,1,7.91,7239
4748,23.99,750.0,750,1,16.66,9165
4762,6.99,750.0,750,1,5.03,8004
4764,23.99,750.0,750,1,14.81,3664
4767,26.99,1750.0,1750,1,19.28,1128
4779,26.99,750.0,750,1,21.59,4848
4783,11.99,1750.0,1750,1,8.88,660
4787,19.99,1750.0,1750,1,15.03,11567
4796,21.99,750.0,750,1,12.31,660
4798,1.99,50.0,50,1,1.54,3960
4804,16.99,750.0,750,1,12.14,6213
4806,14.99,1750.0,1750,1,11.71,12546
4815,25.99,750.0,750,1,13.5,12546
4817,9.99,750.0,750,1,7.8,11567
4818,9.99,750.0,750,1,7.51,11567
4829,11.99,1750.0,1750,1,9.59,660
4846,16.99,750.0,750,1,12.4,12546
4857,0.99,50.0,50,1,0.75,11567
4862,24.99,750.0,750,1,19.99,8112
4868,0.99,50.0,50,1,0.79,11567
4878,6.99,750.0,750,1,4.92,9552
4881,19.99,0.0,750,1,14.81,480
4882,8.49,750.0,750,1,4.7,8352
4889,14.99,1750.0,1750,1,9.59,9552
4896,17.99,1750.0,1750,1,14.05,17035
4897,4.49,50.0,50,1,3.28,7239
4898,39.99,750.0,750,1,29.84,7239
4899,20.99,750.0,750,1,14.28,9165
4903,3.99,200.0,200,1,2.87,480
4916,11.99,1750.0,1750,1,7.87,660
4921,26.99,750.0,750,1,15.87,9625
4932,7.99,750.0,750,1,4.5,8352
4938,8.99,750.0,750,1,7.02,8004
4939,17.99,1750.0,1750,1,11.59,8004
4945,9.49,750.0,750,1,7.47,4380
4989,24.99,750.0,750,1,16.66,17035
5027,12.99,750.0,750,1,7.51,660
5031,16.99,1750.0,1750,1,11.71,12546
5033,16.99,1000.0,1000,1,12.97,8004
5042,13.99,750.0,750,1,10.68,5992
5054,1.99,50.0,50,1,1.42,3089
5056,6.99,750.0,750,1,5.55,17035
5058,15.99,1750.0,1750,1,11.93,3960
5060,15.99,750.0,750,1,9.35,8004
5062,13.99,750.0,750,1,8.39,1128
5065,17.99,750.0,750,1,11.42,4425
5070,25.99,750.0,750,1,17.85,7153
5075,21.99,750.0,750,1,15.03,1128
5076,35.99,750.0,750,1,28.12,10754
5077,16.99,750.0,750,1,12.69,17035
5080,19.99,750.0,750,1,12.02,3924
5087,15.99,750.0,750,1,9.35,8004
5090,12.99,750.0,750,1,10.23,8004
5096,9.99,750.0,750,1,7.99,12546
5101,13.99,750.0,750,1,10.39,8004
5103,23.99,1750.0,1750,1,17.14,8004
5105,25.99,1750.0,1750,1,14.81,8004
5106,11.99,750.0,750,1,9.52,3960
5107,13.99,750.0,750,1,10.14,7239
5109,13.99,750.0,750,1,9.84,8004
5111,0.99,50.0,50,1,0.72,8004
5113,0.99,50.0,50,1,0.72,8004
5124,66.99,1750.0,1750,1,51.53,7239
5125,7.99,750.0,750,1,5.96,12546
5128,11.49,750.0,750,1,8.98,11567
5130,19.99,750.0,750,1,13.17,11567
5134,13.99,750.0,750,1,10.39,8004
5135,29.99,750.0,750,1,17.26,3664
5137,9.99,750.0,750,1,6.61,4380
5138,13.99,750.0,750,1,11.1,8004
5142,26.49,1750.0,1750,1,17.45,11567
5145,14.99,750.0,750,1,9.12,17035
5146,19.99,750.0,750,1,14.17,3924
5147,12.99,375.0,375,1,9.44,1485
5149,34.99,1750.0,1750,1,23.19,3924
5153,15.99,750.0,750,1,10.44,8004
5155,7.99,750.0,750,1,5.79,8352
5160,10.99,375.0,375,1,7.96,3924
5165,19.99,750.0,750,1,13.33,3924
5168,18.99,750.0,750,1,13.66,17035
5169,18.99,750.0,750,1,12.2,17035
5170,13.99,750.0,750,1,9.99,8004
5185,19.99,1750.0,1750,1,14.61,4380
5187,7.99,750.0,750,1,6.1,8352
5191,9.99,375.0,375,1,7.93,8004
5192,18.99,750.0,750,1,13.56,17035
5194,12.99,1750.0,1750,1,9.62,480
5195,10.99,750.0,750,1,4.72,9552
5197,8.99,375.0,375,1,5.75,1128
5202,13.99,750.0,750,1,10.31,8004
5212,19.99,1750.0,1750,1,15.38,8004
5215,12.99,1750.0,1750,1,9.41,4466
5218,13.99,750.0,750,1,10.68,8004
5219,17.99,750.0,750,1,13.23,3960
5220,10.49,750.0,750,1,5.79,3924
5221,11.99,375.0,375,1,8.59,6213
5228,8.99,750.0,750,1,7.02,12546
5230,12.99,1750.0,1750,1,9.92,480
5232,16.99,1750.0,1750,1,10.71,12546
5233,18.99,375.0,375,1,14.5,7239
5242,29.99,750.0,750,1,22.05,7239
5246,12.99,1750.0,1750,1,9.77,480
5250,9.99,750.0,750,1,7.14,12546
5251,0.99,50.0,50,1,0.72,12546
5253,15.99,1750.0,1750,1,11.84,17035
5254,9.99,750.0,750,1,7.35,12546
5255,12.99,1750.0,1750,1,9.35,4466
5259,16.99,750.0,750,1,13.38,6213
5270,1.99,50.0,50,1,1.55,1128
5273,9.99,375.0,375,1,6.34,1128
5277,7.99,750.0,750,1,6.05,8352
5283,14.99,750.0,750,1,11.8,6213
5285,8.29,750.0,750,1,6.24,4380
5292,17.99,750.0,750,1,13.13,3960
5295,14.99,750.0,750,1,10.71,6213
5296,28.99,1750.0,1750,1,21.01,1128
5297,13.99,750.0,750,1,10.76,1128
5298,16.99,750.0,750,1,12.77,1128
5299,21.99,1750.0,1750,1,15.26,1128
5311,31.99,1750.0,1750,1,23.7,2555
5312,21.99,750.0,750,1,14.7,2555
5315,28.99,750.0,750,1,19.22,480
5316,2.29,50.0,50,1,1.83,2555
5317,3.29,50.0,50,1,2.46,480
5318,28.99,750.0,750,1,18.65,480
5325,21.99,750.0,750,1,12.94,12546
5330,15.99,1750.0,1750,1,11.42,17035
5333,12.99,1750.0,1750,1,8.65,9552
5334,22.99,750.0,750,1,17.82,17035
5337,27.99,750.0,750,1,20.6,3664
5339,3.29,50.0,50,1,2.35,3664
5342,28.99,750.0,750,1,19.85,8112
5346,49.99,750.0,750,1,36.22,9744
5348,11.99,750.0,750,1,7.85,8352
5353,18.99,375.0,375,1,12.77,8112
5356,9.99,375.0,375,1,7.14,17035
5358,25.99,750.0,750,1,18.83,11567
5359,21.99,750.0,750,1,14.28,9165
5364,29.99,1750.0,1750,1,23.07,17035
5365,18.99,750.0,750,1,14.84,17035
5367,9.99,750.0,750,1,5.83,660
5368,19.49,750.0,750,1,15.23,12546
5371,0.99,50.0,50,1,0.79,8004
5373,10.99,750.0,750,1,7.47,3252
5375,18.99,750.0,750,1,14.72,4425
5378,25.99,750.0,750,1,20.15,6213
5381,0.99,50.0,50,1,0.73,3252
5382,13.99,750.0,750,1,9.44,8004
5391,15.99,1750.0,1750,1,12.02,12546
5392,17.99,750.0,750,1,13.63,3960
5394,10.99,375.0,375,1,8.72,3960
5396,19.99,750.0,750,1,12.14,4692
5399,1.99,50.0,50,1,1.45,3960
5401,5.99,200.0,200,1,4.64,3089
5403,8.99,750.0,750,1,5.92,660
5404,5.49,375.0,375,1,4.32,3252
5410,9.99,750.0,750,1,6.15,660
5415,13.99,1750.0,1750,1,8.45,660
5434,13.99,750.0,750,1,8.64,1128
5438,9.99,750.0,750,1,7.51,3960
5440,34.99,1750.0,1750,1,25.92,3089
5444,19.99,1750.0,1750,1,14.49,3252
5445,15.99,750.0,750,1,11.76,3089
5447,9.99,375.0,375,1,7.63,3089
5452,11.99,750.0,750,1,8.88,4425
5457,1.99,50.0,50,1,1.54,12546
5458,15.99,750.0,750,1,12.79,12546
5462,21.99,750.0,750,1,14.7,6355
5468,59.99,750.0,750,1,45.11,9165
5480,10.99,750.0,750,1,7.85,3252
5489,9.99,750.0,750,1,7.57,12546
5490,0.99,50.0,50,1,0.76,12546
5491,1.99,50.0,50,1,1.46,3960
5502,0.99,50.0,50,1,0.77,6213
5505,18.99,750.0,750,1,14.5,1485
5507,7.99,750.0,750,1,4.54,8352
5525,24.99,750.0,750,1,18.24,9165
5529,9.99,750.0,750,1,5.14,480
5536,1.49,50.0,50,1,1.15,8352
5539,12.99,750.0,750,1,8.39,12546
5549,34.99,750.0,750,1,25.36,9165
5560,15.99,1750.0,1750,1,12.79,480
5587,17.99,1750.0,1750,1,13.17,7245
5597,10.99,750.0,750,1,7.63,12546
5616,19.99,1750.0,1750,1,15.38,3960
5626,9.99,750.0,750,1,7.35,8004
5627,16.99,375.0,375,1,13.38,17031
5628,9.99,750.0,750,1,7.24,8004
5630,17.99,750.0,750,1,14.17,3960
5633,14.99,375.0,375,1,11.62,17031
5641,14.99,375.0,375,1,11.1,17031
5655,15.99,1750.0,1750,1,8.79,7245
5656,1.49,50.0,50,1,1.16,3960
5661,13.99,750.0,750,1,10.31,8004
5662,9.99,750.0,750,1,7.19,12546
5667,9.99,750.0,750,1,7.4,12546
5668,13.99,750.0,750,1,9.69,8004
5669,16.99,750.0,750,1,13.38,1655
5676,1.99,50.0,50,1,1.42,7153
5678,12.99,750.0,750,1,6.93,12546
5680,1.99,50.0,50,1,1.46,6355
5681,29.99,750.0,750,1,23.8,17031
5689,19.99,750.0,750,1,14.84,4425
5694,9.99,1750.0,1750,1,7.74,8004
5702,29.99,750.0,750,1,21.89,3664
5705,19.99,750.0,750,1,15.99,6785
5706,28.99,750.0,750,1,20.6,8112
5707,32.99,750.0,750,1,21.42,3664
5713,14.99,1750.0,1750,1,11.19,12546
5714,9.99,0.0,200,1,7.14,7245
5725,10.99,750.0,750,1,7.4,12546
5731,11.99,750.0,750,1,9.02,17035
5734,21.99,1750.0,1750,1,15.82,17035
5735,11.99,750.0,750,1,9.29,17035
5737,16.99,750.0,750,1,13.38,6213
5739,1.99,50.0,50,1,1.53,17035
5740,19.99,750.0,750,1,14.05,9165
5741,12.99,750.0,750,1,9.77,7153
5747,11.99,750.0,750,1,8.88,17035
5750,11.99,750.0,750,1,8.69,17035
5758,19.99,1750.0,1750,1,13.33,7245
5759,11.99,750.0,750,1,9.44,17035
5760,1.99,50.0,50,1,1.51,8112
5765,13.99,1750.0,1750,1,10.36,7245
5767,13.99,1750.0,1750,1,10.36,7245
5771,32.99,750.0,750,1,22.38,3664
5773,19.99,750.0,750,1,15.26,17035
5776,21.99,1750.0,1750,1,16.29,17035
5780,14.99,750.0,750,1,10.44,17035
5789,19.99,750.0,750,1,12.58,7153
5805,13.99,1750.0,1750,1,11.1,7245
5808,52.99,750.0,750,1,38.12,6785
5810,13.99,1750.0,1750,1,10.6,7245
5815,23.99,750.0,750,1,15.71,3960
5817,29.99,1750.0,1750,1,22.89,8004
5818,0.99,50.0,50,1,0.78,7153
5826,8.99,750.0,750,1,6.86,12546
5828,8.99,750.0,750,1,6.61,8004
5831,6.99,200.0,200,1,5.34,2555
5833,64.99,750.0,750,1,50.77,9165
5847,23.99,750.0,750,1,17.31,3960
5849,16.99,750.0,750,1,12.4,8004
5855,18.99,750.0,750,1,14.61,17035
5872,2.99,50.0,50,1,2.32,3960
5873,16.99,1750.0,1750,1,12.77,17035
5875,16.99,1750.0,1750,1,12.22,17035
5877,0.99,50.0,50,1,0.62,8004
5890,23.99,750.0,750,1,16.66,3960
5891,15.99,1750.0,1750,1,11.84,8004
5897,12.99,750.0,750,1,7.46,660
5911,33.99,750.0,750,1,19.08,4425
5921,21.99,750.0,750,1,14.81,6213
5925,17.99,750.0,750,1,14.05,3960
5952,1.99,50.0,50,1,1.42,3089
5962,23.99,750.0,750,1,17.26,9165
5977,22.99,750.0,750,1,16.42,6213
5983,26.99,750.0,750,1,21.42,17031
6081,1.99,50.0,50,1,1.46,7153
6096,16.99,750.0,750,1,12.77,7153
6105,18.99,750.0,750,1,14.84,9165
6115,18.99,750.0,750,1,14.07,9165
6116,24.99,750.0,750,1,18.65,9165
6126,28.99,750.0,750,1,18.11,9165
6136,22.99,750.0,750,1,17.16,4848
6145,8.99,1500.0,1500,2,5.19,1392
6150,18.99,750.0,750,1,13.56,9165
6162,21.99,750.0,750,2,14.19,4692
6173,7.99,1500.0,1500,2,5.51,3252
6174,9.99,750.0,750,2,5.8,8673
6181,10.99,3000.0,3000,2,7.14,1392
6183,8.99,750.0,750,2,5.99,1392
6193,18.99,750.0,750,1,13.23,9165
6195,27.99,1500.0,1500,2,19.04,1128
6206,12.99,375.0,375,1,8.02,9165
6213,7.99,1500.0,1500,2,5.51,1392
6216,7.99,1500.0,1500,2,5.4,1392
6224,16.99,750.0,750,1,12.22,8004
6225,3.99,50.0,50,1,2.98,480
6226,8.99,1500.0,1500,2,5.15,1392
6227,24.99,750.0,750,1,18.39,6785
6231,14.99,750.0,750,2,10.27,17035
6234,7.99,1500.0,1500,2,4.54,516
6236,10.99,750.0,750,2,6.49,4425
6249,11.99,750.0,750,2,7.84,4425
6256,9.99,1500.0,1500,2,5.2,8892
6264,6.99,750.0,750,2,4.79,1392
6267,15.99,750.0,750,1,12.3,7153
6269,9.99,1500.0,1500,2,5.37,8892
6270,0.99,50.0,50,1,0.77,3960
6273,9.99,1500.0,1500,2,4.66,1392
6278,12.99,750.0,750,2,7.55,1590
6281,14.99,5000.0,5000,2,8.96,9815
6285,9.99,1500.0,1500,2,6.62,3252
6288,16.99,5000.0,5000,2,10.06,9815
6293,9.99,750.0,750,2,5.91,9165
6296,7.79,1500.0,1500,2,5.34,1392
6312,9.99,1500.0,1500,2,6.75,3252
6319,11.99,750.0,750,2,6.72,8673
6329,8.99,1500.0,1500,2,6.2,1392
6344,11.99,1500.0,1500,2,6.62,516
6349,6.99,1500.0,1500,2,4.63,9815
6351,17.99,750.0,750,2,11.18,10000
6356,7.79,1500.0,1500,2,5.16,1392
6358,12.99,750.0,750,2,8.55,8673
6385,12.99,1500.0,1500,2,6.88,9165
6396,7.79,1500.0,1500,2,5.12,1392
6398,8.99,750.0,750,2,5.91,1590
6402,41.99,750.0,750,1,29.62,17035
6420,7.99,750.0,750,2,3.18,1392
6429,8.99,1500.0,1500,2,5.8,516
6432,0.99,50.0,50,2,0.64,3960
6433,54.99,750.0,750,1,39.05,17035
6448,9.49,750.0,750,2,6.03,3924
6451,8.99,750.0,750,2,6.03,8673
6455,14.99,1500.0,1500,2,6.09,9744
6459,10.99,750.0,750,2,7.53,4425
6477,9.99,0.0,50,1,7.8,17035
6478,8.99,1500.0,1500,2,4.72,516
6479,8.99,750.0,750,2,5.95,1392
6495,13.99,750.0,750,1,11.02,8352
6498,14.99,5000.0,5000,2,9.73,9815
6499,17.99,750.0,750,1,12.68,7153
6524,6.99,750.0,750,2,4.57,4425
6529,34.99,750.0,750,2,23.17,3252
6530,7.99,750.0,750,2,5.33,9819
6535,12.99,750.0,750,2,7.14,17035
6542,8.99,750.0,750,2,3.71,9744
6552,20.99,1500.0,1500,2,13.99,12546
6553,13.99,750.0,750,2,7.74,12546
6563,6.99,750.0,750,2,4.54,9819
6565,10.99,750.0,750,2,5.99,1392
6566,9.99,750.0,750,2,5.84,2000
6567,10.99,750.0,750,2,6.12,1392
6569,19.99,750.0,750,2,12.98,3252
6570,10.99,750.0,750,2,6.77,10000
6572,17.99,750.0,750,2,11.76,6785
6574,14.99,5000.0,5000,2,9.99,9815
6575,9.99,750.0,750,2,5.84,10000
6579,8.99,750.0,750,2,5.8,4425
6581,12.99,750.0,750,2,7.86,8673
6585,7.99,750.0,750,2,5.15,6213
6586,10.99,1500.0,1500,2,6.7,6785
6590,16.99,5000.0,5000,2,9.8,9815
6593,11.99,750.0,750,2,7.84,3252
6595,6.95,750.0,750,2,4.48,4425
6596,11.99,750.0,750,2,5.97,17035
6599,12.99,750.0,750,2,5.78,1392
6624,55.99,750.0,750,2,33.11,2000
6638,24.99,1500.0,1500,2,16.23,480
6647,8.99,750.0,750,2,4.99,1392
6649,11.99,750.0,750,2,7.87,2000
6650,14.99,750.0,750,2,7.38,1392
6651,12.99,750.0,750,2,7.79,6785
6654,39.99,750.0,750,2,27.2,8112
6658,15.99,750.0,750,2,11.03,6785
6659,8.99,750.0,750,2,5.95,4425
6660,14.99,4000.0,4000,2,10.27,3252
6670,9.99,750.0,750,1,7.24,12546
6682,8.99,1500.0,1500,2,6.03,1392
6688,9.99,750.0,750,2,5.81,9819
6692,11.99,750.0,750,2,6.68,9744
6694,7.99,750.0,750,2,5.19,4425
6721,15.99,1500.0,1500,2,10.95,9552
6725,14.99,5000.0,5000,2,8.44,9815
6727,18.99,750.0,750,2,10.36,8673
6742,18.99,750.0,750,2,12.49,4425
6743,11.99,750.0,750,2,6.53,8673
6755,14.99,5000.0,5000,2,10.34,3252
6824,14.99,750.0,750,2,10.27,10000
6828,10.99,750.0,750,2,6.62,6785
6854,14.99,4000.0,4000,2,9.86,3252
6855,18.99,750.0,750,1,15.19,9165
6857,9.99,1500.0,1500,2,5.37,8892
6859,8.99,1500.0,1500,2,4.69,516
6861,5.99,0.0,187,2,4.13,8892
6864,13.99,750.0,750,2,5.51,4692
6867,19.99,750.0,750,2,12.74,4425
6873,14.99,750.0,750,2,9.2,4425
6876,5.99,0.0,187,2,3.97,8892
6881,18.99,750.0,750,1,13.86,9165
6896,17.99,750.0,750,2,10.1,1590
6918,15.99,5000.0,5000,2,10.95,9815
6932,5.99,750.0,750,2,3.99,6785
6933,8.99,750.0,750,2,5.26,8673
6937,9.99,1500.0,1500,2,6.75,6785
6938,9.99,1500.0,1500,2,4.69,1392
6942,13.99,750.0,750,2,7.46,1128
6946,6.99,750.0,750,2,4.79,4425
6950,31.99,750.0,750,1,23.52,3664
6957,18.99,750.0,750,1,10.76,10754
6958,9.99,1500.0,1500,2,5.33,1392
6960,6.99,750.0,750,2,4.6,1392
6967,19.99,750.0,750,2,11.89,4425
6975,7.99,750.0,750,2,4.79,17035
6976,18.99,750.0,750,2,12.74,1392
6980,18.99,750.0,750,1,13.96,9165
6983,11.99,750.0,750,2,8.27,4425
6984,16.99,750.0,750,2,10.96,10000
6986,9.99,750.0,750,2,6.45,4425
6987,11.99,750.0,750,2,6.7,4425
7127,49.99,750.0,750,2,30.82,9165
7159,6.99,750.0,750,2,4.72,1392
7198,9.99,750.0,750,1,7.4,3252
7202,11.99,750.0,750,1,8.33,3960
7211,11.99,750.0,750,1,8.45,3960
7221,10.49,1500.0,1500,2,6.86,480
7224,15.99,750.0,750,1,11.59,3089
7254,7.99,750.0,750,2,5.36,1392
7261,5.49,750.0,750,2,3.61,3252
7262,5.49,750.0,750,2,3.59,3252
7271,6.99,1750.0,1750,1,5.18,2396
7279,8.99,1500.0,1500,2,4.63,8352
7282,9.99,750.0,750,2,6.12,9552
7293,8.99,1750.0,1750,1,5.96,660
7302,10.99,750.0,750,2,6.42,1587
7320,16.99,1750.0,1750,1,13.17,17035
7321,16.99,1750.0,1750,1,12.77,17035
7340,19.99,750.0,750,1,14.72,3252
7341,0.99,50.0,50,1,0.75,3960
7344,12.99,375.0,375,1,7.74,3252
7345,13.99,750.0,750,2,6.75,480
7353,19.99,1750.0,1750,1,12.02,7245
7358,19.99,750.0,750,1,14.17,3252
7361,12.99,1500.0,1500,2,8.6,516
7374,8.99,750.0,750,1,6.86,3252
7404,0.99,50.0,50,1,0.77,3252
7413,8.99,1500.0,1500,2,5.19,1392
7423,8.99,1500.0,1500,2,5.47,1392
7507,14.99,1750.0,1750,1,11.1,7245
7535,5.99,750.0,750,1,4.44,8320
7590,16.99,750.0,750,1,13.27,8664
7629,19.99,750.0,750,1,15.26,6355
7715,5.99,750.0,750,2,3.01,3252
7716,5.99,750.0,750,2,3.79,3252
7725,8.99,750.0,750,2,6.07,9165
7728,8.99,750.0,750,2,6.07,9165
7780,45.99,750.0,750,1,34.58,1128
7788,12.99,750.0,750,1,7.96,3960
7792,45.99,750.0,750,1,35.93,1128
7838,12.99,750.0,750,1,8.45,3960
7851,0.99,50.0,50,1,0.79,3960
7860,5.99,750.0,750,2,4.07,8892
7865,34.99,750.0,750,2,23.97,8112
7868,38.99,750.0,750,2,23.02,17035
7872,37.99,750.0,750,2,25.5,4425
7878,15.99,1750.0,1750,1,9.99,9552
7891,49.99,750.0,750,1,35.96,3960
7902,0.99,50.0,50,1,0.72,3960
7909,54.99,750.0,750,1,42.96,3960
7969,15.99,750.0,750,2,9.03,17035
7977,10.49,1500.0,1500,1,7.49,480
7978,7.49,750.0,750,1,3.95,480
7982,7.49,750.0,750,1,3.95,480
7985,9.99,1000.0,1000,1,7.46,480
7986,29.99,750.0,750,1,22.38,9165
7990,9.99,1000.0,1000,1,7.68,480
7991,9.99,1500.0,1500,1,7.24,8352
7992,6.99,50.0,50,1,5.55,9165
7993,6.49,750.0,750,1,4.88,8352
7994,9.99,1500.0,1500,1,7.93,8352
7995,6.49,50.0,50,1,4.95,9165
7996,6.49,750.0,750,2,4.48,8352
8000,67.99,1750.0,1750,1,53.96,17035
8016,6.99,750.0,750,2,4.79,1587
8018,6.99,750.0,750,2,4.6,1587
8021,39.99,750.0,750,1,31.49,3664
8023,4.99,750.0,750,1,3.28,12546
8027,1.99,50.0,50,1,1.55,17035
8032,7.99,750.0,750,2,5.26,3252
8033,2.99,50.0,50,1,2.3,1128
8040,7.99,750.0,750,1,6.01,6213
8050,16.99,750.0,750,1,12.77,17035
8053,0.99,50.0,50,1,0.75,3960
8057,24.99,750.0,750,1,18.37,8004
8059,29.99,750.0,750,1,21.73,8004
8064,0.99,50.0,50,1,0.76,12546
8066,8.99,1750.0,1750,1,7.13,12546
8068,24.99,1750.0,1750,1,18.24,17035
8072,44.99,750.0,750,2,24.99,4692
8075,9.99,1500.0,1500,2,6.75,3252
8077,9.99,1500.0,1500,2,6.84,3252
8078,19.99,375.0,375,1,14.59,3664
8082,33.99,1750.0,1750,1,21.73,3960
8085,35.99,1750.0,1750,1,25.59,11567
8092,2.29,50.0,50,1,1.7,3960
8096,1.99,50.0,50,1,1.54,17035
8097,13.99,375.0,375,1,9.44,9165
8101,1.99,50.0,50,1,1.47,3960
8102,24.99,1750.0,1750,1,18.65,17035
8103,0.99,50.0,50,1,0.77,12546
8107,36.99,1750.0,1750,1,26.71,11567
8110,8.99,1500.0,1500,1,6.56,9815
8111,0.99,50.0,50,1,0.77,3960
8112,24.99,1750.0,1750,1,19.52,8664
8113,17.99,750.0,750,2,11.1,1392
8118,6.99,750.0,750,1,4.54,660
8119,12.99,750.0,750,1,10.39,12546
8120,8.99,1500.0,1500,1,7.08,9815
8123,9.99,750.0,750,2,6.53,1392
8124,9.99,750.0,750,2,6.75,1392
8128,34.99,750.0,750,1,21.73,11567
8130,1.29,50.0,50,1,0.93,480
8131,17.99,750.0,750,2,10.38,17035
8135,10.99,750.0,750,1,8.45,9552
8143,40.49,750.0,750,2,23.02,17035
8144,29.99,750.0,750,1,22.38,9165
8149,17.99,750.0,750,2,11.25,4425
8152,9.99,750.0,750,1,7.24,12546
8154,21.99,750.0,750,1,16.05,480
8155,4.49,375.0,375,1,3.28,1392
8159,25.99,1750.0,1750,1,19.69,7245
8166,19.99,750.0,750,1,15.14,7239
8170,2.99,50.0,50,1,2.17,12546
8171,0.99,50.0,50,1,0.71,12546
8172,0.99,50.0,50,1,0.71,12546
8173,17.99,750.0,750,1,14.28,9165
8178,25.99,750.0,750,1,18.51,3960
8184,1.99,50.0,50,1,1.55,17035
8187,18.99,750.0,750,1,13.17,11567
8189,31.99,1750.0,1750,1,25.59,3252
8191,18.49,1500.0,1500,1,14.45,4380
8200,2.99,50.0,50,1,2.18,1128
8202,17.99,750.0,750,1,13.33,3960
8203,1.99,50.0,50,1,1.51,8112
8205,1.99,50.0,50,1,1.53,11567
8212,24.99,375.0,375,1,16.66,2450
8214,9.99,750.0,750,1,7.4,3252
8218,31.99,1750.0,1750,1,23.87,3252
8221,79.99,750.0,750,1,63.99,9552
8223,13.99,750.0,750,1,10.36,8112
8231,14.99,1500.0,1500,1,9.02,9744
8232,8.99,1500.0,1500,2,6.24,516
8236,1.49,50.0,50,1,1.07,12546
8237,99.99,750.0,750,1,74.62,9552
8242,14.99,1500.0,1500,2,7.99,9744
8246,8.99,750.0,750,2,6.12,1590
8252,20.49,750.0,750,1,16.01,7154
8258,27.99,750.0,750,1,21.05,11567
8262,21.99,750.0,750,1,15.82,9165
8264,8.99,750.0,750,2,5.37,8673
8265,9.99,750.0,750,2,6.89,7240
8267,23.99,750.0,750,1,18.45,7154
8273,27.99,750.0,750,1,17.05,8352
8275,28.99,750.0,750,1,20.71,8352
8280,12.99,750.0,750,2,8.9,7239
8288,11.99,750.0,750,2,7.94,1128
8296,31.99,750.0,750,1,21.7,12546
8298,9.99,750.0,750,1,7.8,12546
8312,7.99,750.0,750,1,5.71,6213
8322,10.99,1750.0,1750,1,6.24,660
8329,7.99,750.0,750,2,4.68,1392
8337,15.99,750.0,750,1,12.4,7153
8338,21.99,375.0,375,1,14.49,17035
8339,42.99,750.0,750,1,30.21,17035
8342,11.99,750.0,750,2,8.21,1128
8345,7.99,750.0,750,2,3.37,1392
8346,14.99,750.0,750,2,9.93,8320
8351,10.99,750.0,750,1,8.26,8352
8358,19.99,750.0,750,1,14.49,480
8361,14.99,4000.0,4000,2,10.06,3252
8368,1.99,100.0,100,1,1.51,480
8369,32.99,750.0,750,1,24.26,17035
8370,8.99,1750.0,1750,1,5.71,660
8379,9.99,375.0,375,1,7.63,11567
8386,13.49,750.0,750,1,9.85,6785
8387,21.99,750.0,750,1,17.45,11567
8393,49.99,750.0,750,1,34.81,6213
8395,54.99,750.0,750,1,37.31,6213
8398,46.99,750.0,750,1,33.33,6213
8402,19.99,750.0,750,1,14.92,10050
8408,29.99,1750.0,1750,1,22.21,11567
8409,8.29,1500.0,1500,2,5.38,3924
8412,49.99,750.0,750,1,35.71,105
8413,17.99,750.0,750,1,14.28,9552
8419,6.99,100.0,100,1,5.3,105
8420,42.99,1750.0,1750,1,31.0,11567
8421,4.99,750.0,750,2,3.37,9819
8424,21.99,750.0,750,1,16.29,7245
8434,27.99,750.0,750,1,20.43,7245
8438,0.99,50.0,50,1,0.72,3960
8441,12.49,375.0,375,1,8.92,3960
8442,14.49,375.0,375,1,9.32,7245
8444,23.99,750.0,750,1,17.38,8892
8448,10.99,750.0,750,1,7.51,12546
8450,18.99,1750.0,1750,1,13.86,3252
8451,16.99,1750.0,1750,1,12.59,12546
8452,16.99,1750.0,1750,1,12.68,12546
8454,32.99,750.0,750,1,24.8,8892
8455,16.99,750.0,750,2,10.88,1392
8458,39.99,750.0,750,1,26.27,10754
8460,15.99,750.0,750,1,12.49,4425
8462,24.99,750.0,750,1,15.82,11567
8464,15.99,750.0,750,2,10.66,6785
8467,0.99,50.0,50,1,0.73,3960
8469,21.99,750.0,750,1,16.29,7245
8470,2.79,50.0,50,1,2.08,7245
8472,20.99,750.0,750,1,14.99,7245
8473,41.99,1750.0,1750,1,24.44,7245
8474,41.99,1750.0,1750,1,24.62,7245
8476,14.49,375.0,375,1,8.98,7245
8480,14.99,1750.0,1750,1,11.19,3664
8482,19.99,750.0,750,1,14.28,9165
8485,18.99,750.0,750,1,13.23,1485
8491,19.99,750.0,750,1,14.92,4425
8495,0.99,50.0,50,1,0.71,3960
8497,9.99,750.0,750,1,7.51,12546
8498,8.99,1500.0,1500,2,5.84,1392
8500,9.99,750.0,750,1,6.28,8664
8504,8.99,1500.0,1500,2,5.84,1392
8506,29.99,1750.0,1750,1,21.42,3960
8512,19.99,750.0,750,1,14.72,3960
8513,10.99,0.0,100,1,6.56,3960
8515,19.99,750.0,750,1,14.61,3960
8517,19.99,750.0,750,1,13.86,3960
8520,15.99,1750.0,1750,1,12.3,1485
8523,4.99,750.0,750,2,3.22,9815
8526,27.99,750.0,750,1,20.43,1128
8534,5.99,375.0,375,2,4.02,480
8537,13.99,750.0,750,2,9.39,8112
8543,19.99,750.0,750,1,14.81,98450
8558,17.99,750.0,750,1,10.39,6785
8562,16.99,1750.0,1750,1,11.44,12546
8563,10.99,1750.0,1750,1,8.72,660
8565,9.99,750.0,750,1,7.87,12546
8570,10.99,1750.0,1750,2,7.09,660
8576,4.99,375.0,375,1,3.67,3252
8579,10.99,1750.0,1750,1,6.01,660
8590,7.99,750.0,750,1,5.07,8352
8599,7.99,750.0,750,1,4.44,9552
8609,9.99,750.0,750,2,7.63,4425
8612,67.99,1750.0,1750,1,45.79,8112
8617,11.99,750.0,750,1,7.19,480
8619,6.99,375.0,375,1,4.4,12546
8620,11.99,375.0,375,1,8.75,3960
8621,6.29,750.0,750,1,4.59,8920
8622,145.99,750.0,750,2,87.09,8112
8623,2.99,50.0,50,1,2.34,6213
8626,15.99,1750.0,1750,1,11.67,8352
8627,9.99,750.0,750,2,5.47,4692
8628,11.99,750.0,750,2,5.95,4692
8637,18.99,750.0,750,1,13.48,7239
8652,50.99,750.0,750,1,39.84,6213
8653,5.29,375.0,375,2,3.53,480
8654,5.29,375.0,375,2,3.55,480
8655,15.99,750.0,750,1,12.3,7153
8658,33.99,750.0,750,1,24.28,6213
8660,12.99,375.0,375,1,9.69,3664
8664,23.49,750.0,750,1,14.59,2496
8670,11.49,1750.0,1750,1,7.85,8352
8671,19.99,750.0,750,1,14.49,11567
8673,9.99,750.0,750,1,7.87,12546
8674,8.99,1500.0,1500,2,5.22,516
8677,38.99,750.0,750,1,27.47,11567
8678,15.99,750.0,750,2,9.32,516
8680,39.99,1750.0,1750,1,28.88,3960
8689,9.99,3000.0,3000,2,6.49,1392
8691,14.99,750.0,750,1,11.9,7245
8693,9.99,750.0,750,1,7.14,8352
8694,9.99,750.0,750,1,7.99,12546
8696,10.99,750.0,750,2,7.48,8320
8700,31.99,750.0,750,2,16.52,9819
8701,9.99,1500.0,1500,2,6.7,3252
8717,16.99,750.0,750,2,10.06,17035
8725,15.99,375.0,375,1,11.84,1128
8726,1.99,50.0,50,1,1.43,3960
8727,29.99,750.0,750,1,23.07,3664
8730,6.99,750.0,750,1,5.5,1392
8737,10.99,750.0,750,2,7.14,4425
8744,17.99,750.0,750,2,12.32,4692
8746,6.99,750.0,750,2,4.02,6785
8749,14.99,750.0,750,2,9.8,2000
8761,10.99,375.0,375,1,7.08,7245
8778,49.99,1750.0,1750,1,37.29,3960
8780,16.99,750.0,750,2,10.13,17035
8781,15.99,750.0,750,2,10.32,4425
8788,1.99,50.0,50,1,1.53,8664
8790,12.99,1500.0,1500,2,8.55,516
8808,19.99,750.0,750,1,13.95,12546
8815,8.99,750.0,750,2,6.07,8673
8819,6.99,750.0,750,1,5.1,12546
8822,1.99,50.0,50,1,1.46,17035
8823,6.99,750.0,750,1,5.42,12546
8837,5.99,750.0,750,2,4.13,6785
8838,12.99,750.0,750,2,7.71,8673
8840,10.99,1750.0,1750,1,7.96,3924
8848,0.99,50.0,50,1,0.77,3924
8877,13.99,750.0,750,2,9.08,9552
8892,26.99,750.0,750,2,17.0,1392
8893,16.99,750.0,750,1,12.68,3960
8897,49.99,750.0,750,2,33.55,8112
8898,25.99,1750.0,1750,1,18.83,3960
8905,11.99,3000.0,3000,2,7.84,3252
8910,0.99,50.0,50,1,0.77,1128
8921,18.99,750.0,750,2,11.45,1590
8922,7.99,3000.0,3000,2,5.4,1392
8929,8.99,750.0,750,2,5.8,4425
8943,13.99,750.0,750,1,7.74,17035
8958,13.99,750.0,750,1,7.99,17035
8961,1.49,50.0,50,1,1.12,7245
8962,17.99,750.0,750,1,13.84,3960
8970,9.99,1750.0,1750,1,7.99,8004
8978,14.99,3000.0,3000,2,10.78,516
8979,14.99,200.0,200,1,10.86,6213
8985,5.99,750.0,750,1,4.44,1392
8986,15.99,750.0,750,1,12.02,12546
9028,17.99,750.0,750,1,11.59,9206
9037,17.99,750.0,750,1,11.93,9206
9066,31.99,1750.0,1750,1,24.42,3089
9092,34.99,750.0,750,1,21.89,9165
9115,16.99,750.0,750,1,10.35,653
9118,16.99,750.0,750,1,10.35,653
9129,4.99,150.0,150,1,3.84,8004
9136,16.99,750.0,750,1,10.81,653
9145,0.99,50.0,50,1,0.75,3960
9147,49.99,750.0,750,1,36.22,17035
9191,0.99,50.0,50,1,0.73,9165
9219,0.99,50.0,50,1,0.78,9165
9256,35.99,750.0,750,1,22.05,9165
9304,19.99,750.0,750,1,14.38,7153
9358,54.99,750.0,750,1,41.98,9165
9360,44.99,750.0,750,1,35.99,9165
9361,64.99,750.0,750,1,48.5,9165
9439,28.99,750.0,750,1,21.47,7239
10021,12.99,750.0,750,2,7.89,4425
10051,59.99,750.0,750,2,38.7,9165
10058,13.99,750.0,750,2,9.26,2000
10062,8.99,750.0,750,2,6.03,10754
10227,9.99,750.0,750,2,6.16,9165
10236,14.99,750.0,750,2,7.81,4425
10238,15.99,750.0,750,2,10.66,4425
10239,14.99,750.0,750,2,9.08,4425
10242,21.99,750.0,750,2,15.17,1590
10254,5.99,750.0,750,2,3.37,9819
10266,15.99,750.0,750,2,9.58,9552
10267,39.99,750.0,750,2,24.65,9552
10296,15.99,750.0,750,2,9.73,3252
10357,7.99,750.0,750,2,5.19,2242
10414,13.99,750.0,750,2,7.89,10754
10420,6.29,750.0,750,2,3.35,3252
10421,8.79,1500.0,1500,2,5.9,3252
10422,8.99,750.0,750,2,6.07,3252
10440,27.99,750.0,750,2,18.06,4425
10441,18.99,750.0,750,2,10.95,10754
10443,11.99,750.0,750,2,6.5,10754
10451,9.99,750.0,750,2,5.29,7153
10453,9.99,750.0,750,2,5.29,7153
10469,15.99,750.0,750,2,10.32,90024
10472,10.99,750.0,750,2,6.07,1392
10576,9.99,750.0,750,2,6.49,1392
10579,9.99,750.0,750,2,6.62,7153
10581,10.99,750.0,750,2,6.62,7153
10596,16.99,5000.0,5000,2,9.86,9815
10603,10.99,750.0,750,2,7.58,9552
10609,11.99,750.0,750,2,7.84,4425
10624,56.99,750.0,750,2,37.74,9165
10626,10.99,1500.0,1500,2,7.53,9165
10676,42.99,750.0,750,2,28.1,3252
10680,10.99,750.0,750,2,7.18,4425
10723,8.99,1500.0,1500,2,6.2,1392
10727,9.99,750.0,750,2,5.41,3252
10728,12.49,750.0,750,2,4.79,90017
10735,13.99,750.0,750,2,9.39,10754
10750,27.99,750.0,750,2,17.99,4425
10766,15.99,750.0,750,2,9.58,10754
10792,169.9,750.0,750,2,107.48,17035
10874,10.99,750.0,750,2,7.53,516
10895,19.99,1500.0,1500,2,13.51,9552
10927,9.99,750.0,750,2,6.57,3252
10931,11.99,750.0,750,2,8.27,3252
10957,8.99,750.0,750,2,6.12,8892
11003,18.99,750.0,750,2,11.25,9552
11029,25.99,750.0,750,2,17.8,9552
11067,15.99,750.0,750,2,8.24,1590
11089,11.99,750.0,750,2,6.86,9744
11141,9.99,1500.0,1500,2,5.55,2000
11152,7.99,750.0,750,2,5.26,9165
11196,10.99,750.0,750,2,5.88,7153
11199,14.99,750.0,750,2,9.8,7153
11200,14.99,750.0,750,2,9.26,7153
11213,19.99,750.0,750,2,12.66,1392
11214,74.99,750.0,750,2,50.33,4425
11219,12.99,750.0,750,2,8.44,4425
11227,16.99,750.0,750,2,9.73,4425
11238,20.99,750.0,750,2,13.24,2000
11296,13.99,750.0,750,2,9.58,9165
11310,58.99,750.0,750,2,38.31,1590
11320,11.99,750.0,750,2,7.74,3252
11333,13.99,750.0,750,2,9.2,9165
11337,25.99,750.0,750,2,17.44,9552
11340,13.99,750.0,750,2,9.2,9165
11353,50.99,750.0,750,2,31.75,9552
11354,9.99,750.0,750,2,6.57,9552
11367,9.99,750.0,750,2,6.07,9165
11372,22.99,750.0,750,2,10.27,4425
11414,5.99,750.0,750,2,3.26,9819
11420,10.99,750.0,750,2,3.39,90024
11440,13.99,5000.0,5000,2,9.14,3252
11449,16.99,750.0,750,2,8.84,10754
11456,35.99,750.0,750,2,22.72,4425
11480,14.99,750.0,750,2,10.06,90046
11488,10.99,1500.0,1500,2,7.53,2000
11499,30.99,750.0,750,2,18.24,2000
11698,11.99,750.0,750,2,7.84,9744
11771,29.99,750.0,750,2,19.17,7153
11819,15.99,375.0,375,2,10.34,9165
11825,6.99,750.0,750,2,4.66,9815
11826,6.99,750.0,750,2,4.72,9815
11827,6.99,750.0,750,2,4.76,9815
11828,6.99,750.0,750,2,3.97,9815
11888,10.99,750.0,750,2,7.53,4425
11957,14.99,750.0,750,2,9.93,3252
11970,18.99,750.0,750,2,7.71,2000
12024,18.99,750.0,750,2,11.56,90024
12069,7.99,750.0,750,2,5.33,2242
12078,11.99,750.0,750,2,7.48,2000
12086,13.99,750.0,750,2,9.65,90046
12111,15.99,750.0,750,2,10.73,90032
12116,11.99,1500.0,1500,2,7.74,4425
12123,6.29,750.0,750,2,3.37,3252
12140,9.99,750.0,750,2,5.91,516
12147,7.95,750.0,750,2,5.26,1590
12155,9.99,750.0,750,2,6.7,7153
12191,13.99,750.0,750,2,6.66,480
12192,59.99,750.0,750,2,39.47,9165
12211,16.99,3000.0,3000,2,11.03,1392
12212,16.99,3000.0,3000,2,10.52,1392
12213,8.99,750.0,750,2,5.29,9552
12216,9.99,750.0,750,2,6.66,3252
12220,12.99,750.0,750,2,5.48,9552
12227,12.99,750.0,750,2,8.44,1128
12235,24.99,750.0,750,2,13.99,2000
12270,12.99,750.0,750,2,8.72,2000
12310,18.99,750.0,750,2,12.24,8892
12343,17.99,3000.0,3000,2,11.18,2242
12387,15.99,750.0,750,2,10.8,10754
12415,8.99,750.0,750,2,6.12,6785
12416,8.99,750.0,750,2,5.26,6785
12450,7.99,750.0,750,2,5.22,9819
12473,11.99,750.0,750,2,7.99,10754
12478,16.99,750.0,750,2,10.96,10754
12479,15.99,750.0,750,2,7.94,2000
12495,6.99,750.0,750,2,4.66,9815
12520,6.99,750.0,750,2,4.72,9552
12539,13.99,750.0,750,2,9.08,4425
12586,8.99,1500.0,1500,2,4.82,516
12666,11.99,750.0,750,2,6.7,9165
12685,14.99,750.0,750,2,8.38,2242
12747,6.29,750.0,750,2,3.28,3252
12771,12.99,750.0,750,2,8.44,8892
12772,13.99,750.0,750,2,9.2,8892
12773,14.99,750.0,750,2,9.99,8892
12901,7.99,1500.0,1500,2,5.19,3252
12924,12.99,750.0,750,2,8.66,9165
12943,9.99,750.0,750,2,4.6,9165
12945,9.99,750.0,750,2,6.75,9165
12951,9.99,750.0,750,2,6.7,9165
12994,12.99,750.0,750,2,8.16,4425
13008,7.99,750.0,750,2,5.15,4425
13081,32.99,750.0,750,2,20.25,4692
13097,9.99,750.0,750,2,5.99,8892
13123,12.99,750.0,750,2,8.72,9552
13124,14.99,750.0,750,2,8.78,9552
13141,10.99,750.0,750,2,7.18,2242
13163,7.99,750.0,750,2,5.47,3252
13183,15.99,750.0,750,2,10.8,10754
13225,22.99,750.0,750,2,13.6,90024
13258,9.99,750.0,750,2,6.49,9165
13268,5.99,750.0,750,2,3.86,7153
13278,29.99,750.0,750,2,19.86,1128
13303,12.99,750.0,750,2,8.96,653
13393,11.99,750.0,750,2,6.07,9165
13395,13.99,750.0,750,2,9.2,9165
13397,21.99,750.0,750,2,13.69,90024
13421,6.99,750.0,750,2,4.54,4425
13422,9.99,750.0,750,2,6.45,2242
13430,11.99,750.0,750,2,5.91,7153
13451,12.99,750.0,750,2,8.05,4425
13454,26.99,375.0,375,2,17.0,90047
13458,8.99,750.0,750,2,5.99,8673
13461,8.99,1500.0,1500,2,5.88,1392
13487,17.99,750.0,750,2,12.32,3252
13497,10.99,750.0,750,2,6.8,1587
13498,6.99,750.0,750,2,4.63,1587
13553,36.99,750.0,750,2,25.34,4425
13594,11.99,750.0,750,2,8.16,90047
13619,18.99,750.0,750,2,12.07,4425
13637,11.99,750.0,750,2,8.16,10754
13638,11.99,750.0,750,2,8.27,10754
13651,13.99,750.0,750,2,9.03,4425
13661,21.99,750.0,750,2,11.61,4425
13663,21.99,750.0,750,2,11.38,4425
13665,12.99,750.0,750,2,8.96,4425
13693,10.99,750.0,750,2,7.58,1392
13695,8.99,750.0,750,2,6.16,3252
13708,17.99,3000.0,3000,2,11.33,2242
13718,10.99,1500.0,1500,2,7.28,3252
13723,17.99,3000.0,3000,2,11.56,9815
13767,13.99,750.0,750,2,9.45,9552
13792,9.99,750.0,750,2,6.16,1587
13793,9.99,1500.0,1500,2,6.8,4425
13807,8.99,750.0,750,2,5.95,9552
13836,17.99,1500.0,1500,2,10.73,1392
13837,8.99,1500.0,1500,2,5.73,516
13895,16.99,750.0,750,2,10.27,1587
13899,15.99,750.0,750,2,10.45,1392
13940,16.99,3000.0,3000,2,10.45,1392
13958,11.99,750.0,750,2,7.18,8892
13963,9.99,1500.0,1500,2,6.75,4425
13968,12.99,750.0,750,2,8.38,9165
13981,8.99,750.0,750,2,5.26,9165
13985,11.99,375.0,375,2,7.53,9165
13991,9.99,750.0,750,2,6.57,6785
13994,9.99,750.0,750,2,5.8,516
14004,12.99,750.0,750,2,8.9,4425
14006,9.99,750.0,750,2,5.44,3252
14008,11.99,750.0,750,2,8.1,9552
14054,8.99,750.0,750,2,6.07,8892
14067,23.99,750.0,750,2,15.48,7153
14078,17.99,3000.0,3000,2,11.25,2242
14129,8.95,750.0,750,2,6.01,8673
14184,14.99,750.0,750,2,8.72,7153
14194,37.99,750.0,750,2,25.5,4425
14240,8.99,750.0,750,2,5.36,4950
14250,11.99,750.0,750,2,6.62,4425
14280,8.99,750.0,750,2,4.96,9815
14300,11.99,750.0,750,2,7.43,9165
14342,6.99,750.0,750,2,4.6,9815
14357,9.99,750.0,750,2,6.8,90037
14363,20.99,750.0,750,2,13.51,4425
14381,15.99,750.0,750,2,10.52,90032
14382,15.99,375.0,375,2,10.59,90032
14383,15.99,750.0,750,2,10.32,90032
14393,10.99,750.0,750,2,6.5,7153
14416,12.99,750.0,750,2,8.9,4425
14433,8.99,750.0,750,2,5.8,2000
14437,19.99,750.0,750,2,11.68,9552
14439,6.29,750.0,750,2,3.42,3252
14457,12.99,750.0,750,2,7.74,90024
14471,11.99,750.0,750,2,6.49,4425
14475,12.99,750.0,750,2,6.57,1590
14539,14.99,750.0,750,2,10.06,4425
14620,6.99,750.0,750,2,4.76,3252
14622,12.99,750.0,750,2,8.66,3252
14623,6.99,750.0,750,2,4.69,3252
14624,6.99,750.0,750,2,4.57,3252
14657,12.99,750.0,750,2,8.49,10754
14663,15.99,750.0,750,2,8.78,9165
14672,21.99,750.0,750,2,11.61,4425
14688,35.99,750.0,750,2,23.8,2000
14701,6.99,750.0,750,2,4.57,9815
14703,11.99,750.0,750,2,7.58,90024
14704,7.99,750.0,750,2,3.94,1392
14706,8.99,750.0,750,2,4.6,9815
14710,15.99,750.0,750,2,10.38,516
14711,11.99,750.0,750,2,6.57,516
14805,8.99,750.0,750,2,5.8,4950
14811,10.99,750.0,750,2,7.53,10754
14838,14.99,750.0,750,2,7.71,4425
14852,12.99,750.0,750,2,8.16,90047
14895,9.99,1500.0,1500,2,5.15,1392
14920,12.99,1000.0,1000,2,7.84,90024
14930,9.99,1500.0,1500,2,5.93,4425
14974,12.99,750.0,750,2,8.9,4425
14975,6.99,750.0,750,2,4.07,6785
14983,26.99,750.0,750,2,17.8,10754
14991,19.99,750.0,750,2,11.99,9552
15007,19.99,750.0,750,2,13.79,4425
15043,22.99,750.0,750,2,15.75,516
15057,9.99,750.0,750,2,6.8,1587
15058,8.99,750.0,750,2,5.95,1587
15059,8.99,750.0,750,2,6.2,1587
15076,11.99,750.0,750,2,7.74,9552
15092,29.99,750.0,750,2,16.44,90047
15105,10.99,750.0,750,2,6.86,10000
15138,23.99,750.0,750,2,15.58,2242
15139,9.99,750.0,750,2,6.66,2242
15146,19.99,750.0,750,2,12.92,8664
15168,14.99,750.0,750,2,9.73,10754
15192,14.99,1500.0,1500,2,8.27,9744
15205,29.99,750.0,750,2,17.76,9819
15226,19.99,750.0,750,2,8.84,4425
15229,40.99,750.0,750,2,26.11,1392
15230,51.99,750.0,750,2,32.46,4425
15264,13.99,750.0,750,2,9.52,3252
15265,6.99,750.0,750,2,4.76,3252
15290,5.99,750.0,750,2,3.99,7153
15291,5.99,750.0,750,2,3.35,9815
15295,5.99,750.0,750,2,3.44,9815
15314,12.99,750.0,750,2,8.96,1128
15315,9.99,750.0,750,2,6.57,9165
15321,8.99,750.0,750,2,5.99,1392
15334,9.99,750.0,750,2,6.07,9165
15355,15.99,750.0,750,2,9.12,4425
15356,9.99,750.0,750,2,6.45,8892
15393,6.99,750.0,750,2,4.51,9815
15428,11.99,750.0,750,2,7.94,1392
15482,8.99,1500.0,1500,2,5.96,516
15503,12.99,3000.0,3000,2,8.6,9165
15509,25.99,750.0,750,2,17.23,90047
15527,9.99,750.0,750,2,6.57,6785
15528,14.99,750.0,750,2,9.33,4425
15548,8.99,750.0,750,2,6.07,8892
15549,39.99,750.0,750,2,27.58,9165
15550,28.99,750.0,750,2,19.2,3252
15575,8.99,750.0,750,2,5.88,9165
15584,11.99,750.0,750,2,6.49,10754
15619,5.99,750.0,750,2,3.35,9819
15651,13.99,750.0,750,2,9.58,10754
15675,10.99,750.0,750,2,7.28,653
15729,2.49,187.0,187,2,1.66,2000
15743,17.99,750.0,750,2,10.38,9552
15748,8.99,750.0,750,2,5.44,1392
15812,11.99,750.0,750,2,4.54,1392
15824,18.99,750.0,750,2,10.73,4692
15827,9.99,750.0,750,2,6.75,4425
15837,9.99,750.0,750,2,5.26,4950
15838,17.99,750.0,750,2,11.03,90047
15871,15.99,750.0,750,2,10.95,10754
15875,11.99,750.0,750,2,7.18,10754
15876,13.99,750.0,750,2,9.65,10754
15889,8.99,1500.0,1500,2,5.95,1392
15891,11.99,750.0,750,2,8.1,90027
15892,4.99,750.0,750,2,3.37,1392
15970,32.99,750.0,750,2,21.42,9165
15971,109.99,750.0,750,2,71.89,9165
15979,12.99,375.0,375,2,8.44,6215
15980,12.99,375.0,375,2,8.72,6215
15986,13.99,750.0,750,2,9.33,4425
16127,11.99,1500.0,1500,2,8.1,4425
16129,39.99,750.0,750,2,25.33,9744
16140,24.99,750.0,750,2,15.86,90047
16151,10.99,750.0,750,2,7.38,6785
16155,159.99,750.0,750,2,105.95,9165
16159,9.99,750.0,750,2,6.89,2242
16165,15.99,750.0,750,2,9.45,4425
16175,6.99,750.0,750,2,4.69,3252
16180,10.99,750.0,750,2,6.84,12546
16189,27.99,750.0,750,2,17.87,9165
16205,16.99,750.0,750,2,11.25,9552
16260,11.99,750.0,750,2,7.58,1392
16261,12.99,750.0,750,2,8.72,1392
16262,11.99,750.0,750,2,7.18,1392
16264,79.99,750.0,750,2,53.68,4425
16287,16.99,750.0,750,2,11.72,516
16289,7.99,750.0,750,2,5.19,3252
16310,25.99,750.0,750,2,17.23,90047
16314,9.99,750.0,750,2,5.29,7153
16315,15.99,750.0,750,2,9.45,7153
16317,10.99,750.0,750,2,7.58,2242
16318,11.99,750.0,750,2,7.79,2242
16320,8.99,750.0,750,2,5.84,4950
16325,6.79,750.0,750,2,4.68,9552
16326,3.99,500.0,500,2,2.64,1392
16327,3.99,500.0,500,2,2.61,1392
16328,3.99,500.0,500,2,2.75,1392
16329,16.99,750.0,750,2,9.08,9552
16378,9.99,750.0,750,2,6.66,4425
16393,9.99,750.0,750,2,4.66,3252
16394,17.99,750.0,750,2,9.03,3252
16427,9.99,1500.0,1500,2,6.66,4425
16440,34.99,750.0,750,2,21.33,9552
16441,17.99,3000.0,3000,2,10.96,2242
16460,11.99,750.0,750,2,8.16,9552
16477,7.99,750.0,750,2,4.76,9815
16526,8.99,750.0,750,2,6.03,10754
16537,9.99,750.0,750,2,6.84,7153
16539,15.99,750.0,750,2,9.14,7153
16553,9.99,750.0,750,2,6.7,10754
16555,18.99,750.0,750,2,11.18,2000
16568,12.99,375.0,375,2,8.84,6215
16585,29.99,750.0,750,2,18.11,653
16592,19.99,750.0,750,2,11.18,8735
16610,9.99,750.0,750,2,6.8,653
16634,32.99,750.0,750,2,20.25,4425
16647,12.99,750.0,750,2,8.49,9165
16655,10.99,750.0,750,2,7.23,10754
16657,10.99,750.0,750,2,7.23,10754
16669,12.99,750.0,750,2,8.55,90056
16670,11.99,750.0,750,2,8.27,90056
16684,15.99,750.0,750,2,11.03,4425
16694,14.99,750.0,750,2,9.93,4425
16695,15.99,750.0,750,2,10.27,4425
16696,17.99,750.0,750,2,12.24,4425
16753,9.99,750.0,750,2,6.7,653
16758,12.99,750.0,750,2,8.55,653
16761,12.99,750.0,750,2,8.84,653
16778,15.99,750.0,750,2,11.03,9165
16782,37.99,750.0,750,2,24.5,9165
16794,18.99,750.0,750,2,10.94,4425
16806,9.99,750.0,750,2,5.3,3252
16814,11.99,750.0,750,2,8.1,8673
16816,11.99,750.0,750,2,8.27,8673
16824,19.99,750.0,750,2,13.15,4425
16828,12.99,750.0,750,2,8.66,1128
16829,13.99,750.0,750,2,9.52,516
16837,5.99,750.0,750,2,3.42,9819
16843,6.29,750.0,750,2,3.44,3252
16868,17.99,750.0,750,2,11.84,9552
16869,11.99,750.0,750,2,4.57,9815
16877,8.99,750.0,750,2,6.16,4950
16918,9.99,750.0,750,2,5.8,4425
16931,165.99,750.0,750,2,109.93,4425
16947,13.99,750.0,750,2,7.48,9165
16968,16.99,750.0,750,2,10.8,10754
16971,13.99,750.0,750,2,7.43,9552
16990,11.99,750.0,750,2,6.7,8673
17011,13.99,750.0,750,2,9.2,10754
17016,10.99,750.0,750,2,7.58,10754
17019,9.99,750.0,750,2,6.45,10754
17020,10.99,750.0,750,2,7.14,10754
17024,12.99,750.0,750,2,8.72,1587
17026,16.99,750.0,750,2,10.06,90024
17041,9.99,1500.0,1500,2,5.26,8892
17073,9.99,750.0,750,2,6.84,7153
17085,38.99,750.0,750,2,25.99,4425
17119,15.99,750.0,750,2,10.66,2000
17134,15.99,750.0,750,2,9.8,8673
17146,14.99,750.0,750,2,9.08,9165
17162,9.99,750.0,750,2,6.12,8892
17163,10.99,750.0,750,2,7.09,8892
17168,9.99,750.0,750,2,5.99,10000
17171,4.99,750.0,750,2,3.35,516
17172,5.99,750.0,750,2,4.1,516
17175,7.99,1500.0,1500,2,5.2,9819
17176,7.99,1500.0,1500,2,5.23,9819
17177,7.99,1500.0,1500,2,5.45,9819
17187,16.99,750.0,750,2,11.03,10754
17194,11.99,750.0,750,2,8.27,90047
17209,15.99,750.0,750,2,11.03,2000
17219,9.99,750.0,750,2,6.45,9552
17263,10.99,750.0,750,2,7.28,4425
17296,10.99,750.0,750,2,7.14,90010
17308,21.99,750.0,750,2,15.17,9165
17315,79.99,750.0,750,2,54.05,9552
17340,7.99,750.0,750,2,5.26,8735
17341,7.99,750.0,750,2,3.86,8735
17345,8.95,750.0,750,2,6.01,4425
17349,13.99,375.0,375,2,9.65,6215
17350,13.99,375.0,375,2,9.45,6215
17372,12.99,750.0,750,2,6.57,9552
17377,14.99,750.0,750,2,10.13,1590
17378,11.99,750.0,750,2,8.27,8112
17381,8.99,750.0,750,2,4.1,7153
17432,15.99,750.0,750,2,10.34,4425
17471,10.49,750.0,750,2,7.14,12331
17473,9.49,1000.0,1000,2,5.62,12331
17500,9.99,750.0,750,2,6.45,4425
17503,14.99,750.0,750,2,10.34,4425
17504,14.99,750.0,750,2,7.99,10754
17507,15.99,750.0,750,2,9.99,9165
17535,8.99,750.0,750,2,5.99,4950
17596,13.99,750.0,750,2,8.1,1601
17612,9.99,750.0,750,2,6.75,9552
17617,15.99,750.0,750,2,10.34,7153
17707,6.79,750.0,750,2,4.62,9552
17748,3.99,500.0,500,2,2.75,1392
17754,11.99,750.0,750,2,8.05,4425
17756,15.99,750.0,750,2,9.8,4425
17758,25.99,750.0,750,2,16.77,4425
17814,34.99,750.0,750,2,23.64,1392
17865,9.99,750.0,750,2,6.09,9819
17867,5.99,750.0,750,2,3.22,9819
17876,7.99,750.0,750,2,5.33,3252
17906,15.99,750.0,750,2,10.59,1392
17910,9.99,750.0,750,2,6.57,1392
17912,8.99,750.0,750,2,6.16,1392
17914,8.99,750.0,750,2,6.2,1392
17915,8.99,750.0,750,2,5.8,1392
17916,169.99,750.0,750,2,110.38,4692
17921,14.99,750.0,750,2,8.9,4425
17937,9.99,750.0,750,2,6.84,1590
17938,9.99,750.0,750,2,6.7,1590
17945,9.99,750.0,750,2,6.53,9819
17954,7.99,750.0,750,2,5.36,9815
17957,15.99,750.0,750,2,9.14,90024
17967,12.99,750.0,750,2,8.96,516
17978,7.99,750.0,750,2,5.47,9815
17985,26.99,750.0,750,2,16.43,4425
18000,6.99,1500.0,1500,2,2.75,1392
18001,16.99,750.0,750,2,11.03,9165
18010,5.99,750.0,750,2,3.92,9815
18013,7.99,750.0,750,2,4.69,9165
18014,21.99,750.0,750,2,13.6,4425
18027,15.99,750.0,750,2,9.08,516
18095,15.99,750.0,750,2,10.38,4425
18096,31.99,750.0,750,2,20.94,516
18106,10.99,1500.0,1500,2,7.14,3252
18107,6.29,750.0,750,2,3.22,3252
18134,13.99,750.0,750,2,9.65,8892
18142,59.99,750.0,750,2,40.4,516
18152,10.99,750.0,750,2,5.26,516
18167,15.99,750.0,750,2,9.52,12331
18193,159.99,750.0,750,2,104.57,9165
18276,54.99,750.0,750,2,35.48,9165
18278,24.99,750.0,750,2,16.1,9165
18304,12.99,750.0,750,2,5.82,90024
18332,12.99,750.0,750,2,8.66,4692
18337,17.99,750.0,750,2,10.2,90047
18344,9.99,750.0,750,2,6.07,2242
18347,14.99,750.0,750,2,8.58,516
18368,7.99,750.0,750,2,5.4,2242
18369,7.99,750.0,750,2,5.36,2242
18375,11.99,750.0,750,2,7.89,8673
18381,14.99,750.0,750,2,8.44,9552
18423,17.99,750.0,750,2,9.93,2000
18449,7.99,750.0,750,2,4.53,1392
18533,14.99,750.0,750,2,10.27,90046
18534,27.99,375.0,375,2,18.79,90046
18535,27.99,375.0,375,2,19.17,90046
18551,14.99,750.0,750,2,10.2,9552
18557,9.99,750.0,750,2,5.91,10754
18562,11.99,750.0,750,2,7.99,17032
18565,11.99,750.0,750,2,5.95,8673
18568,9.99,750.0,750,2,6.89,1590
18571,9.95,750.0,750,2,6.5,1590
18575,39.99,750.0,750,2,26.34,516
18585,14.99,750.0,750,2,9.73,4425
18592,12.99,750.0,750,2,5.4,17035
18593,9.99,750.0,750,2,6.53,3252
18600,121.99,750.0,750,2,72.72,17035
18601,18.99,750.0,750,2,12.41,4425
18615,16.99,750.0,750,2,10.88,9165
18617,13.99,750.0,750,2,8.38,4425
18618,15.99,750.0,750,2,10.66,4425
18623,35.99,750.0,750,2,23.52,9165
18627,16.99,750.0,750,2,3.01,9165
18628,28.99,750.0,750,2,19.59,9165
18638,24.99,750.0,750,2,16.55,9165
18641,9.99,1500.0,1500,2,6.01,4425
18642,9.99,1500.0,1500,2,5.81,4425
18668,18.99,750.0,750,2,8.78,9552
18733,26.99,750.0,750,2,18.49,8673
18741,17.99,750.0,750,2,9.8,10754
18742,16.99,750.0,750,2,11.25,10754
18743,9.99,750.0,750,2,6.8,10754
18747,9.99,750.0,750,2,6.84,10754
18748,9.99,750.0,750,2,5.6,10754
18758,9.99,750.0,750,2,6.62,1392
18778,9.99,750.0,750,2,6.62,1590
18787,11.99,750.0,750,2,6.89,9552
18800,11.99,750.0,750,2,8.27,90052
18801,12.99,750.0,750,2,7.14,516
18812,12.49,750.0,750,2,8.5,90056
18813,11.99,375.0,375,2,7.89,90056
18817,12.99,750.0,750,2,8.6,1392
18835,11.99,750.0,750,2,8.16,3252
18836,13.99,750.0,750,2,9.33,9165
18837,12.99,375.0,375,2,8.66,6215
18851,28.99,750.0,750,2,13.07,9552
18856,5.99,750.0,750,2,3.92,3252
18857,5.99,750.0,750,2,4.02,3252
18860,5.99,750.0,750,2,3.86,3252
18865,35.99,750.0,750,2,23.22,10754
18868,14.99,750.0,750,2,9.33,4425
18879,14.99,750.0,750,2,9.99,90032
18880,12.99,750.0,750,2,8.84,9552
18881,9.99,750.0,750,2,6.53,9165
18893,9.99,750.0,750,2,6.89,9819
18900,8.99,750.0,750,2,5.91,1392
18901,8.99,750.0,750,2,6.07,1392
18909,15.99,750.0,750,2,9.65,9552
18938,10.99,750.0,750,2,6.49,9552
18951,17.99,750.0,750,2,12.07,4425
18956,14.99,750.0,750,2,9.86,9165
18971,22.99,750.0,750,2,15.64,8673
18972,10.99,375.0,375,2,7.09,4425
18988,14.99,5000.0,5000,2,8.9,9815
19000,12.99,750.0,750,2,6.66,516
19003,15.99,750.0,750,2,10.32,9165
19034,44.99,750.0,750,2,29.21,4425
19035,13.99,750.0,750,2,7.18,4692
19036,14.99,750.0,750,2,9.67,4425
19037,14.99,750.0,750,2,9.8,90047
19039,10.99,750.0,750,2,6.45,90047
19041,10.99,750.0,750,2,6.62,90047
19048,5.99,750.0,750,2,3.89,2000
19055,9.99,750.0,750,2,6.75,9819
19074,18.99,750.0,750,2,12.66,90024
19108,10.99,750.0,750,2,7.09,1392
19120,14.99,750.0,750,2,8.55,9552
19121,17.99,750.0,750,2,8.21,4425
19122,13.99,750.0,750,2,7.3,4425
19126,12.99,750.0,750,2,8.44,2000
19164,6.49,750.0,750,2,3.99,9165
19174,11.99,750.0,750,2,7.38,9744
19175,11.99,750.0,750,2,7.38,9744
19189,14.99,750.0,750,2,9.93,9552
19190,10.99,750.0,750,2,7.09,2242
19199,16.99,750.0,750,2,11.56,10000
19215,27.99,750.0,750,2,18.79,9552
19220,68.99,750.0,750,2,44.29,8112
19223,13.99,750.0,750,2,9.2,6785
19233,18.99,750.0,750,2,13.01,2000
19249,16.99,750.0,750,2,11.03,4425
19260,10.99,750.0,750,2,6.45,653
19267,49.99,750.0,750,2,32.21,9165
19270,24.99,375.0,375,2,16.44,8112
19282,19.99,750.0,750,2,13.51,4425
19283,9.99,750.0,750,2,6.89,6785
19302,11.99,750.0,750,2,7.43,7153
19340,12.99,750.0,750,2,8.38,4425
19360,10.99,750.0,750,2,7.43,9744
19381,9.99,750.0,750,2,6.57,8673
19382,9.99,750.0,750,2,6.7,8673
19397,16.99,750.0,750,2,11.48,4425
19400,19.99,750.0,750,2,12.9,6785
19417,49.99,750.0,750,2,33.11,9552
19453,16.99,750.0,750,2,9.65,2000
19458,7.99,750.0,750,2,5.33,1392
19485,190.99,1500.0,1500,2,117.23,1392
19486,17.99,750.0,750,2,11.76,1392
19494,14.99,750.0,750,2,10.13,4425
19502,41.99,750.0,750,2,28.56,7153
19507,7.49,750.0,750,2,4.99,2000
19508,14.99,750.0,750,2,9.8,9552
19549,12.99,3000.0,3000,2,8.66,9165
19556,13.99,750.0,750,2,9.39,90058
19557,13.99,750.0,750,2,9.39,90058
19577,14.99,750.0,750,2,9.45,10754
19581,26.99,750.0,750,2,15.78,4425
19588,80.99,750.0,750,2,53.99,7749
19635,21.99,750.0,750,2,13.07,9819
19645,9.99,750.0,750,2,5.26,7153
19646,8.99,750.0,750,2,5.99,7153
19648,14.99,750.0,750,2,8.96,90024
19662,5.99,750.0,750,2,4.07,6785
19671,9.99,750.0,750,2,5.89,8673
19748,13.99,1500.0,1500,2,9.2,1392
19755,10.99,750.0,750,2,6.57,1590
19769,29.99,750.0,750,2,13.15,10754
19782,24.99,750.0,750,2,16.44,1587
19786,74.99,750.0,750,2,50.33,1587
19821,17.99,750.0,750,2,10.32,4425
19827,17.99,750.0,750,2,11.18,9165
19831,9.99,750.0,750,2,6.84,9165
19836,34.99,750.0,750,2,15.06,9165
19839,111.99,750.0,750,2,73.68,9165
19848,9.99,750.0,750,2,5.33,3252
19850,10.99,1500.0,1500,2,7.53,3252
19855,31.99,750.0,750,2,19.47,4425
19870,9.99,1500.0,1500,2,5.89,4425
19895,9.99,1000.0,1000,2,6.45,9165
19896,11.49,750.0,750,2,6.62,4692
19904,79.99,750.0,750,2,53.33,4425
19906,6.99,750.0,750,2,4.82,4425
19926,10.99,750.0,750,2,6.53,6785
19934,9.99,750.0,750,2,6.7,1587
19940,10.99,750.0,750,2,6.57,4425
19947,12.99,750.0,750,2,8.72,4425
19948,15.99,750.0,750,2,10.06,4425
19950,69.99,750.0,750,2,46.66,1587
19989,7.99,750.0,750,2,5.26,9165
19996,10.99,750.0,750,2,6.53,9552
20030,7.99,750.0,750,2,5.19,516
20096,9.99,750.0,750,2,5.88,1392
20098,9.99,750.0,750,2,5.88,1392
20132,179.99,750.0,750,2,84.76,9165
20152,13.99,750.0,750,2,8.9,2000
20160,15.99,750.0,750,2,10.27,2000
20167,12.99,750.0,750,2,8.78,653
20174,15.99,750.0,750,2,10.95,10754
20177,38.99,750.0,750,2,23.83,10754
20180,13.99,750.0,750,2,9.65,1392
20190,21.99,750.0,750,2,14.76,9552
20204,12.99,750.0,750,2,7.58,90024
20216,9.99,750.0,750,2,6.57,9165
20251,22.99,750.0,750,2,15.53,10754
20255,13.99,750.0,750,2,9.65,9552
20343,14.99,750.0,750,2,9.58,653
20349,7.79,750.0,750,2,5.06,516
20383,13.99,750.0,750,2,9.03,7255
20391,12.49,750.0,750,2,8.33,9552
20395,9.99,750.0,750,2,6.49,7255
20398,8.99,750.0,750,2,6.03,7255
20404,11.99,750.0,750,2,8.1,7255
20407,13.99,750.0,750,2,9.33,4425
20409,14.99,750.0,750,2,9.86,4425
20422,27.99,750.0,750,2,18.06,4692
20426,14.99,750.0,750,2,9.86,9165
20427,16.99,750.0,750,2,11.4,9165
20441,12.99,750.0,750,2,8.84,7749
20442,19.99,750.0,750,2,13.51,7749
20446,9.99,0.0,187,2,6.7,3252
20465,54.99,750.0,750,2,36.18,653
20466,59.99,750.0,750,2,40.81,653
20475,9.99,750.0,750,2,6.75,653
20483,18.99,750.0,750,2,11.91,8892
20533,12.99,750.0,750,2,8.55,653
20550,10.99,750.0,750,2,7.14,9552
20552,13.99,750.0,750,2,9.58,90024
20557,11.99,750.0,750,2,7.84,653
20576,26.99,750.0,750,2,18.61,1587
20598,15.99,750.0,750,2,10.88,4425
20602,54.99,750.0,750,2,37.41,653
20605,13.99,750.0,750,2,9.65,653
20661,59.99,750.0,750,2,35.94,653
20666,89.99,750.0,750,2,62.06,4692
20668,45.99,375.0,375,2,31.07,4692
20669,79.99,750.0,750,2,51.94,4692
20674,24.99,750.0,750,2,17.23,90010
20689,15.99,750.0,750,2,10.32,7749
20699,11.99,750.0,750,2,7.94,4425
20725,17.99,750.0,750,2,9.86,7153
20748,49.99,750.0,750,2,34.48,9552
20762,18.99,750.0,750,2,10.95,2000
20767,19.99,750.0,750,2,13.15,9552
20768,21.99,750.0,750,2,9.72,9552
20771,59.99,750.0,750,2,27.81,9552
20776,39.99,750.0,750,2,23.33,90047
20781,17.99,750.0,750,2,9.73,9552
20788,16.99,750.0,750,2,11.1,4425
20791,7.99,750.0,750,2,5.4,2242
20800,8.99,750.0,750,2,5.84,9552
20855,12.99,750.0,750,2,8.6,7240
20862,12.99,750.0,750,2,8.55,3252
20863,12.99,750.0,750,2,8.84,3252
20864,12.99,750.0,750,2,8.55,3252
20883,89.99,750.0,750,2,61.22,4425
20912,23.99,750.0,750,2,15.75,4425
20935,34.99,750.0,750,2,16.33,9552
20960,24.99,750.0,750,2,16.12,2000
21001,11.99,750.0,750,2,7.38,10754
21019,16.99,3000.0,3000,2,10.66,1392
21032,25.99,750.0,750,2,15.12,4692
21033,41.99,750.0,750,2,26.89,4692
21055,39.99,750.0,750,2,24.02,17035
21058,44.99,750.0,750,2,30.61,4425
21076,9.99,750.0,750,2,6.07,516
21098,14.99,750.0,750,2,9.33,4425
21099,7.99,750.0,750,2,5.4,653
21103,11.99,750.0,750,2,7.89,90027
21105,29.99,750.0,750,2,19.6,4425
21135,11.99,750.0,750,2,7.94,5612
21143,9.99,750.0,750,2,6.66,4425
21144,18.99,750.0,750,2,12.49,4425
21151,13.99,750.0,750,2,6.57,17035
21179,59.99,750.0,750,2,40.26,9165
21201,17.99,3000.0,3000,2,11.4,2242
21208,15.99,750.0,750,2,10.32,10000
21218,25.99,750.0,750,2,17.44,4425
21232,9.99,750.0,750,2,6.62,3252
21233,11.99,750.0,750,2,7.53,9744
21251,17.99,750.0,750,2,11.72,4425
21263,7.99,750.0,750,2,5.47,1587
21267,15.99,750.0,750,2,10.66,9552
21271,13.99,750.0,750,2,9.2,9552
21277,19.99,750.0,750,2,13.79,4425
21281,48.99,750.0,750,2,32.23,4425
21288,34.99,750.0,750,2,23.8,4425
21289,47.99,750.0,750,2,22.75,4425
21296,15.99,750.0,750,2,11.03,9165
21298,6.99,1000.0,1000,2,4.6,9165
21308,12.99,750.0,750,2,7.38,9815
21313,5.99,750.0,750,2,3.92,9165
21317,13.99,750.0,750,2,9.33,4425
21319,12.99,750.0,750,2,8.55,3252
21320,10.99,750.0,750,2,7.09,4425
21321,7.99,750.0,750,2,4.07,1392
21338,19.99,750.0,750,2,12.98,1587
21341,12.99,750.0,750,2,8.55,4425
21342,15.99,750.0,750,2,10.52,4425
21352,82.99,750.0,750,2,52.62,516
21353,6.79,750.0,750,2,4.59,9552
21369,24.99,750.0,750,2,14.76,10000
21380,19.49,750.0,750,2,12.57,4425
21381,13.99,750.0,750,2,9.03,4425
21382,13.99,750.0,750,2,9.08,4425
21383,13.99,750.0,750,2,9.26,4425
21386,20.99,750.0,750,2,13.54,4425
21407,13.99,750.0,750,2,9.14,4425
21408,17.99,750.0,750,2,11.99,4425
21410,18.99,750.0,750,2,13.1,4425
21411,15.99,750.0,750,2,10.52,4425
21412,13.99,750.0,750,2,5.29,9165
21428,14.99,750.0,750,2,9.45,9165
21469,29.99,750.0,750,2,19.6,4425
21510,10.99,1500.0,1500,2,7.48,9165
21519,49.99,750.0,750,2,32.89,4425
21526,9.99,750.0,750,2,6.66,1601
21552,23.99,750.0,750,2,12.9,9165
21573,6.99,750.0,750,2,4.76,4425
21596,21.99,750.0,750,2,14.56,9552
21609,14.99,750.0,750,2,9.58,4425
21627,14.99,750.0,750,2,10.27,2000
21672,18.99,750.0,750,2,11.33,9552
21685,13.99,750.0,750,2,9.39,653
21689,8.49,750.0,750,2,5.78,17035
21690,8.49,750.0,750,2,5.55,17035
21691,7.49,750.0,750,2,5.17,9165
21728,29.99,1500.0,1500,2,20.4,4425
21732,39.99,750.0,750,2,25.97,4425
21733,12.99,750.0,750,2,8.78,4425
21735,25.99,750.0,750,2,17.56,4425
21752,12.99,750.0,750,2,7.58,17031
21754,9.99,750.0,750,2,6.45,9165
21755,12.99,750.0,750,2,8.49,9165
21773,9.99,750.0,750,2,6.45,9165
21789,19.99,750.0,750,2,13.69,7153
21813,4.79,750.0,750,2,3.19,3252
21824,34.99,750.0,750,2,16.89,8892
21834,19.99,750.0,750,2,10.52,1392
21836,24.99,750.0,750,2,15.03,10754
21861,9.99,750.0,750,2,6.62,1392
21864,22.99,750.0,750,2,15.23,4692
21883,7.99,750.0,750,2,4.6,9165
21951,12.99,750.0,750,2,8.27,1392
21965,8.99,750.0,750,2,4.69,1587
21985,10.99,750.0,750,2,6.59,8892
22014,14.99,750.0,750,2,9.93,90024
22019,14.99,750.0,750,2,9.73,17035
22073,229.99,750.0,750,2,156.46,4425
22079,9.99,750.0,750,2,4.59,516
22087,21.99,750.0,750,2,13.79,2242
22099,11.99,750.0,750,2,7.79,7153
22143,18.99,750.0,750,2,10.52,1392
22161,4.99,750.0,750,2,3.35,6785
22168,10.99,750.0,750,2,7.43,90047
22194,12.99,1500.0,1500,2,7.48,516
22222,11.99,750.0,750,2,7.28,9165
22226,15.99,750.0,750,2,9.99,2000
22230,12.99,750.0,750,2,8.96,9165
22291,17.99,750.0,750,2,11.4,4425
22297,9.99,750.0,750,2,6.75,90058
22298,12.49,750.0,750,2,8.06,90058
22326,19.99,750.0,750,2,13.42,1392
22339,15.99,750.0,750,2,9.08,4425
22340,10.99,750.0,750,2,7.14,9552
22416,15.99,750.0,750,2,10.45,4425
22441,14.99,750.0,750,2,10.06,9165
22475,11.99,750.0,750,2,8.21,9552
22481,9.99,750.0,750,2,6.84,9552
22531,8.99,750.0,750,2,6.16,1590
22566,13.99,750.0,750,2,9.14,90032
22584,21.99,750.0,750,2,11.91,9552
22593,10.99,750.0,750,2,7.58,2000
22617,9.99,750.0,750,2,6.8,9165
22618,19.99,750.0,750,2,13.6,9165
22619,7.99,750.0,750,2,5.51,9165
22620,8.99,750.0,750,2,5.95,9165
22662,31.99,750.0,750,2,21.19,4425
22665,52.99,750.0,750,2,35.56,4425
22675,7.99,750.0,750,2,5.33,9165
22758,15.99,750.0,750,2,10.45,4425
22800,15.99,0.0,750,2,10.59,7153
22801,13.99,1500.0,1500,2,6.57,9165
22842,11.99,750.0,750,2,7.28,7153
22898,11.99,750.0,750,2,8.05,8892
22899,14.99,750.0,750,2,6.53,1392
22903,8.99,750.0,750,2,5.4,516
22919,22.99,750.0,750,2,12.92,8892
22928,18.99,750.0,750,2,12.83,10754
22938,19.99,750.0,750,2,12.74,2242
22963,24.99,750.0,750,2,16.55,7153
23074,19.99,750.0,750,2,13.69,4425
23095,6.99,1500.0,1500,2,4.76,9815
23129,19.99,750.0,750,2,12.24,4425
23135,7.95,750.0,750,2,5.45,4425
23143,6.79,750.0,750,2,4.65,4425
23161,29.99,3000.0,3000,2,13.69,2242
23191,14.99,750.0,750,2,9.93,9165
23218,9.99,750.0,750,2,6.7,90047
23229,14.99,750.0,750,2,10.34,9819
23230,13.99,750.0,750,2,9.39,2000
23237,13.99,750.0,750,2,9.52,2000
23240,7.99,750.0,750,2,5.4,8673
23254,9.99,750.0,750,2,6.57,653
23255,11.99,750.0,750,2,7.94,653
23258,29.99,750.0,750,2,19.35,4425
23259,8.99,750.0,750,2,6.12,653
23260,6.99,750.0,750,2,4.51,653
23275,11.99,750.0,750,2,7.09,4425
23276,9.99,750.0,750,2,6.7,4425
23307,9.99,750.0,750,2,6.62,9744
23349,14.99,750.0,750,2,9.99,4425
23357,37.99,750.0,750,2,24.51,9552
23381,17.99,750.0,750,2,11.76,9165
23384,17.99,750.0,750,2,12.16,9165
23403,8.99,750.0,750,2,6.16,2242
23404,9.99,750.0,750,2,6.8,9552
23420,12.99,750.0,750,2,8.27,9552
23423,10.99,750.0,750,2,6.8,6785
23432,15.99,750.0,750,2,10.59,4425
23436,18.99,750.0,750,2,12.41,4425
23452,9.99,750.0,750,2,5.84,6785
23464,10.99,750.0,750,2,7.23,10000
23516,12.99,750.0,750,2,7.58,9815
23528,13.99,750.0,750,2,9.08,9552
23530,22.99,750.0,750,2,15.12,9552
23595,16.99,5000.0,5000,2,9.93,9815
23632,15.99,750.0,750,2,9.26,10754
23635,13.99,750.0,750,2,8.1,90024
23692,19.99,750.0,750,2,12.66,1392
23712,9.99,750.0,750,2,6.8,516
23739,12.99,750.0,750,2,7.25,4425
23764,6.99,750.0,750,2,4.69,9819
23778,12.99,750.0,750,2,6.45,4692
23785,19.99,750.0,750,2,11.03,10754
23848,15.99,750.0,750,2,10.73,1587
23889,7.99,1500.0,1500,2,4.82,9815
23898,16.99,750.0,750,2,9.08,10754
23902,15.99,750.0,750,2,10.52,10754
23918,15.99,750.0,750,2,4.82,9552
23944,24.99,750.0,750,2,17.23,7153
23946,19.99,750.0,750,2,13.6,7153
23947,23.99,750.0,750,2,15.48,7153
23949,9.99,750.0,750,2,6.49,7153
23950,10.99,750.0,750,2,7.38,7153
23951,10.99,750.0,750,2,7.28,7153
23954,9.99,750.0,750,2,6.49,9165
23973,15.99,750.0,750,2,10.38,9552
23974,16.99,750.0,750,2,11.25,9552
23984,14.99,750.0,750,2,9.86,4425
23988,9.99,750.0,750,2,6.66,9552
23990,12.99,750.0,750,2,8.66,9552
23991,14.99,750.0,750,2,9.86,9552
24002,6.99,1500.0,1500,2,4.63,9815
24003,7.99,1500.0,1500,2,4.54,9815
24020,10.99,750.0,750,2,7.38,1590
24086,12.99,750.0,750,2,7.14,4425
24088,16.99,750.0,750,2,8.75,4425
24170,39.99,750.0,750,2,25.97,9552
24188,15.99,750.0,750,2,8.55,4692
24285,13.99,750.0,750,2,9.03,4425
24291,17.99,750.0,750,2,11.99,4425
24299,8.99,750.0,750,2,5.88,4425
24325,15.99,750.0,750,2,10.88,10000
24327,19.99,750.0,750,2,13.1,10000
24419,11.99,750.0,750,2,6.74,9165
24453,22.99,750.0,750,2,15.43,1392
24455,20.99,750.0,750,2,11.71,1392
24456,14.99,750.0,750,2,8.21,1392
24493,23.99,750.0,750,2,14.76,4425
24592,9.99,1500.0,1500,2,4.69,1392
24612,13.99,750.0,750,2,5.82,1392
24634,16.99,750.0,750,2,10.27,1587
24779,9.99,1500.0,1500,2,6.84,6785
24829,11.99,750.0,750,2,7.53,9165
24840,13.99,750.0,750,2,8.44,7153
24842,7.99,750.0,750,2,4.6,17035
24875,6.99,1500.0,1500,2,4.57,9815
24907,10.99,750.0,750,2,6.89,4425
24926,13.99,750.0,750,2,6.84,9165
24997,23.99,750.0,750,2,16.43,3252
25036,10.99,750.0,750,2,7.53,4425
25046,8.99,750.0,750,2,5.55,2000
25269,7.99,750.0,750,2,4.62,1392
25382,17.99,750.0,750,2,12.24,4425
25419,14.99,750.0,750,2,9.33,4425
25581,8.99,750.0,750,2,6.07,1590
25647,19.99,750.0,750,2,13.42,4425
25649,11.99,750.0,750,2,6.84,4425
25696,9.99,750.0,750,2,6.75,4425
25703,11.99,750.0,750,2,7.58,9552
25704,12.99,750.0,750,2,7.53,9552
25716,44.99,750.0,750,2,25.8,4425
25802,11.99,750.0,750,2,8.21,1590
25808,11.99,750.0,750,2,7.84,3252
25832,11.99,750.0,750,2,6.53,7153
25846,21.99,750.0,750,2,12.05,4425
25883,36.99,750.0,750,2,24.82,7153
25932,9.99,750.0,750,2,6.49,9819
25934,7.99,750.0,750,2,5.15,9819
25966,36.99,750.0,750,2,23.8,10754
25984,8.99,750.0,750,2,5.88,516
25985,9.99,750.0,750,2,6.66,516
25992,12.99,750.0,750,2,7.43,9552
25994,16.99,750.0,750,2,11.72,4425
26092,7.99,750.0,750,2,4.79,1392
26143,7.99,750.0,750,2,4.65,1392
26181,8.99,750.0,750,2,4.57,4425
26247,49.99,750.0,750,2,32.46,2000
26248,249.99,750.0,750,2,132.44,2000
26250,20.99,750.0,750,2,13.63,2000
26285,79.99,1500.0,1500,2,45.45,8112
26383,15.99,750.0,750,2,7.89,4425
26390,7.99,750.0,750,2,5.4,9552
26391,7.99,750.0,750,2,5.15,9552
26392,7.99,750.0,750,2,5.29,9552
26395,8.99,750.0,750,2,3.94,9815
26399,7.99,750.0,750,2,3.94,9815
26427,22.99,750.0,750,2,14.19,9552
26428,13.99,750.0,750,2,9.14,9552
26456,7.99,750.0,750,2,4.5,1392
26462,18.99,750.0,750,2,10.8,1392
26463,7.99,750.0,750,2,4.65,1392
26557,17.99,750.0,750,2,11.4,4425
26732,13.99,750.0,750,2,6.79,9165
26744,11.99,750.0,750,2,6.42,4425
26787,10.49,187.0,187,2,6.86,8112
26817,7.99,750.0,750,2,5.47,1392
26821,9.99,750.0,750,2,4.93,1392
26827,9.99,1500.0,1500,2,6.89,6785
26943,49.99,750.0,750,2,33.11,9552
26945,12.49,750.0,750,2,6.77,2000
26948,18.99,750.0,750,2,11.53,2000
26949,22.99,750.0,750,2,15.53,1128
26966,11.99,750.0,750,2,6.53,4425
27042,9.99,750.0,750,2,6.53,9552
27145,8.99,750.0,750,2,6.03,9552
27146,9.99,750.0,750,2,6.57,9552
27303,8.99,750.0,750,2,5.91,17035
27350,17.99,5000.0,5000,2,10.8,9815
27351,17.99,5000.0,5000,2,10.38,9815
27361,8.99,750.0,750,2,5.99,9552
27429,21.99,750.0,750,2,12.9,9552
27460,9.99,750.0,750,2,6.53,3252
27461,8.99,750.0,750,2,6.12,3252
27512,23.99,750.0,750,2,14.09,1587
27514,16.99,750.0,750,2,10.96,1392
27567,11.99,750.0,750,2,7.23,2000
27579,64.99,750.0,750,2,43.33,2000
27596,7.89,750.0,750,2,5.16,9165
27644,11.99,750.0,750,2,6.84,4425
27735,9.99,750.0,750,2,6.53,4425
27799,26.99,750.0,750,2,17.41,4425
27801,45.99,750.0,750,2,31.29,8112
27808,7.99,750.0,750,2,4.54,1392
27813,14.99,750.0,750,2,9.45,1587
27830,17.99,750.0,750,2,10.95,4425
27831,9.99,750.0,750,2,6.84,1392
27835,14.99,750.0,750,2,9.14,1392
27854,14.99,750.0,750,2,10.2,2000
27867,9.99,1500.0,1500,2,4.72,1392
28069,9.99,1500.0,1500,2,5.45,8892
28081,8.99,750.0,750,2,5.51,7153
28092,14.99,750.0,750,2,9.67,4425
28114,15.99,750.0,750,2,10.88,9552
28138,8.99,750.0,750,2,6.16,8673
28147,10.99,750.0,750,2,7.14,2000
28163,11.99,750.0,750,2,6.82,8673
28258,9.99,1500.0,1500,2,5.36,1392
28260,9.99,1500.0,1500,2,5.19,1392
28262,9.99,1500.0,1500,2,5.15,1392
28474,12.99,750.0,750,2,7.14,9552
28548,18.99,750.0,750,2,11.03,4692
28579,7.99,750.0,750,2,3.24,1392
28658,7.99,750.0,750,2,4.53,1392
28681,8.99,750.0,750,2,5.95,2000
28682,8.99,750.0,750,2,5.34,2000
28775,10.99,1500.0,1500,2,7.58,2000
28856,19.99,750.0,750,2,11.45,4425
28889,15.99,5000.0,5000,2,10.61,3252
28890,14.99,5000.0,5000,2,9.99,3252
28946,29.99,750.0,750,2,18.06,4425
28947,8.99,1500.0,1500,2,5.91,1392
29128,5.99,0.0,187,2,3.97,8892
29169,15.99,5000.0,5000,2,10.88,9815
29212,7.99,750.0,750,2,4.59,1392
29248,9.99,750.0,750,2,6.53,1392
29352,19.99,750.0,750,2,11.91,4425
29407,14.99,750.0,750,2,10.33,1392
29431,34.99,750.0,750,2,19.86,4425
29433,22.99,750.0,750,2,13.79,4425
29434,31.99,750.0,750,2,16.44,4425
29621,11.99,750.0,750,2,8.21,9552
29649,14.99,750.0,750,2,10.13,9552
29835,6.99,750.0,750,2,4.82,4425
29996,16.99,750.0,750,2,10.12,1392
30602,12.99,750.0,750,2,8.27,2000
30656,16.99,750.0,750,2,11.64,9552
30735,28.99,750.0,750,2,19.07,1128
31045,64.99,750.0,750,2,39.47,9552
31083,28.99,750.0,750,2,18.66,8673
31119,44.99,750.0,750,2,26.66,9819
31160,21.99,750.0,750,2,13.24,9552
31163,13.99,750.0,750,2,9.39,9165
31186,17.99,5000.0,5000,2,10.8,9815
31195,26.99,750.0,750,2,17.53,8673
31200,18.99,750.0,750,2,11.99,516
31201,8.99,750.0,750,2,6.03,9819
31202,8.99,750.0,750,2,6.07,9819
31203,8.99,750.0,750,2,5.99,9819
31204,8.99,750.0,750,2,6.07,9819
31231,11.99,750.0,750,2,6.49,1392
31277,15.99,750.0,750,2,10.95,9552
31320,6.99,750.0,750,2,4.69,1587
31345,22.99,750.0,750,2,15.64,9165
31349,7.99,750.0,750,2,4.72,9815
31452,8.99,1500.0,1500,2,5.15,9815
31454,8.99,1500.0,1500,2,4.79,9815
31456,8.99,1500.0,1500,2,5.22,9815
31465,15.99,5000.0,5000,2,10.38,9815
31466,21.99,750.0,750,2,15.06,4425
31487,7.99,750.0,750,2,5.29,3252
31488,6.29,750.0,750,2,3.44,3252
31489,8.79,1500.0,1500,2,5.71,3252
31493,6.29,750.0,750,2,3.33,3252
31494,8.79,1500.0,1500,2,6.02,3252
31497,10.99,1500.0,1500,2,7.28,3252
31500,6.29,750.0,750,2,3.22,3252
31524,8.99,750.0,750,2,6.03,4425
31541,20.99,750.0,750,2,13.15,10754
31542,23.99,750.0,750,2,16.1,10754
31618,9.99,750.0,750,2,6.57,9552
31621,9.99,750.0,750,2,6.62,9552
31796,10.99,750.0,750,2,7.28,8320
31866,13.99,750.0,750,2,9.03,2000
31873,15.99,5000.0,5000,2,10.45,3252
31909,19.99,750.0,750,2,12.9,9552
31915,12.99,750.0,750,2,8.27,2000
31971,8.99,750.0,750,2,5.99,8892
32054,11.99,750.0,750,2,7.09,9819
32084,27.99,750.0,750,2,18.91,1601
32108,14.99,750.0,750,2,10.31,8673
32138,13.99,750.0,750,2,9.2,9165
32263,9.99,1500.0,1500,2,6.8,4425
32367,6.99,750.0,750,2,3.94,6785
32368,9.99,1500.0,1500,2,6.45,6785
32479,9.99,750.0,750,2,6.75,9165
32508,15.99,750.0,750,2,10.95,2000
32546,21.99,750.0,750,2,12.58,9165
32592,16.99,750.0,750,2,11.56,9552
32604,11.99,750.0,750,2,6.5,10000
32648,7.99,1500.0,1500,2,5.3,9819
32649,7.99,1500.0,1500,2,5.13,9819
32650,8.99,750.0,750,2,5.99,9819
32652,5.99,750.0,750,2,3.99,9819
32670,6.99,750.0,750,2,4.69,8673
32675,7.99,750.0,750,2,4.57,1392
32749,10.49,750.0,750,2,5.26,17035
32796,19.99,500.0,500,2,12.9,1587
32803,27.99,750.0,750,2,17.64,10754
32807,12.99,750.0,750,2,7.58,17031
32809,12.99,750.0,750,2,8.78,17031
32826,34.99,750.0,750,2,22.41,4425
32831,11.99,750.0,750,2,6.75,9165
32835,19.99,750.0,750,2,12.24,9552
32906,9.95,750.0,750,2,6.42,1590
32907,7.95,750.0,750,2,5.37,1590
32908,9.95,750.0,750,2,6.55,1590
32915,14.99,750.0,750,2,9.99,1392
32924,44.99,750.0,750,2,27.51,4425
32968,9.99,1500.0,1500,2,6.8,1392
32969,9.99,1500.0,1500,2,6.89,1392
32988,6.29,750.0,750,2,3.26,3252
32989,8.79,1500.0,1500,2,5.78,3252
33032,29.99,750.0,750,2,19.3,4425
33037,15.99,1500.0,1500,2,10.88,9819
33038,15.99,1500.0,1500,2,10.8,9819
33039,16.99,1500.0,1500,2,10.32,9819
33075,14.99,1500.0,1500,2,10.13,4425
33143,9.99,750.0,750,2,6.2,7153
33148,9.99,750.0,750,2,4.54,3252
33149,8.99,750.0,750,2,4.79,3252
33261,18.99,750.0,750,2,11.03,9744
33278,8.99,750.0,750,2,5.36,4425
33348,11.99,750.0,750,2,7.23,9819
33370,36.99,750.0,750,2,23.02,4425
33446,6.29,300.0,300,2,4.06,8920
33574,19.99,750.0,750,2,11.64,10754
33578,14.99,750.0,750,2,9.86,4425
33579,15.99,750.0,750,2,10.52,4425
33581,10.99,750.0,750,2,6.75,9165
33582,9.95,750.0,750,2,6.46,4425
33682,17.99,1500.0,1500,2,10.88,1392
33683,17.99,1500.0,1500,2,10.38,1392
33731,12.99,750.0,750,2,7.48,10754
33819,15.99,750.0,750,2,10.8,4425
33873,6.49,750.0,750,2,4.48,3252
33874,12.49,1500.0,1500,2,6.62,3252
33965,21.99,750.0,750,2,13.72,2000
33971,28.99,750.0,750,2,19.07,2000
33988,9.99,1500.0,1500,2,6.49,6785
34133,9.99,1500.0,1500,2,6.12,3252
34134,9.99,1500.0,1500,2,5.84,3252
34137,10.99,750.0,750,2,6.84,7153
34175,9.99,1500.0,1500,2,6.49,4425
34388,16.99,750.0,750,2,9.93,10754
34393,13.99,750.0,750,2,8.05,10754
34427,21.99,750.0,750,2,13.81,3252
34428,15.99,750.0,750,2,9.55,3252
34429,16.99,750.0,750,2,11.72,3252
34430,21.99,750.0,750,2,15.06,3252
34431,17.99,750.0,750,2,10.32,1590
34439,15.99,750.0,750,2,8.38,9552
34460,10.99,750.0,750,2,7.23,4425
34532,13.99,750.0,750,2,9.2,4425
34580,28.99,750.0,750,2,18.82,9165
34752,21.99,750.0,750,2,14.56,4425
34763,11.99,750.0,750,2,7.79,9552
34825,19.99,750.0,750,2,9.73,3252
34850,13.99,750.0,750,2,8.6,7153
34870,8.99,750.0,750,2,5.84,10754
34903,6.79,750.0,750,2,4.59,9552
34904,6.79,750.0,750,2,4.68,9552
34905,6.79,750.0,750,2,4.41,9552
34951,17.99,750.0,750,2,11.48,8673
34996,16.99,1500.0,1500,2,11.4,9165
34998,16.99,750.0,750,2,10.66,9165
35049,12.99,750.0,750,2,8.66,9552
35075,10.99,750.0,750,2,7.58,653
35088,9.99,750.0,750,2,5.8,7153
35103,9.99,750.0,750,2,6.7,1392
35318,11.49,750.0,750,2,7.46,17032
35319,14.49,750.0,750,2,9.66,17032
35375,31.99,750.0,750,2,19.73,4425
35393,12.99,750.0,750,2,8.6,9552
35411,6.99,750.0,750,2,4.69,4425
35412,9.99,1500.0,1500,2,5.97,4425
35413,6.99,750.0,750,2,4.72,4425
35414,9.99,1500.0,1500,2,6.13,4425
35442,14.99,750.0,750,2,8.21,9552
35464,45.99,750.0,750,2,28.44,8673
35471,7.99,750.0,750,2,3.35,1392
35472,8.99,1500.0,1500,2,5.88,1392
35480,19.99,750.0,750,2,13.42,10754
35490,11.99,750.0,750,2,7.58,9552
35578,9.99,750.0,750,2,4.57,3252
35590,10.99,750.0,750,2,7.53,9552
35607,9.99,750.0,750,2,4.63,4425
35646,18.99,750.0,750,2,11.61,4425
35650,18.99,750.0,750,2,12.92,4425
35664,9.99,1500.0,1500,2,6.5,3252
35666,9.99,1500.0,1500,2,6.12,3252
35668,10.99,1500.0,1500,2,7.33,3252
35670,10.99,1500.0,1500,2,7.33,3252
35800,11.99,750.0,750,2,7.99,4425
35862,19.99,750.0,750,2,13.6,3252
35896,44.99,750.0,750,2,31.03,9552
35913,8.99,1500.0,1500,2,5.47,9819
35914,8.99,1500.0,1500,2,5.51,9819
35916,8.99,1500.0,1500,2,5.29,9819
35918,10.99,1500.0,1500,2,6.49,9819
35990,154.99,750.0,750,2,73.5,10754
36063,1499.99,750.0,750,2,753.42,10754
36080,274.99,750.0,750,2,134.01,10754
36081,274.99,750.0,750,2,134.58,10754
36100,29.99,750.0,750,2,20.54,9165
36101,55.99,750.0,750,2,37.58,9165
36138,10.99,750.0,750,2,7.38,10754
36139,13.99,750.0,750,2,9.65,10754
36153,13.99,750.0,750,2,9.58,3252
36161,9.99,750.0,750,2,5.84,8673
36199,13.99,750.0,750,2,8.05,9552
36200,13.99,750.0,750,2,8.21,9552
36268,19.99,750.0,750,2,11.84,4425
36284,14.99,750.0,750,2,7.89,17033
36344,12.99,750.0,750,2,8.72,9552
36378,9.97,1500.0,1500,2,6.83,9165
36523,14.99,750.0,750,2,10.34,4425
36524,14.99,750.0,750,2,10.13,4425
36558,9.99,1500.0,1500,2,6.66,8320
36573,17.99,750.0,750,2,11.25,9552
36620,16.99,750.0,750,2,10.95,3252
36623,28.99,750.0,750,2,19.72,3252
36648,59.99,750.0,750,2,39.18,4425
36766,18.99,750.0,750,2,10.95,1392
36770,9.99,1500.0,1500,2,6.13,4425
36771,9.99,1500.0,1500,2,5.97,4425
36843,16.99,750.0,750,2,11.25,10754
36852,13.99,750.0,750,2,9.58,10754
36874,6.99,750.0,750,2,4.63,4425
36989,10.99,750.0,750,2,7.43,10754
37049,21.99,750.0,750,2,13.6,4425
37058,28.99,750.0,750,2,19.46,4425
37071,16.99,750.0,750,2,11.56,4425
37083,11.49,750.0,750,2,7.51,17032
37121,12.99,750.0,750,2,8.72,17031
37152,20.99,750.0,750,2,12.9,4425
37235,11.99,750.0,750,2,8.1,9552
37312,11.99,750.0,750,2,7.99,10754
37313,11.99,750.0,750,2,6.75,10754
37387,30.99,750.0,750,2,21.37,10754
37401,8.99,750.0,750,2,5.26,9552
37433,9.99,750.0,750,2,4.32,516
37435,31.99,750.0,750,2,20.91,9165
37527,10.99,1500.0,1500,2,7.18,3252
37601,19.99,3000.0,3000,2,9.2,2000
37604,19.99,3000.0,3000,2,9.26,2000
37607,19.99,3000.0,3000,2,9.39,2000
37656,19.99,750.0,750,2,13.51,3252
37678,10.99,750.0,750,2,6.53,4425
37731,12.99,3000.0,3000,2,6.7,9815
37735,10.99,1500.0,1500,2,7.58,516
37765,8.99,750.0,750,2,6.12,9165
37785,11.99,1500.0,1500,2,8.21,4425
37786,9.99,1500.0,1500,2,6.45,4425
37790,27.99,750.0,750,2,16.88,10754
37792,7.99,750.0,750,2,4.63,1392
37822,26.99,750.0,750,2,11.72,9165
37826,6.99,750.0,750,2,4.66,4425
37827,7.99,750.0,750,2,5.15,4425
37828,9.99,1500.0,1500,2,6.66,4425
37840,8.99,750.0,750,2,5.4,8892
37904,12.99,750.0,750,2,6.45,9815
37923,13.99,750.0,750,2,7.43,516
37926,13.99,750.0,750,2,8.05,516
37984,10.99,750.0,750,2,7.58,4425
38131,9.99,1500.0,1500,2,6.84,6785
38133,6.99,750.0,750,2,3.92,10754
38178,7.99,750.0,750,2,4.13,1392
38179,7.99,750.0,750,2,4.13,1392
38180,7.99,750.0,750,2,3.97,1392
38181,7.99,750.0,750,2,3.97,1392
38241,56.99,750.0,750,2,37.25,10754
38264,9.99,750.0,750,2,6.89,7153
38348,13.99,750.0,750,2,9.26,1392
38369,14.99,750.0,750,2,9.0,4425
38370,9.95,750.0,750,2,6.59,4425
38441,10.99,750.0,750,2,6.7,1392
38457,6.79,750.0,750,2,4.59,9552
38471,13.99,750.0,750,2,9.2,9552
38502,6.99,750.0,750,2,4.57,1392
38528,38.99,750.0,750,2,25.48,4425
38546,9.99,750.0,750,2,5.06,1392
38549,6.99,750.0,750,2,4.82,9165
38651,15.99,750.0,750,2,10.73,9165
38652,20.99,750.0,750,2,13.65,9165
38771,16.99,750.0,750,2,11.4,653
38772,17.99,750.0,750,2,10.96,653
38850,7.99,750.0,750,2,4.65,1392
38859,59.99,375.0,375,2,32.46,1392
38888,27.99,750.0,750,2,16.88,9552
38898,29.99,750.0,750,2,20.13,3252
38899,12.99,750.0,750,2,7.28,3252
38946,8.99,750.0,750,2,5.59,2000
38950,9.99,750.0,750,2,6.8,10754
39087,12.99,3000.0,3000,2,6.66,9815
39146,9.99,750.0,750,2,6.53,9819
39254,10.99,750.0,750,2,6.9,3252
39256,9.99,750.0,750,2,5.16,9552
39282,10.99,750.0,750,2,6.84,9815
39335,14.99,750.0,750,2,8.75,4425
39348,9.95,750.0,750,2,6.5,1590
39356,17.99,3000.0,3000,2,11.56,2242
39357,17.99,3000.0,3000,2,11.33,2242
39358,17.99,3000.0,3000,2,11.03,2242
39384,14.99,750.0,750,2,8.96,2000
39410,8.99,750.0,750,2,6.12,3252
39411,8.99,750.0,750,2,5.84,3252
39413,7.49,750.0,750,2,5.06,3252
39470,6.29,750.0,750,2,3.22,3252
39472,27.99,750.0,750,2,18.06,10754
39473,27.99,750.0,750,2,18.49,10754
39479,9.99,750.0,750,2,5.29,3252
39491,13.99,750.0,750,2,8.1,17031
39523,22.99,750.0,750,2,15.53,8112
39593,9.99,1500.0,1500,2,6.33,3252
39599,7.99,0.0,187,2,4.51,1392
39631,10.99,750.0,750,2,5.44,4425
39654,9.99,1500.0,1500,2,6.75,8892
39689,12.99,750.0,750,2,8.66,7153
39708,7.99,750.0,750,2,4.72,1392
39716,7.99,750.0,750,2,5.4,1392
39750,11.99,750.0,750,2,5.13,8673
39764,31.99,750.0,750,2,18.29,9552
39775,8.99,750.0,750,2,5.84,4425
39923,9.95,750.0,750,2,6.55,1590
39974,13.99,750.0,750,2,9.26,9552
39979,14.99,1500.0,1500,2,7.84,4425
39983,14.99,1500.0,1500,2,7.89,4425
40051,7.99,750.0,750,2,4.54,9815
40053,9.99,750.0,750,2,5.99,17035
40054,12.99,750.0,750,2,7.48,17035
40096,16.99,3000.0,3000,2,10.52,1392
40097,16.99,3000.0,3000,2,10.59,1392
40098,16.99,3000.0,3000,2,10.38,1392
40114,13.99,750.0,750,2,6.66,480
40193,9.99,750.0,750,2,4.83,1392
40332,13.49,750.0,750,2,8.21,8112
40337,9.99,750.0,750,2,6.57,3252
40425,13.99,750.0,750,2,6.42,9552
40545,14.99,750.0,750,2,9.93,3252
40621,17.99,750.0,750,2,10.52,4425
40801,10.99,750.0,750,2,7.33,7153
41030,16.99,750.0,750,2,11.03,8892
41032,16.99,750.0,750,2,11.56,8892
41033,8.99,750.0,750,2,5.91,8892
41034,8.99,750.0,750,2,5.26,8892
41062,17.99,750.0,750,2,11.91,9552
41070,12.99,750.0,750,2,7.28,9552
41072,13.99,750.0,750,2,8.16,9552
41143,11.99,750.0,750,2,5.26,8673
41159,25.99,750.0,750,2,16.1,4425
41212,15.99,750.0,750,2,10.52,9165
41213,19.99,750.0,750,2,12.07,9165
41231,9.99,750.0,750,2,6.53,7153
41251,5.99,750.0,750,2,3.39,9819
41252,7.99,1500.0,1500,2,5.13,9819
41253,9.99,750.0,750,2,6.09,9819
41254,9.99,750.0,750,2,5.85,9819
41321,16.95,750.0,750,2,10.94,4425
41405,14.99,750.0,750,2,9.8,653
41537,27.99,750.0,750,2,18.06,4425
41546,7.99,750.0,750,2,5.51,1392
41575,55.99,750.0,750,2,33.77,4425
41605,59.99,750.0,750,2,40.26,9165
41612,36.99,750.0,750,2,24.18,4425
41629,15.99,750.0,750,2,9.08,4425
41633,12.99,750.0,750,2,8.6,10754
41711,4.99,750.0,750,2,3.22,9815
41712,4.99,750.0,750,2,3.28,9815
41713,4.99,750.0,750,2,3.22,9815
41714,4.99,750.0,750,2,3.22,9815
41751,8.99,750.0,750,2,6.2,1392
41759,7.99,750.0,750,2,5.44,6785
41762,99.99,750.0,750,2,66.66,4425
41787,30.99,750.0,750,2,21.08,2000
41827,12.99,750.0,750,2,8.16,516
41912,11.99,750.0,750,2,8.21,9819
41927,13.99,750.0,750,2,9.14,90024
41940,22.99,750.0,750,2,14.28,9165
41965,15.99,750.0,750,2,9.73,2000
42053,32.99,750.0,750,2,22.6,4425
42099,17.99,3000.0,3000,2,11.4,2242
42115,14.49,750.0,750,2,9.66,17032
42117,14.49,750.0,750,2,9.6,17032
42118,10.49,750.0,750,2,6.81,17032
42122,6.79,750.0,750,2,4.53,9552
42124,13.99,750.0,750,2,9.03,3252
42158,10.99,750.0,750,2,7.28,9552
42188,52.99,750.0,750,2,34.01,8112
42350,16.99,3000.0,3000,2,10.73,1392
42399,9.99,750.0,750,2,6.57,10754
42410,35.99,750.0,750,2,16.97,10754
42420,6.99,750.0,750,2,4.6,4425
42421,13.99,750.0,750,2,7.74,10754
42422,15.99,750.0,750,2,7.84,10754
42462,9.99,750.0,750,2,6.89,2242
42579,9.99,750.0,750,2,6.53,9552
42663,8.99,750.0,750,2,5.8,9819
42691,10.99,750.0,750,2,7.48,9552
42764,8.95,750.0,750,2,6.09,8673
42765,8.95,750.0,750,2,5.85,8673
42766,8.95,750.0,750,2,5.85,8673
42789,17.99,750.0,750,2,10.06,9819
42874,21.99,750.0,750,2,11.38,4425
42881,7.99,750.0,750,2,3.92,10754
42948,9.99,750.0,750,2,6.84,7153
42953,24.99,720.0,720,2,14.86,653
43043,6.99,750.0,750,2,4.51,4425
43092,21.99,750.0,750,2,14.48,9165
43124,5.99,300.0,300,2,4.1,8320
43143,8.99,750.0,750,2,6.03,10754
43223,8.99,750.0,750,2,5.93,10754
43224,13.99,750.0,750,2,9.2,10754
43225,32.99,750.0,750,2,18.29,10754
43245,9.95,750.0,750,2,6.59,1590
43308,9.99,750.0,750,2,6.89,4425
43362,109.99,750.0,750,2,68.93,4425
43365,9.99,1500.0,1500,2,6.89,6785
43430,9.99,750.0,750,2,6.7,6785
43434,25.99,750.0,750,2,15.58,4425
43777,17.99,750.0,750,2,12.16,9165
43798,11.99,750.0,750,2,6.45,516
43809,8.99,1500.0,1500,2,5.84,1392
43872,18.99,750.0,750,2,12.66,4425
43877,27.99,750.0,750,2,17.64,4425
43918,11.99,750.0,750,2,7.79,90027
43920,11.99,750.0,750,2,8.05,90027
43922,8.99,750.0,750,2,5.99,90027
43923,11.99,750.0,750,2,8.21,90027
43924,15.49,750.0,750,2,10.61,90027
44037,6.29,750.0,750,2,3.42,3252
44038,8.79,1500.0,1500,2,5.86,3252
44072,10.99,750.0,750,2,7.23,4425
44081,16.99,750.0,750,2,10.96,2000
44083,24.99,750.0,750,2,14.37,2000
44084,12.99,750.0,750,2,7.94,2000
44138,12.99,750.0,750,2,8.44,9165
44145,8.99,750.0,750,2,5.8,3252
44182,15.99,750.0,750,2,10.73,4425
44208,16.99,3000.0,3000,2,10.95,1392
44228,10.99,750.0,750,2,5.59,7153
44234,13.99,750.0,750,2,9.45,1590
44266,9.99,750.0,750,2,5.84,653
44334,11.99,750.0,750,2,7.84,2242
44337,12.99,750.0,750,2,8.44,2242
44340,12.99,750.0,750,2,8.84,2242
44413,7.99,750.0,750,2,3.44,9552
44494,6.79,750.0,750,2,4.5,9552
44511,15.49,750.0,750,2,9.49,3252
44547,74.99,750.0,750,2,45.15,4425
44620,15.99,750.0,750,2,10.73,9165
44650,95.99,750.0,750,2,66.2,4425
44712,21.99,750.0,750,2,13.79,1128
44714,19.99,750.0,750,2,13.51,4425
44717,13.99,750.0,750,2,9.08,8112
44719,9.99,750.0,750,2,6.89,6785
44733,10.99,750.0,750,2,5.19,90024
44734,10.99,750.0,750,2,5.44,90024
44756,17.99,750.0,750,2,11.03,10754
44780,21.99,750.0,750,2,12.9,90024
44818,9.99,750.0,750,2,6.53,1392
44828,14.99,750.0,750,2,8.6,90024
44911,16.99,750.0,750,2,10.52,90024
45063,6.99,750.0,750,2,4.79,9165
45266,12.99,750.0,750,2,6.53,2000
45294,10.99,1500.0,1500,2,7.53,2000
45322,8.99,750.0,750,2,4.66,9552
45332,6.99,750.0,750,2,4.69,1587
45392,18.99,750.0,750,2,12.25,4425
45460,9.99,750.0,750,2,6.53,1590
45496,8.99,750.0,750,2,5.29,7153
45525,9.99,750.0,750,2,5.91,516
45526,9.99,750.0,750,2,5.95,516
45535,10.99,1500.0,1500,2,6.57,6785
45599,19.99,750.0,750,2,11.72,9744
45600,10.99,750.0,750,2,7.33,9744
45605,8.99,750.0,750,2,6.12,9552
45647,9.99,750.0,750,2,6.49,10754
45752,9.99,750.0,750,2,6.53,7153
45769,11.99,750.0,750,2,6.65,9165
45770,13.99,750.0,750,2,9.45,9165
45822,9.99,750.0,750,2,5.37,10754
45845,17.99,750.0,750,2,10.66,4425
45848,11.99,750.0,750,2,6.63,10000
45866,9.99,750.0,750,2,6.8,4425
45921,9.99,750.0,750,2,5.13,1392
45992,10.99,750.0,750,2,6.75,90024
46021,11.99,750.0,750,2,6.61,9165
46023,12.99,750.0,750,2,6.57,9165
46060,13.99,750.0,750,2,8.49,3252
46070,12.99,750.0,750,2,8.96,9165
46093,9.99,750.0,750,2,6.53,1392
46096,9.99,750.0,750,2,6.8,4425
46098,8.99,750.0,750,2,6.03,8673
46141,24.99,750.0,750,2,12.98,90024
46189,17.99,750.0,750,2,11.33,8892
46201,17.99,750.0,750,2,11.25,4425
46202,9.99,1500.0,1500,2,6.05,4425
46217,6.99,750.0,750,2,4.72,1587
46297,11.99,1000.0,1000,2,7.74,90024
46299,9.99,750.0,750,2,6.49,10754
46310,6.99,750.0,750,2,4.72,2242
46311,6.99,750.0,750,2,4.76,2242
46326,12.99,750.0,750,2,8.38,90026
46327,6.99,650.0,650,2,4.54,90026
46379,16.99,750.0,750,2,9.39,3252
46380,16.99,750.0,750,2,9.03,3252
46381,17.99,750.0,750,2,9.14,3252
46402,7.99,750.0,750,2,5.47,4425
46424,9.99,750.0,750,2,6.62,4425
46429,9.99,750.0,750,2,5.8,4425
46447,10.99,750.0,750,2,6.12,3252
46458,14.99,750.0,750,2,7.71,4425
46475,11.99,750.0,750,2,6.75,9552
46476,9.99,750.0,750,2,6.89,9552
46489,12.99,750.0,750,2,7.48,4425
46555,8.99,750.0,750,2,5.84,6785
46580,11.99,750.0,750,2,5.19,90024
46599,10.99,750.0,750,2,7.53,10754
46600,10.99,750.0,750,2,7.58,10754
46621,23.99,750.0,750,2,15.48,8673
46725,21.99,750.0,750,2,12.98,90024
46734,9.99,750.0,750,2,6.84,2242
46762,12.99,750.0,750,2,7.99,4425
46763,11.99,750.0,750,2,8.05,4425
46764,12.99,750.0,750,2,8.21,4425
46765,79.99,750.0,750,2,35.94,9165
46788,8.99,750.0,750,2,5.62,9165
46826,14.99,375.0,375,2,10.34,90032
46830,9.99,750.0,750,2,5.91,9165
46882,13.99,750.0,750,2,9.33,10754
46899,239.99,3000.0,3000,2,165.51,8112
46923,11.99,750.0,750,2,8.1,90011
46934,17.99,750.0,750,2,10.31,9552
46950,7.99,750.0,750,2,5.36,90033
47014,13.99,750.0,750,2,8.16,9552
47090,23.99,750.0,750,2,15.58,8892
116,14.99,750.0,750,1,11.62,6830
117,34.99,750.0,750,1,27.77,9165
405,36.99,1750.0,1750,1,28.45,1128
523,10.49,750.0,750,2,7.09,4425
689,10.99,750.0,750,2,7.33,653
814,17.99,750.0,750,1,14.39,9552
825,41.99,1000.0,1000,1,29.99,3960
827,9.99,1000.0,1000,1,7.4,6213
875,8.99,1000.0,1000,1,6.56,12546
877,8.99,1000.0,1000,1,7.02,12546
1243,12.99,750.0,750,1,7.4,12546
1341,8.49,375.0,375,1,6.34,12546
1408,8.99,750.0,750,1,7.19,1128
1505,27.99,750.0,750,1,20.43,9165
1565,18.99,375.0,375,1,14.39,6213
2023,19.99,750.0,750,1,15.99,3960
2213,26.99,1750.0,1750,1,13.66,1439
2343,189.99,750.0,750,1,146.15,10754
2392,69.99,750.0,750,1,50.72,3960
2521,89.99,750.0,750,1,69.22,17035
2544,24.99,750.0,750,1,19.68,4425
2580,36.99,750.0,750,1,29.36,1273
2828,46.99,750.0,750,1,33.81,1273
2929,25.99,750.0,750,1,19.54,4425
2978,20.99,750.0,750,1,15.43,4425
3008,20.99,1750.0,1750,1,11.31,12546
3053,0.99,50.0,50,1,0.79,7245
3065,0.99,50.0,50,1,0.71,7245
3095,19.99,750.0,750,1,14.28,9552
3096,0.99,50.0,50,1,0.72,7245
3236,12.99,750.0,750,1,6.78,12546
3395,14.99,750.0,750,1,10.15,3960
3414,4.99,375.0,375,1,2.96,3252
3613,89.99,750.0,750,1,67.66,480
3661,0.99,50.0,50,1,0.72,3960
3673,19.99,750.0,750,1,11.36,8664
3740,6.99,750.0,750,1,5.26,9625
3748,12.99,750.0,750,1,7.02,3960
3831,3.79,50.0,50,1,2.89,480
4052,64.99,750.0,750,1,46.42,1485
4112,7.99,750.0,750,1,5.71,12546
4203,16.99,1750.0,1750,1,12.59,8004
4212,18.99,1750.0,1750,1,14.5,8004
4357,9.99,750.0,750,1,7.46,480
4383,9.99,750.0,750,1,7.46,480
4498,42.99,750.0,750,1,28.56,6785
5112,24.99,750.0,750,1,13.95,3960
5322,22.99,750.0,750,1,17.42,4692
5603,0.99,50.0,50,1,0.79,8004
5653,17.99,750.0,750,1,14.05,17035
5654,11.99,750.0,750,1,9.52,7153
5836,24.99,1000.0,1000,1,19.08,9622
6240,8.99,1500.0,1500,2,5.36,516
6322,11.99,1500.0,1500,2,8.16,7239
6368,5.99,750.0,750,2,4.13,6785
6438,5.99,750.0,750,2,3.22,9819
6460,6.99,750.0,750,2,4.76,8673
6584,11.99,750.0,750,2,8.1,9552
6648,8.99,1500.0,1500,2,5.15,1392
6687,14.99,750.0,750,2,10.06,4425
6724,6.99,750.0,750,2,4.63,9819
6735,9.99,1500.0,1500,2,6.53,3252
6748,5.99,750.0,750,2,3.89,3252
6869,14.99,750.0,750,2,6.8,9815
6995,6.99,1500.0,1500,2,4.79,3252
7205,15.99,750.0,750,1,8.91,9165
7294,6.99,1750.0,1750,1,5.5,2396
7311,15.99,1750.0,1750,1,11.76,3252
7316,15.99,1750.0,1750,1,12.02,3252
7328,8.99,750.0,750,1,6.76,3252
7371,12.99,1500.0,1500,2,7.14,516
8010,54.99,750.0,750,1,39.28,11567
8036,11.99,3000.0,3000,2,8.27,3252
8063,1.99,50.0,50,1,1.59,17035
8198,14.99,750.0,750,1,10.78,6785
8233,24.99,750.0,750,1,17.31,1590
8359,7.99,750.0,750,2,3.2,1392
8367,14.99,4000.0,4000,2,9.93,3252
8496,14.99,750.0,750,1,11.62,4692
8630,7.99,750.0,750,2,5.47,516
8688,9.99,3000.0,3000,2,6.62,1392
8728,15.99,1500.0,1500,2,9.45,8320
8729,0.99,50.0,50,1,0.74,3960
8741,24.99,750.0,750,2,16.33,4425
8801,0.99,50.0,50,1,0.78,3960
10205,26.99,750.0,750,2,16.99,1392
10298,9.99,750.0,750,2,4.51,3252
10372,8.99,750.0,750,2,5.33,2000
10415,14.99,750.0,750,2,8.6,10754
11314,13.99,750.0,750,2,9.39,3960
12181,35.99,750.0,750,2,24.48,4692
12505,10.99,750.0,750,2,6.16,7153
12775,10.99,750.0,750,2,6.8,8892
12944,9.99,750.0,750,2,6.8,9165
13052,8.49,750.0,750,2,5.47,8673
13154,12.99,750.0,750,2,7.79,4425
13489,18.99,750.0,750,2,12.83,3252
13595,50.99,750.0,750,2,32.88,7153
13614,17.99,750.0,750,2,11.68,4425
13694,15.99,750.0,750,2,10.8,3252
13731,17.99,1500.0,1500,2,11.61,1392
13854,14.99,750.0,750,2,10.34,1392
14130,9.99,750.0,750,2,5.8,8673
14279,7.99,750.0,750,2,5.22,516
14818,19.99,750.0,750,2,10.73,1392
14972,32.99,750.0,750,2,21.47,8673
15047,18.99,750.0,750,2,8.24,2000
15156,14.49,3000.0,3000,2,8.84,8352
15232,49.99,750.0,750,2,29.99,4425
15266,6.99,750.0,750,2,4.54,3252
15399,11.99,750.0,750,2,7.28,9552
15582,11.99,750.0,750,2,8.1,90047
15620,9.99,750.0,750,2,6.7,516
15835,8.99,750.0,750,2,6.16,4950
15916,6.99,750.0,750,2,4.57,1392
15917,6.99,750.0,750,2,4.66,1392
15922,11.49,750.0,750,2,7.82,4425
15981,14.99,750.0,750,2,9.33,9165
16428,9.99,750.0,750,2,6.2,2242
16429,9.99,750.0,750,2,5.8,2242
16469,7.99,750.0,750,2,4.79,8892
16484,15.99,750.0,750,2,10.52,4425
16540,20.99,750.0,750,2,13.63,7153
16653,144.99,750.0,750,2,96.02,4425
16756,19.99,750.0,750,2,13.33,653
16819,11.99,750.0,750,2,8.21,8673
16826,6.99,750.0,750,2,4.69,1392
16878,7.99,750.0,750,2,5.22,9165
16948,7.99,750.0,750,2,3.89,1392
16989,11.99,750.0,750,2,6.07,8673
17167,11.99,750.0,750,2,6.82,10000
17324,11.99,750.0,750,2,7.94,4425
17457,8.99,750.0,750,2,5.84,12546
17595,16.99,750.0,750,2,11.03,1601
18380,36.99,750.0,750,2,24.48,8673
18875,7.99,1500.0,1500,2,5.15,8004
18877,7.99,1500.0,1500,2,5.15,8004
19158,13.99,750.0,750,2,6.45,90024
19169,7.99,750.0,750,2,5.4,9165
19258,9.99,750.0,750,2,6.45,653
19357,5.99,375.0,375,2,3.92,10000
19611,94.99,1500.0,1500,2,61.28,8112
19740,15.99,750.0,750,2,10.95,9819
19814,12.99,750.0,750,2,8.9,4425
19962,17.99,750.0,750,2,9.86,4692
19977,10.99,300.0,300,2,7.58,7153
20023,79.99,750.0,750,2,48.69,2000
20419,19.49,750.0,750,2,12.82,4692
20420,12.99,750.0,750,2,8.66,4692
20425,18.99,750.0,750,2,8.16,9165
20429,10.99,750.0,750,2,7.53,9165
20729,8.99,750.0,750,2,5.99,7153
20731,8.99,750.0,750,2,5.95,7153
21121,9.99,750.0,750,2,5.51,7153
21129,17.99,750.0,750,2,11.56,4425
21329,17.99,750.0,750,2,10.52,9165
22192,12.99,1500.0,1500,2,7.23,516
22275,22.99,750.0,750,2,14.93,4425
22289,12.99,750.0,750,2,8.84,1587
22583,23.99,750.0,750,2,13.6,9552
22757,6.99,750.0,750,2,4.82,9819
23155,19.99,750.0,750,2,12.58,6785
23273,9.99,750.0,750,2,6.45,3252
23660,12.99,750.0,750,2,8.55,4425
23793,12.99,750.0,750,2,8.16,90047
23870,10.99,750.0,750,2,6.16,516
23895,7.99,750.0,750,2,5.4,4425
23896,12.99,750.0,750,2,7.58,10754
24286,23.99,750.0,750,2,14.83,10000
24673,12.99,1500.0,1500,2,8.96,516
25039,9.99,1500.0,1500,2,5.34,8892
25373,11.99,750.0,750,2,7.74,6785
25603,17.99,750.0,750,2,11.4,6785
25777,13.99,750.0,750,2,8.96,4425
26091,9.99,750.0,750,2,6.2,9165
26134,8.99,750.0,750,2,6.07,1392
26236,8.99,750.0,750,2,4.76,1587
26530,7.99,1500.0,1500,2,4.72,9815
26551,21.99,4000.0,4000,2,14.19,2000
26558,25.99,750.0,750,2,16.54,4425
26755,14.99,5000.0,5000,2,9.67,9815
26885,19.99,750.0,750,2,13.07,9744
27111,59.99,750.0,750,2,40.26,9165
27472,12.99,750.0,750,2,8.6,6785
27503,11.99,750.0,750,2,7.09,8673
27515,13.99,750.0,750,2,8.96,1392
27591,31.99,750.0,750,2,20.94,9165
27798,9.99,750.0,750,2,6.49,4425
28070,9.99,1500.0,1500,2,6.66,8892
28146,11.99,750.0,750,2,7.84,2000
28214,11.99,750.0,750,2,8.1,4425
28580,28.99,750.0,750,2,14.83,4425
28736,5.99,750.0,750,2,4.1,3252
29081,7.99,750.0,750,2,5.44,9819
29118,10.99,750.0,750,2,6.8,6785
29353,28.99,750.0,750,2,17.41,4425
29477,7.99,750.0,750,2,4.75,1392
29616,13.99,750.0,750,2,8.55,4425
29619,13.99,750.0,750,2,9.52,9552
29942,12.99,3000.0,3000,2,8.49,3252
31172,19.99,1500.0,1500,2,11.72,9552
31233,10.99,750.0,750,2,7.43,2000
31384,26.99,750.0,750,2,17.44,4425
31458,8.99,1500.0,1500,2,5.4,9815
31558,12.99,750.0,750,2,8.44,4425
31561,22.99,750.0,750,2,15.17,7153
32090,18.99,750.0,750,2,11.68,4425
32137,15.99,750.0,750,2,9.39,2000
32203,12.99,750.0,750,2,8.38,3252
33055,8.99,750.0,750,2,6.16,9552
33307,15.99,750.0,750,2,10.59,6785
33684,17.99,1500.0,1500,2,10.32,1392
33953,11.99,750.0,750,2,7.99,4425
33963,11.99,750.0,750,2,4.6,2000
33982,18.99,750.0,750,2,10.8,4425
34060,13.99,750.0,750,2,9.08,6785
34504,13.99,750.0,750,2,9.45,9552
35130,8.99,750.0,750,2,5.51,1587
35294,4.99,187.0,187,2,3.44,9552
35380,15.99,750.0,750,2,8.6,4425
35392,12.99,750.0,750,2,8.38,9552
35581,36.99,750.0,750,2,25.16,4425
35605,9.99,750.0,750,2,6.66,4425
35606,9.99,750.0,750,2,6.07,4425
35976,9.99,750.0,750,2,6.49,10754
36473,13.99,750.0,750,2,8.38,4425
36750,7.99,750.0,750,2,4.79,9815
37310,9.99,750.0,750,2,6.75,10754
37311,9.99,750.0,750,2,6.89,10754
37657,17.99,750.0,750,2,12.16,3252
37821,10.99,750.0,750,2,4.6,9165
37842,12.99,750.0,750,2,7.74,8892
38483,10.99,750.0,750,2,7.23,10754
38542,12.99,750.0,750,2,7.18,9552
38635,17.99,750.0,750,2,11.48,9165
38644,10.99,750.0,750,2,6.75,9165
38822,9.99,750.0,750,2,6.84,9552
39062,17.99,750.0,750,2,12.41,90047
39412,8.99,750.0,750,2,5.88,3252
39648,14.99,750.0,750,2,9.03,8673
39717,9.99,750.0,750,2,4.9,1392
40559,10.99,750.0,750,2,7.23,653
41372,16.99,750.0,750,2,9.73,4425
41530,9.99,750.0,750,2,5.84,9165
42212,7.99,750.0,750,2,4.07,1392
42255,24.99,750.0,750,2,16.33,4425
42413,8.99,1500.0,1500,2,5.84,1392
42640,9.99,750.0,750,2,6.8,1590
42642,11.99,750.0,750,2,8.21,1590
42735,13.99,750.0,750,2,8.1,4425
43129,12.99,750.0,750,2,7.89,90011
43292,10.99,1500.0,1500,2,6.49,9815
43359,39.99,750.0,750,2,27.02,4425
43590,15.99,750.0,750,2,10.2,8673
43737,9.99,750.0,750,2,5.88,8892
43788,54.99,750.0,750,2,34.01,8112
43808,7.99,750.0,750,2,3.3,1392
43832,10.99,750.0,750,2,5.8,1392
44035,11.99,750.0,750,2,6.84,4425
44041,12.99,1500.0,1500,2,7.61,3252
44148,6.99,750.0,750,2,4.66,3252
44217,15.99,750.0,750,2,10.95,1392
44233,9.99,750.0,750,2,6.84,1590
44362,10.99,750.0,750,2,6.66,9165
44452,10.99,750.0,750,2,6.49,1392
44854,52.99,750.0,750,2,35.37,4425
44915,9.99,750.0,750,2,6.45,90024
45203,7.89,750.0,750,2,5.12,9165
45276,6.79,750.0,750,2,4.56,9552
45333,6.99,750.0,750,2,4.76,1587
45876,14.99,750.0,750,2,10.34,3252
45885,19.99,750.0,750,2,12.98,4425
46298,11.99,1000.0,1000,2,8.16,90024
46324,11.99,750.0,750,2,8.27,90026
46568,8.99,1500.0,1500,2,6.03,1392
46783,8.99,750.0,750,2,5.74,9165
47027,8.99,1500.0,1500,2,5.29,1392
1757,159.99,750.0,750,1,116.78,480
1890,54.99,750.0,750,1,41.66,17035
2247,219.99,750.0,750,1,162.69,3664
2303,149.99,750.0,750,1,114.5,3664
2577,49.99,750.0,750,1,37.87,1128
2943,119.99,375.0,375,1,91.6,2561
3439,16.99,750.0,750,1,13.48,5992
4132,27.99,750.0,750,1,20.28,8150
4138,27.99,750.0,750,1,22.21,8150
4697,249.99,750.0,750,1,187.96,12546
5098,21.99,750.0,750,1,16.79,7245
5167,31.99,750.0,750,1,23.01,516
5430,349.99,750.0,750,1,275.58,8112
5492,149.99,750.0,750,1,115.38,8112
5643,14.99,375.0,375,1,10.71,17031
6681,23.99,750.0,750,2,15.89,4692
8918,33.99,750.0,750,1,24.61,2450
8976,29.99,750.0,750,1,19.99,2450
13086,279.99,750.0,750,2,186.66,9165
14684,49.99,750.0,750,2,29.6,4425
19218,119.99,750.0,750,2,80.53,8112
19264,69.99,750.0,750,2,47.94,9552
19419,10.99,375.0,375,2,6.62,10000
19660,19.99,750.0,750,2,13.24,10754
19661,19.99,750.0,750,2,13.69,10754
21783,13.49,750.0,750,2,8.7,90053
21784,12.99,750.0,750,2,8.66,90053
23067,21.99,375.0,375,2,13.81,17035
24152,13.49,750.0,750,2,9.24,90053
24153,12.99,750.0,750,2,8.72,90053
25838,18.99,750.0,750,2,12.49,7153
26947,20.99,750.0,750,2,13.72,2000
31356,79.99,750.0,750,2,54.41,9552
31573,10.99,750.0,750,2,6.49,7153
36625,21.99,750.0,750,2,14.18,3252
36749,15.99,375.0,375,2,10.38,9165
39098,21.99,750.0,750,2,14.76,9552
41215,14.49,750.0,750,2,9.86,17031
109,6.49,1000.0,1000,1,4.95,660
114,6.49,1000.0,1000,1,5.11,660
161,12.99,1000.0,1000,1,9.28,12546
549,8.99,1000.0,1000,1,6.42,12546
756,6.99,1000.0,1000,1,5.34,660
771,14.99,750.0,750,1,11.44,60
878,9.99,1000.0,1000,1,7.46,12546
904,17.99,1000.0,1000,1,12.22,17035
982,6.99,1000.0,1000,1,5.46,5992
1259,27.99,0.0,200,1,21.05,9165
1276,4.99,50.0,50,1,3.87,1128
1460,15.99,750.0,750,1,12.4,1128
1515,15.99,750.0,750,1,10.14,12546
2396,29.99,750.0,750,1,20.15,12546
2505,26.99,750.0,750,1,16.78,12546
2530,229.99,750.0,750,1,170.36,2561
3068,12.99,750.0,750,1,7.41,12546
3098,10.99,750.0,750,1,8.52,7245
3266,11.99,750.0,750,1,8.75,11567
3277,11.99,750.0,750,1,8.82,11567
3382,4.99,375.0,375,1,2.85,3252
3523,12.99,750.0,750,1,7.19,12546
3646,19.99,1750.0,1750,1,15.38,5992
3686,9.49,750.0,750,1,7.59,3960
3697,1.99,50.0,50,1,1.58,3960
3816,9.99,750.0,750,1,7.4,3960
4292,18.99,1750.0,1750,1,13.76,3252
4384,11.99,750.0,750,1,7.51,480
4467,14.99,750.0,750,1,11.71,12546
4535,19.99,0.0,750,1,14.49,480
4845,7.99,750.0,750,1,6.39,8352
4848,13.99,1750.0,1750,1,10.93,8352
4978,10.49,750.0,750,1,7.24,4380
5268,8.99,750.0,750,1,6.56,660
5286,3.99,1000.0,1000,1,2.93,3924
5880,11.99,1750.0,1750,1,9.15,8352
6245,10.99,1500.0,1500,2,7.58,1590
6314,11.99,3000.0,3000,2,7.74,3252
6360,13.99,3000.0,3000,2,9.26,1392
6361,7.99,750.0,750,2,5.4,3252
6362,7.99,750.0,750,2,5.29,3252
6366,19.99,750.0,750,2,13.42,4425
6378,11.99,1500.0,1500,2,6.62,516
6394,13.99,3000.0,3000,2,9.14,1392
6523,14.99,5000.0,5000,2,10.06,9815
6568,4.99,750.0,750,2,3.22,3252
6635,9.99,1500.0,1500,2,6.66,3252
6655,6.99,1500.0,1500,2,4.79,3252
6734,9.99,1500.0,1500,2,6.49,3252
6782,13.99,5000.0,5000,2,9.65,3252
6877,18.99,750.0,750,1,13.56,98450
6974,18.99,750.0,750,2,9.08,9815
7240,6.99,1750.0,1750,1,5.42,2396
7265,16.99,750.0,750,2,10.45,4692
7266,14.99,750.0,750,2,9.14,4692
7718,5.99,750.0,750,2,3.68,3252
7818,5.99,750.0,750,2,3.71,3252
8038,11.99,3000.0,3000,2,4.33,3252
8065,0.99,50.0,50,1,0.77,3960
8151,0.99,50.0,50,1,0.71,9552
8268,4.49,1000.0,1000,2,3.03,1392
8272,4.49,1000.0,1000,2,2.92,1392
8282,0.99,50.0,50,1,0.71,4425
8323,14.99,750.0,750,1,11.9,7245
8327,16.99,750.0,750,1,10.94,7245
8423,6.99,1500.0,1500,2,4.69,1392
8432,0.99,50.0,50,1,0.74,4425
8475,1.79,187.0,187,2,1.23,1392
8567,9.99,3000.0,3000,2,6.75,1392
8704,15.99,750.0,750,2,8.66,9819
8767,29.99,750.0,750,1,19.68,9165
8847,5.99,750.0,750,2,3.97,1392
8907,6.99,1500.0,1500,2,4.63,3252
8965,54.99,750.0,750,1,39.85,9165
10374,8.99,750.0,750,2,5.19,2000
10470,18.99,750.0,750,2,11.4,90024
10666,12.99,750.0,750,2,7.74,4425
10932,13.99,750.0,750,2,9.33,3252
11080,9.99,750.0,750,2,6.62,10754
11433,9.99,750.0,750,2,6.89,10754
11821,16.99,750.0,750,2,10.66,9165
12203,9.99,0.0,187,2,6.84,6785
12224,10.99,750.0,750,2,6.57,516
12253,14.99,750.0,750,2,5.22,9165
12353,19.99,750.0,750,2,13.07,9165
12374,14.99,750.0,750,2,6.66,90024
12465,14.99,750.0,750,2,6.16,4425
12593,29.99,750.0,750,2,18.61,1392
12607,29.99,750.0,750,2,18.36,1392
12681,11.99,750.0,750,2,8.1,9552
12946,9.99,750.0,750,2,6.57,9165
13550,52.99,500.0,500,2,34.45,9165
13565,13.99,750.0,750,2,5.51,516
13709,9.99,750.0,750,2,6.75,9552
14329,12.99,330.0,330,2,8.6,9260
14552,19.99,750.0,750,2,13.24,4425
14635,16.99,750.0,750,2,11.56,4425
14661,29.99,375.0,375,2,12.98,9165
14670,5.99,0.0,187,2,3.92,8892
14810,12.99,750.0,750,2,8.66,10754
15005,11.99,750.0,750,2,4.36,4425
15009,19.99,750.0,750,2,12.58,4425
15255,3.99,500.0,500,2,2.68,2242
15401,8.99,750.0,750,2,5.84,3252
15466,8.99,750.0,750,2,6.03,3252
15552,11.99,750.0,750,2,8.05,10754
15820,36.99,750.0,750,2,24.66,4692
15911,8.99,750.0,750,2,5.91,1392
16000,23.99,750.0,750,2,16.21,4425
16146,18.99,750.0,750,2,12.83,4425
16232,7.99,750.0,750,2,5.26,1392
16285,16.99,750.0,750,2,11.18,9165
16330,12.99,750.0,750,2,7.14,1590
16351,18.99,750.0,750,2,12.83,10754
16365,14.99,750.0,750,2,10.2,7749
16458,14.99,750.0,750,2,8.55,9552
16703,9.99,750.0,750,2,6.53,1587
16727,13.99,750.0,750,2,9.33,4425
16728,19.99,750.0,750,2,12.83,4425
16889,11.99,750.0,750,2,7.79,4692
16996,19.99,750.0,750,2,13.79,90032
17033,26.99,3000.0,3000,2,9.86,1392
17065,5.99,750.0,750,2,4.1,9819
17339,7.99,750.0,750,2,5.4,8735
17351,16.99,750.0,750,2,11.18,4425
17458,8.99,750.0,750,2,6.03,12546
17459,8.99,750.0,750,2,6.07,12546
17487,6.99,750.0,750,2,4.6,3252
17911,10.99,750.0,750,2,4.13,1392
17981,17.99,750.0,750,2,11.68,4425
17988,11.99,1500.0,1500,2,8.1,6785
17990,11.99,1500.0,1500,2,8.27,6785
18240,25.99,750.0,750,2,17.68,2000
18268,19.99,750.0,750,2,13.15,9165
18284,16.99,750.0,750,2,11.18,4692
18357,10.99,750.0,750,2,6.62,6785
18637,20.99,750.0,750,2,13.07,9165
18639,12.99,750.0,750,2,8.44,9165
18734,8.99,750.0,750,2,6.03,516
18838,9.49,330.0,330,2,6.41,9260
18884,15.99,750.0,750,2,9.67,4425
19191,11.99,750.0,750,2,6.53,2242
19746,17.99,750.0,750,2,6.77,4425
19908,15.99,750.0,750,2,9.58,1392
20010,11.99,750.0,750,2,6.62,7153
20730,8.99,750.0,750,2,6.12,7153
20885,19.99,750.0,750,2,6.7,7153
21299,12.99,750.0,750,2,8.78,9165
21300,15.99,750.0,750,2,6.8,653
21729,11.99,750.0,750,2,8.16,9744
22225,13.99,750.0,750,2,8.05,1650
22509,17.99,750.0,750,2,12.07,4425
22914,29.99,750.0,750,2,19.86,1392
23021,13.99,750.0,750,2,9.08,7153
23022,13.99,750.0,750,2,8.38,7153
23148,11.99,750.0,750,2,7.48,9165
23469,13.99,750.0,750,2,7.43,9744
23472,18.99,750.0,750,2,11.48,1590
23473,17.49,750.0,750,2,10.66,1590
24096,6.99,1500.0,1500,2,4.57,3252
24098,6.99,1500.0,1500,2,4.66,3252
24398,16.99,750.0,750,2,11.4,4425
24672,12.99,1500.0,1500,2,8.49,516
24778,22.99,1500.0,1500,2,14.66,6785
24846,18.99,750.0,750,2,12.25,1392
24971,13.49,750.0,750,2,7.18,9744
25522,5.99,0.0,187,2,4.1,8892
25918,9.99,750.0,750,2,5.88,1392
27097,88.99,750.0,750,2,51.72,4425
27176,13.99,5000.0,5000,2,9.2,3252
27368,20.99,750.0,750,2,14.38,9552
27556,12.99,750.0,750,2,8.9,9165
27802,24.49,375.0,375,2,16.33,8112
27807,4.99,750.0,750,2,3.37,1392
28238,10.99,750.0,750,2,5.95,516
28239,13.99,1500.0,1500,2,8.55,9165
28266,9.99,1500.0,1500,2,5.36,1392
28887,12.99,3000.0,3000,2,8.38,3252
28888,11.99,3000.0,3000,2,8.1,3252
28919,9.99,1500.0,1500,2,6.89,3252
29129,9.99,1500.0,1500,2,6.45,8892
29192,33.99,750.0,750,2,21.99,1587
29489,19.99,750.0,750,2,13.6,4425
29810,16.99,750.0,750,2,10.38,7153
31787,15.99,5000.0,5000,2,10.8,3252
32055,12.99,750.0,750,2,7.89,9819
32065,11.99,750.0,750,2,4.76,4425
32136,44.99,750.0,750,2,29.41,1587
32294,4.49,187.0,187,2,2.97,8112
32296,15.99,750.0,750,2,10.38,1392
32303,11.99,750.0,750,2,8.16,1590
33334,8.99,0.0,187,2,6.2,6785
33707,9.99,750.0,750,2,5.22,90024
33767,11.99,750.0,750,2,7.14,4425
33960,14.99,750.0,750,2,9.8,3252
34138,10.99,750.0,750,2,7.28,7153
34694,15.99,750.0,750,2,9.67,9165
35123,33.99,750.0,750,2,21.76,4425
35941,7.99,750.0,750,2,5.51,3252
35967,24.99,750.0,750,2,15.75,8112
35972,12.99,750.0,750,2,8.84,10754
36262,19.99,750.0,750,2,11.18,8112
36570,64.99,750.0,750,2,42.76,4425
37048,45.99,750.0,750,2,26.84,4425
37126,19.99,750.0,750,2,12.07,4425
38322,11.99,750.0,750,2,6.62,7153
38416,11.99,750.0,750,2,8.21,4425
38541,19.99,750.0,750,2,11.99,9552
38681,16.99,750.0,750,2,11.03,10754
38690,15.99,750.0,750,2,10.13,8673
39209,10.99,1500.0,1500,2,7.53,3252
39598,7.99,0.0,187,2,4.76,1392
39600,7.99,0.0,187,2,4.54,1392
39652,5.99,0.0,187,2,3.89,8892
39691,21.99,750.0,750,2,13.79,7153
40055,18.99,750.0,750,2,10.52,17035
40175,11.99,0.0,187,2,8.21,480
40436,14.99,750.0,750,2,9.67,4692
40454,14.99,1500.0,1500,2,5.29,4425
40483,14.99,750.0,750,2,10.2,1392
40538,15.99,750.0,750,2,10.8,4425
40786,15.99,750.0,750,2,9.8,10754
40926,4.99,750.0,750,2,3.28,1392
41415,12.99,750.0,750,2,8.6,9165
41416,14.99,300.0,300,2,8.49,653
41970,15.99,750.0,750,2,8.81,4425
41974,6.99,0.0,187,2,4.57,9819
41983,29.99,750.0,750,2,20.4,4425
42256,9.49,0.0,187,2,3.48,4425
43014,13.99,750.0,750,2,9.2,7749
43379,13.99,750.0,750,2,9.58,3252
43450,16.99,3000.0,3000,2,11.33,9815
43652,18.99,750.0,750,2,12.49,90011
43820,8.99,750.0,750,2,5.88,516
44106,14.99,750.0,750,2,9.86,9552
44278,18.99,750.0,750,2,6.07,9165
44493,46.99,750.0,750,2,31.07,10754
44761,5.49,250.0,250,2,3.68,8320
44912,16.99,750.0,750,2,10.88,90024
45474,49.99,750.0,750,2,33.55,4425
45823,9.99,750.0,750,2,6.66,10754
45871,11.99,750.0,750,2,5.66,9552
45993,10.99,750.0,750,2,6.49,90024
46135,10.99,750.0,750,2,3.28,90024
46185,22.99,750.0,750,2,15.75,4425
46428,9.99,750.0,750,2,6.03,4425
46498,9.99,1500.0,1500,2,6.75,6785
46551,29.99,750.0,750,2,16.77,3252
46785,8.99,750.0,750,2,5.86,9165
46829,11.99,750.0,750,2,8.1,9165
46947,12.99,750.0,750,2,7.28,9552
316,6.99,1000.0,1000,1,5.3,6213
881,8.99,1000.0,1000,1,6.56,12546
3059,13.99,750.0,750,1,11.1,8664
3321,9.29,1000.0,1000,1,6.93,3924
3468,14.99,750.0,750,1,10.86,7245
3577,24.99,750.0,750,1,19.08,12546
3671,1.99,50.0,50,1,1.54,8664
3842,5.79,1000.0,1000,1,4.39,660
4232,8.29,1000.0,1000,1,6.48,480
5015,7.99,750.0,750,1,5.88,8352
5596,14.99,1750.0,1750,1,11.62,3960
6266,7.79,1500.0,1500,2,5.06,3252
7269,7.99,1500.0,1500,2,5.44,3252
7750,27.99,1000.0,1000,1,22.21,11567
8446,5.99,1500.0,1500,1,4.64,1392
11915,32.99,750.0,750,2,19.6,4692
12368,10.99,750.0,750,2,7.09,9165
12900,5.99,750.0,750,2,4.13,3252
13505,9.99,750.0,750,2,5.8,516
13710,10.99,750.0,750,2,6.03,9552
15263,12.99,1500.0,1500,2,7.71,3252
17908,7.99,750.0,750,2,3.99,1392
19370,5.99,750.0,750,2,3.94,3252
20798,10.99,750.0,750,2,7.23,2242
21231,4.99,187.0,187,2,3.08,3252
22027,7.99,750.0,750,2,4.79,17035
23025,14.99,4000.0,4000,2,10.2,3252
23049,8.99,750.0,750,2,6.12,9815
23943,5.99,250.0,250,2,4.13,4425
24279,69.99,750.0,750,2,46.35,6785
28272,7.79,1500.0,1500,2,2.92,3252
28497,11.99,750.0,750,2,8.16,1587
35709,10.99,750.0,750,2,7.09,9552
36511,13.99,750.0,750,2,7.94,9552
36579,5.99,750.0,750,2,3.92,3252
37158,12.99,750.0,750,2,8.49,4425
38011,9.99,750.0,750,2,6.45,4425
38481,16.99,750.0,750,2,10.96,4425
60,10.99,750.0,750,1,7.4,12546
68,24.99,750.0,750,1,18.93,9165
97,14.49,1000.0,1000,1,11.15,3960
120,13.99,750.0,750,1,10.44,5992
159,34.99,0.0,750,1,27.99,8112
162,22.99,1000.0,1000,1,18.39,8664
172,23.99,750.0,750,1,17.59,11567
200,29.99,750.0,750,1,23.43,9165
202,28.99,1000.0,1000,1,22.3,3960
213,22.99,1000.0,1000,1,17.03,8664
217,21.99,1000.0,1000,1,14.7,17035
262,11.99,1000.0,1000,1,9.37,98450
264,12.99,1000.0,1000,1,10.15,98450
267,12.99,1000.0,1000,1,10.39,98450
269,3.99,1000.0,1000,1,3.17,8352
356,13.49,750.0,750,1,9.12,11567
363,21.99,1000.0,1000,1,17.05,9552
370,13.99,1000.0,1000,1,10.36,1128
428,9.49,1000.0,1000,1,6.83,12546
516,10.99,1000.0,1000,1,8.52,12546
518,15.99,1000.0,1000,1,11.84,17035
541,9.99,1000.0,1000,1,7.8,8352
565,20.49,1000.0,1000,1,15.52,480
583,16.99,1000.0,1000,1,12.22,17035
586,16.99,1000.0,1000,1,13.59,17035
587,16.99,1000.0,1000,1,12.49,17035
589,10.99,1000.0,1000,1,7.91,6213
598,22.99,1000.0,1000,1,17.82,8664
599,22.99,1000.0,1000,1,17.03,8664
600,7.29,1000.0,1000,1,5.21,5992
626,8.79,750.0,750,1,6.87,17035
658,2.99,1000.0,1000,1,2.2,9552
669,39.99,750.0,750,2,26.84,10754
703,16.49,1000.0,1000,1,11.78,11567
751,9.99,1000.0,1000,1,7.51,9552
764,14.49,1000.0,1000,1,10.42,3960
775,6.29,1000.0,1000,1,4.56,660
778,12.99,1000.0,1000,1,10.23,1392
800,31.99,1000.0,1000,1,24.02,17035
804,15.49,1000.0,1000,1,11.56,480
806,12.99,1000.0,1000,1,10.39,12546
832,9.99,1000.0,1000,1,7.24,6213
833,9.99,1000.0,1000,1,7.99,6213
837,9.99,1000.0,1000,1,7.93,6213
839,10.49,1000.0,1000,1,7.6,6213
844,9.99,1000.0,1000,1,7.19,6213
845,9.99,1000.0,1000,1,7.19,6213
853,9.99,1000.0,1000,1,7.4,6213
861,6.49,1000.0,1000,1,4.67,660
863,7.99,1000.0,1000,1,5.83,660
874,8.99,1000.0,1000,1,6.71,12546
889,12.99,1000.0,1000,1,9.84,12546
894,25.49,1000.0,1000,1,18.74,6213
897,6.79,1000.0,1000,1,4.92,660
899,19.99,1000.0,1000,1,14.5,17035
905,12.99,1000.0,1000,1,9.62,12546
912,14.49,1000.0,1000,1,11.15,3960
913,14.49,1000.0,1000,1,10.58,3960
914,14.49,1000.0,1000,1,11.5,3960
915,14.49,1000.0,1000,1,10.98,3960
920,9.99,1000.0,1000,1,7.57,9552
945,27.99,750.0,750,1,20.43,4425
979,7.79,1000.0,1000,1,5.9,5992
1029,6.99,750.0,750,1,5.26,3924
1048,6.49,750.0,750,1,5.11,7153
1056,13.49,750.0,750,2,9.18,6785
1236,18.99,1750.0,1750,1,13.56,1128
1339,47.99,1000.0,1000,1,35.38,17035
1516,23.99,750.0,750,1,14.59,2555
1895,6.99,1000.0,1000,1,5.07,4848
2020,13.99,750.0,750,1,10.84,11567
2252,29.99,750.0,750,1,22.05,9165
2380,15.99,750.0,750,1,12.4,17035
2584,18.99,750.0,750,1,14.28,17035
2647,56.99,750.0,750,1,41.3,4425
2784,9.79,1000.0,1000,1,7.25,660
2833,9.99,1000.0,1000,1,7.24,8320
2938,15.99,750.0,750,1,11.42,9552
3151,10.99,750.0,750,1,5.51,9206
3166,15.99,1750.0,1750,1,11.76,12546
3320,9.29,1000.0,1000,1,6.64,3924
3362,5.99,1000.0,1000,1,4.47,9552
3403,7.99,750.0,750,1,6.29,9206
3508,5.99,1000.0,1000,1,4.34,2396
3525,6.29,1000.0,1000,1,4.8,9552
3561,9.99,750.0,750,1,7.74,12546
3653,8.99,750.0,750,1,6.71,3960
3888,0.99,50.0,50,1,0.76,1392
3936,22.99,1000.0,1000,1,15.21,8664
4012,26.99,750.0,750,1,21.09,28776
4029,27.99,750.0,750,1,20.43,28776
4114,0.99,50.0,50,1,0.79,6213
4140,5.99,1000.0,1000,1,4.75,9552
4387,8.49,750.0,750,1,6.29,9552
4460,10.99,750.0,750,1,8.45,12546
4627,46.99,750.0,750,1,36.43,4425
4892,9.99,1000.0,1000,1,7.46,12546
5014,4.99,750.0,750,1,3.96,4380
5276,5.99,1000.0,1000,1,4.61,12546
5328,14.99,750.0,750,1,10.94,7153
5495,15.99,750.0,750,1,11.67,8004
5537,9.99,750.0,750,1,7.19,12546
6046,45.99,750.0,750,1,32.85,10754
6063,28.99,750.0,750,1,20.3,17035
6120,1.99,200.0,200,1,1.45,3960
6129,1.99,200.0,200,1,1.45,3960
6186,11.99,1500.0,1500,2,7.84,7239
6280,9.99,750.0,750,2,6.89,4425
6357,13.99,3000.0,3000,2,9.2,1392
6375,5.49,750.0,750,2,3.76,3924
6426,15.99,1500.0,1500,2,9.08,9552
6547,11.99,1500.0,1500,2,6.8,516
6754,6.99,1500.0,1500,2,4.72,3252
6764,19.99,1000.0,1000,1,13.73,1128
6783,12.99,750.0,750,2,8.38,8673
6872,9.99,750.0,750,2,6.62,4425
7284,9.99,750.0,750,2,6.16,9552
7300,14.99,1750.0,1750,1,11.1,3252
7433,11.99,1000.0,1000,1,8.63,3252
7439,11.99,1000.0,1000,1,9.37,3252
7454,11.99,1000.0,1000,1,8.56,3252
7740,5.99,750.0,750,2,4.1,1392
8011,9.99,1000.0,1000,1,7.24,1128
8401,10.99,1000.0,1000,1,8.26,6213
8587,10.99,1000.0,1000,1,8.79,3960
8632,18.99,750.0,750,1,12.85,9552
8708,6.29,1000.0,1000,1,4.62,12546
8895,18.99,750.0,750,2,12.41,4425
9077,12.99,750.0,750,1,9.92,9165
10164,15.99,750.0,750,2,10.45,10754
10235,9.99,1500.0,1500,2,6.89,3252
10264,29.99,750.0,750,2,19.6,10754
10359,44.99,750.0,750,2,29.03,9552
10606,10.99,750.0,750,2,7.58,9552
10715,14.99,750.0,750,2,9.14,516
10868,55.99,750.0,750,2,36.12,90017
10972,17.99,750.0,750,2,11.76,4425
11037,5.99,750.0,750,2,3.28,9819
11055,56.99,750.0,750,2,37.49,4425
11153,8.99,1500.0,1500,2,5.99,3252
11190,73.99,750.0,750,2,48.05,4425
11274,49.99,750.0,750,2,32.18,4692
11441,16.99,750.0,750,2,10.96,3252
11443,7.99,750.0,750,2,5.33,1392
11745,8.99,750.0,750,2,6.12,4425
11932,32.99,750.0,750,2,18.29,516
12067,6.99,750.0,750,2,4.57,9552
12109,20.99,750.0,750,2,12.33,10000
12134,12.99,750.0,750,2,7.33,9165
12154,14.99,750.0,750,2,10.06,9552
12165,24.99,750.0,750,2,15.03,4425
12234,5.99,750.0,750,2,3.24,9819
12271,14.99,750.0,750,2,8.66,4692
12534,11.99,750.0,750,2,6.89,10754
12594,54.99,750.0,750,2,35.13,1392
12663,13.99,750.0,750,2,5.4,9165
12963,8.99,750.0,750,2,4.79,7153
13392,13.99,750.0,750,2,9.14,9165
13605,19.99,750.0,750,2,11.91,10754
13618,17.99,750.0,750,2,12.32,8892
13711,9.99,750.0,750,2,5.15,9552
13724,17.99,3000.0,3000,2,7.14,9815
13744,8.99,750.0,750,2,6.03,3252
13745,9.99,750.0,750,2,6.57,3252
13766,12.99,750.0,750,2,8.21,6785
13930,6.99,1500.0,1500,2,4.72,3252
13967,12.99,750.0,750,2,8.6,9165
14013,24.99,750.0,750,2,16.77,653
14062,51.99,750.0,750,2,35.37,4425
14348,11.99,750.0,750,2,7.23,9165
14390,10.99,750.0,750,2,7.38,90047
14631,37.99,750.0,750,2,23.83,9165
14935,19.99,750.0,750,2,12.98,4425
15020,12.99,750.0,750,2,4.93,9552
15079,12.99,750.0,750,2,7.74,9165
15251,3.99,500.0,500,2,2.73,2242
15252,3.99,500.0,500,2,2.61,2242
15332,12.49,750.0,750,2,8.55,3252
15392,8.99,750.0,750,2,4.96,9815
15444,9.99,750.0,750,2,6.57,4425
15452,14.99,750.0,750,2,10.2,9165
15661,12.99,750.0,750,2,8.44,4425
15739,19.99,3000.0,3000,2,13.69,9552
15744,82.99,750.0,750,2,51.63,17035
15900,9.99,750.0,750,2,6.45,9819
15914,8.99,750.0,750,2,2.61,1392
15915,6.99,750.0,750,2,2.97,1392
16431,9.99,750.0,750,2,6.12,2242
16649,14.99,750.0,750,2,9.67,9165
16678,93.99,750.0,750,2,63.51,10754
16954,11.99,750.0,750,2,7.09,90011
16959,199.99,750.0,750,2,93.41,9165
17216,18.99,750.0,750,2,11.76,90024
17235,12.99,750.0,750,2,7.38,8735
17289,14.99,750.0,750,2,10.2,6785
17292,12.99,750.0,750,2,8.6,90010
17293,12.99,750.0,750,2,8.44,90010
17294,12.99,750.0,750,2,8.38,90010
17866,14.99,750.0,750,2,8.9,9165
17983,16.99,750.0,750,2,11.48,9165
17984,14.99,750.0,750,2,9.86,4425
18309,9.99,750.0,750,2,6.57,9552
18452,14.99,750.0,750,2,9.93,4950
18507,64.99,750.0,750,2,44.51,4692
18653,11.99,750.0,750,2,6.57,7153
18783,10.99,750.0,750,2,5.86,9552
18906,6.99,750.0,750,2,3.92,17035
18952,13.49,750.0,750,2,9.18,4425
19001,27.99,750.0,750,2,18.18,9165
19047,18.99,750.0,750,2,12.83,2000
19049,49.99,750.0,750,2,33.33,2000
19056,9.99,750.0,750,2,5.88,9819
19070,9.99,750.0,750,2,6.53,4425
19084,13.99,750.0,750,2,9.26,653
19240,10.99,750.0,750,2,6.45,653
19356,19.99,750.0,750,2,12.25,516
19489,11.99,750.0,750,2,7.84,10754
19568,8.99,750.0,750,2,6.07,8673
19699,9.99,750.0,750,2,6.8,4425
19730,6.99,750.0,750,2,4.76,90047
19799,49.99,750.0,750,2,32.89,4425
19834,72.99,500.0,500,2,49.65,9165
20186,29.99,750.0,750,2,12.33,9552
20187,31.99,750.0,750,2,13.44,9552
20188,34.99,750.0,750,2,14.47,9552
20189,38.99,750.0,750,2,16.01,9552
20324,13.99,750.0,750,2,7.99,90047
20389,10.99,750.0,750,2,6.66,9552
20405,16.99,750.0,750,2,10.96,7255
20406,21.99,750.0,750,2,13.69,7255
20447,9.99,0.0,187,2,6.53,3252
20506,28.99,750.0,750,2,19.86,10754
20507,31.99,750.0,750,2,20.64,10754
20508,18.99,750.0,750,2,12.92,10754
20515,18.99,375.0,375,2,12.74,10754
20516,99.99,750.0,750,2,67.56,10754
20650,83.49,18000.0,18000,2,56.03,8920
20772,38.99,750.0,750,2,25.99,9552
20944,20.99,750.0,750,2,13.51,7153
20991,12.99,750.0,750,2,8.96,9165
21025,36.99,500.0,500,2,24.18,9165
21260,12.99,750.0,750,2,8.78,9552
21273,10.99,750.0,750,2,7.14,9552
21427,14.99,750.0,750,2,6.8,9165
21529,12.99,750.0,750,2,8.44,9744
21643,18.99,750.0,750,2,12.25,17033
21673,9.99,750.0,750,2,6.45,9552
21688,5.99,750.0,750,2,3.94,9165
21798,14.99,750.0,750,2,10.27,516
21837,11.99,750.0,750,2,8.21,9552
21859,13.99,750.0,750,2,8.49,2000
21882,5.99,750.0,750,2,3.22,9165
21976,19.99,750.0,750,2,13.51,9165
22077,9.99,750.0,750,2,6.07,516
22174,19.99,750.0,750,2,13.69,7153
22270,42.99,750.0,750,2,27.02,4425
22385,16.99,750.0,750,2,11.1,9552
22756,19.99,1500.0,1500,2,12.32,3252
22809,13.99,750.0,750,2,7.84,9165
22819,24.99,750.0,750,2,15.86,1601
22883,12.99,1500.0,1500,2,7.48,6785
22906,16.99,750.0,750,2,3.87,9165
23079,14.99,750.0,750,2,10.06,516
23137,34.99,750.0,750,2,23.97,10754
23156,99.99,750.0,750,2,58.82,6785
23212,14.99,750.0,750,2,7.99,1392
23249,9.99,750.0,750,2,6.57,4425
23379,11.99,750.0,750,2,7.99,9165
23402,9.99,750.0,750,2,6.7,2242
23851,10.49,750.0,750,2,6.81,3252
23919,24.99,750.0,750,2,13.99,9744
23924,8.99,1000.0,1000,2,6.16,6785
23925,8.99,1000.0,1000,2,5.8,6785
23970,8.49,750.0,750,2,5.74,90024
23971,8.49,750.0,750,2,5.51,90024
23987,12.99,750.0,750,2,8.6,9552
24040,12.99,750.0,750,2,8.78,9552
24094,6.99,1500.0,1500,2,4.57,3252
24276,11.99,750.0,750,2,8.05,9552
24503,69.99,750.0,750,2,47.29,4425
24705,12.99,750.0,750,2,7.84,17035
24715,63.99,750.0,750,2,39.47,516
24837,4.99,750.0,750,2,3.42,3252
25417,18.99,750.0,750,2,11.68,4425
25621,10.99,750.0,750,2,5.36,4425
25622,10.99,750.0,750,2,5.33,4425
25623,10.99,750.0,750,2,5.44,4425
25915,9.99,750.0,750,2,4.39,1392
25917,9.99,750.0,750,2,6.07,1392
26163,13.49,1500.0,1500,2,8.82,4425
26219,16.99,750.0,750,2,11.33,4425
26396,5.99,750.0,750,2,3.89,9815
26632,7.99,750.0,750,2,4.62,1392
26646,14.99,750.0,750,2,9.93,4425
26739,49.99,750.0,750,2,27.58,4425
26779,9.99,750.0,750,2,6.8,9165
26818,18.99,750.0,750,2,10.45,1392
27233,5.99,750.0,750,2,4.1,3252
27330,12.99,750.0,750,2,7.89,7153
27432,15.99,750.0,750,2,11.03,9552
27581,14.99,750.0,750,2,9.99,2000
27679,15.99,750.0,750,2,9.33,9552
27797,12.99,750.0,750,2,8.38,4425
27817,26.99,750.0,750,2,10.95,9165
28162,11.99,750.0,750,2,8.05,8673
28312,6.99,1500.0,1500,2,4.72,3252
28690,9.99,750.0,750,2,6.66,9165
28980,137.99,750.0,750,2,91.38,4425
28983,14.99,750.0,750,2,10.06,9552
29077,13.99,750.0,750,2,9.65,4425
29182,11.99,750.0,750,2,8.21,9552
29371,28.99,750.0,750,2,18.66,4425
29461,12.99,750.0,750,2,5.8,17035
29650,8.99,1500.0,1500,2,6.12,516
29714,10.99,750.0,750,2,7.23,6785
30638,13.99,750.0,750,2,9.52,2000
31419,12.99,750.0,750,2,7.48,17035
31501,10.99,1500.0,1500,2,7.53,3252
31790,7.99,750.0,750,2,5.15,9552
31847,32.99,750.0,750,2,21.85,4425
31869,29.99,750.0,750,2,19.35,1601
31972,8.99,750.0,750,2,5.88,8892
32074,12.99,750.0,750,2,8.6,1587
32679,7.99,750.0,750,2,5.44,9552
32827,27.99,750.0,750,2,18.79,4425
32832,29.99,750.0,750,2,20.68,9165
33035,8.99,750.0,750,2,5.88,9552
33326,7.99,750.0,750,2,4.63,17035
33586,19.99,750.0,750,2,8.82,9552
34123,3.99,187.0,187,2,2.57,4425
34135,10.99,1500.0,1500,2,7.48,3252
34507,8.99,750.0,750,2,5.22,8892
34637,666.99,750.0,750,2,427.62,1590
34647,8.49,750.0,750,2,5.15,8112
34693,17.99,750.0,750,2,4.17,9165
34803,17.99,750.0,750,2,11.76,4425
34906,6.79,750.0,750,2,4.65,9552
34907,9.99,750.0,750,2,6.66,9552
35048,11.99,750.0,750,2,7.94,9552
35430,29.99,750.0,750,2,20.68,6785
35484,19.99,750.0,750,2,13.15,10754
35747,13.99,750.0,750,2,9.33,2000
35801,8.99,750.0,750,2,6.12,4425
35885,9.99,750.0,750,2,6.03,9165
35999,15.99,750.0,750,2,8.44,10754
36123,17.99,750.0,750,2,11.76,9552
36209,7.99,750.0,750,2,5.15,9815
36267,14.99,750.0,750,2,9.65,4425
36360,14.99,750.0,750,2,8.96,10754
36370,11.99,750.0,750,2,4.63,9552
36371,11.99,750.0,750,2,6.84,9552
36376,16.99,750.0,750,2,10.52,4425
36510,13.99,750.0,750,2,7.89,9552
36769,12.99,750.0,750,2,5.15,9552
37194,7.99,750.0,750,2,5.51,1392
37541,27.99,750.0,750,2,19.17,4425
37542,29.99,750.0,750,2,20.68,4425
37943,6.99,750.0,750,2,4.66,8673
38355,14.49,750.0,750,2,9.86,3252
38412,10.99,750.0,750,2,5.88,9552
38649,26.99,750.0,750,2,17.53,9165
38726,11.99,750.0,750,2,4.66,9552
38901,10.99,750.0,750,2,7.18,3252
38953,11.99,750.0,750,2,8.27,9552
39084,21.99,750.0,750,2,14.66,4425
39110,11.49,300.0,300,2,7.92,8320
39228,44.99,750.0,750,2,29.79,4425
39437,6.99,750.0,750,2,4.51,8673
39449,7.99,750.0,750,2,5.44,4425
39471,29.99,750.0,750,2,19.86,10754
39500,21.99,750.0,750,2,15.06,10754
39798,7.99,0.0,187,2,4.69,1392
39977,14.99,1500.0,1500,2,6.84,4425
40106,18.99,750.0,750,2,12.58,4425
40219,10.99,750.0,750,2,6.75,7153
40766,10.99,750.0,750,2,5.99,90011
41348,17.99,750.0,750,2,12.16,4425
41409,17.99,750.0,750,2,12.41,9165
41532,14.99,1500.0,1500,2,6.24,4425
41627,14.99,750.0,750,2,7.18,4425
41786,8.49,750.0,750,2,5.86,3252
41990,54.99,750.0,750,2,35.48,4425
42172,11.99,750.0,750,2,6.66,17035
42264,49.99,750.0,750,2,32.67,4425
42401,9.99,750.0,750,2,6.45,10754
42601,10.99,750.0,750,2,5.84,1392
42603,10.99,750.0,750,2,5.99,1392
42785,99.99,750.0,750,2,68.49,4692
42886,19.99,750.0,750,2,13.24,4425
43011,11.99,750.0,750,2,7.79,7749
43193,7.99,750.0,750,2,5.19,3252
43232,10.99,750.0,750,2,6.57,7153
43433,12.99,750.0,750,2,8.9,4425
43553,8.99,750.0,750,2,6.03,10754
43615,18.99,750.0,750,2,11.84,3252
43673,7.99,750.0,750,2,5.47,1392
43685,13.99,750.0,750,2,9.58,4425
43801,8.99,1500.0,1500,2,5.84,516
43873,69.99,750.0,750,2,46.66,4425
44107,15.99,750.0,750,2,10.52,9552
44238,7.99,750.0,750,2,5.4,8735
44269,10.99,750.0,750,2,6.45,9165
44292,12.99,750.0,750,2,8.38,10754
44338,11.99,750.0,750,2,5.82,2242
44529,9.99,750.0,750,2,6.89,10754
44705,13.49,750.0,750,2,8.99,4425
44709,8.99,750.0,750,2,5.29,8892
44916,18.99,750.0,750,2,11.4,90024
44993,11.99,750.0,750,2,5.59,4425
45090,11.99,750.0,750,2,8.05,4425
45129,54.99,750.0,750,2,35.71,4425
45298,53.99,750.0,750,2,32.67,4425
45300,21.99,750.0,750,2,12.9,4425
45330,6.99,750.0,750,2,4.63,1587
45334,9.99,750.0,750,2,6.66,1587
45457,7.99,750.0,750,2,5.19,1392
45503,11.99,750.0,750,2,6.8,8892
45524,9.99,750.0,750,2,5.8,516
45601,16.99,750.0,750,2,11.03,9744
45632,16.99,3000.0,3000,2,11.1,9815
45859,22.99,750.0,750,2,14.83,6785
45860,4.99,187.0,187,2,3.44,4425
46018,9.99,750.0,750,2,6.7,9165
46062,10.99,750.0,750,2,7.09,3252
46190,20.99,750.0,750,2,14.18,8892
46199,7.99,750.0,750,2,5.15,1587
46418,15.99,750.0,750,2,9.67,90011
46422,9.99,750.0,750,2,6.57,4425
46583,99.99,750.0,750,2,47.05,4425
46628,13.99,750.0,750,2,9.65,1392
46694,23.99,750.0,750,2,16.1,4425
46802,4.99,187.0,187,2,3.26,8112
86,299.99,750.0,750,1,236.21,3960
106,4.49,1000.0,1000,1,3.4,660
108,6.49,1000.0,1000,1,4.77,660
226,10.99,750.0,750,1,8.08,12546
274,25.99,1000.0,1000,1,18.56,7245
359,5.29,750.0,750,1,4.17,10754
529,7.29,1000.0,1000,1,5.61,8004
564,8.99,1000.0,1000,1,6.61,12546
585,29.99,1000.0,1000,1,22.55,7245
601,6.99,1000.0,1000,1,5.38,5992
602,7.29,1000.0,1000,1,5.36,5992
604,6.99,1000.0,1000,1,5.14,5992
634,13.99,1000.0,1000,1,10.21,12546
776,22.99,1000.0,1000,1,18.1,12546
855,10.99,1000.0,1000,1,8.65,1392
869,9.99,1000.0,1000,1,7.57,12546
882,12.99,1000.0,1000,1,10.39,12546
896,23.99,1000.0,1000,1,18.6,3960
956,29.99,1000.0,1000,1,22.89,7245
981,3.99,1000.0,1000,1,2.89,5992
1492,79.99,750.0,750,1,58.59,17035
1591,12.99,1750.0,1750,1,9.92,8004
2458,24.99,375.0,375,1,11.8,7153
2491,42.99,375.0,375,1,23.91,7153
2498,45.99,375.0,375,1,26.86,7153
3040,23.99,1000.0,1000,1,16.54,4425
3073,32.99,750.0,750,1,25.98,8112
3399,7.99,750.0,750,1,5.96,9206
3493,55.99,750.0,750,1,42.42,9552
4073,9.99,750.0,750,1,5.9,12546
4139,14.99,1750.0,1750,1,11.9,98450
4576,17.99,1750.0,1750,1,10.23,3924
5363,15.99,750.0,750,1,12.3,9165
5417,7.99,1000.0,1000,1,5.83,6213
6698,46.99,750.0,750,2,29.33,1392
6774,24.99,750.0,750,1,19.99,4425
7874,5.99,750.0,750,2,3.99,8892
8550,12.49,1750.0,1750,1,9.39,9552
10175,7.99,750.0,750,2,5.19,9815
10531,14.99,750.0,750,2,9.86,1392
10708,13.99,750.0,750,2,9.08,10754
11460,39.99,750.0,750,2,27.02,9552
11854,14.99,750.0,750,2,8.38,516
12055,11.99,750.0,750,2,7.99,90026
12507,29.99,750.0,750,2,18.24,7153
12519,3.99,750.0,750,2,2.73,9552
12646,52.99,750.0,750,2,34.19,10754
12684,15.99,750.0,750,2,10.66,1392
13445,11.99,750.0,750,2,7.23,7153
13688,12.99,750.0,750,2,4.19,9552
14050,12.99,750.0,750,2,8.78,90047
14425,44.99,750.0,750,2,30.82,90024
14655,9.99,750.0,750,2,6.53,6785
15303,7.99,750.0,750,2,5.26,9815
15785,16.99,750.0,750,2,11.33,90047
15790,11.99,750.0,750,2,7.74,90047
16178,9.99,750.0,750,2,5.95,90011
16239,4.99,750.0,750,2,3.37,2242
16240,4.99,750.0,750,2,3.24,2242
16241,4.99,750.0,750,2,3.3,2242
16242,4.99,750.0,750,2,3.24,2242
16309,25.99,750.0,750,2,16.54,90047
16400,9.99,750.0,750,2,6.7,7153
16725,6.99,300.0,300,2,4.63,9165
16744,59.99,750.0,750,2,39.47,90047
16891,11.99,750.0,750,2,8.21,4692
17015,8.79,750.0,750,2,5.82,10754
17017,9.99,750.0,750,2,6.89,10754
17202,9.99,750.0,750,2,6.12,516
17367,9.99,750.0,750,2,6.62,10754
17611,7.99,750.0,750,2,5.22,90047
18125,8.99,750.0,750,2,6.16,9552
18263,18.99,750.0,750,2,12.58,9165
18539,19.99,750.0,750,2,12.74,90047
18744,14.99,750.0,750,2,7.58,10754
19262,29.99,750.0,750,2,17.41,90047
19347,11.99,750.0,750,2,6.57,10754
19590,50.99,750.0,750,2,33.99,7749
19668,9.99,750.0,750,2,6.53,2242
19669,11.99,750.0,750,2,6.06,9552
20316,89.99,3000.0,3000,2,62.06,7153
20333,10.99,750.0,750,2,7.18,653
20664,89.99,750.0,750,2,58.82,4692
20665,45.99,375.0,375,2,31.29,4692
20744,19.99,750.0,750,2,8.55,9552
20770,29.99,750.0,750,2,14.33,9552
20947,15.99,750.0,750,2,10.66,7153
21045,27.99,375.0,375,2,17.56,90047
21169,8.49,750.0,750,2,5.59,9552
21272,8.99,750.0,750,2,6.2,9552
21475,79.99,750.0,750,2,55.17,9819
21503,20.99,750.0,750,2,13.42,10754
21534,9.99,750.0,750,2,6.66,90024
21642,19.99,750.0,750,2,12.9,90047
21769,9.79,375.0,375,2,5.98,90047
21832,15.99,750.0,750,2,10.45,10754
21957,6.99,750.0,750,2,4.82,1392
22012,34.99,750.0,750,2,23.8,90047
22016,6.79,187.0,187,2,4.44,90024
22086,13.99,750.0,750,2,9.33,9552
22227,13.99,750.0,750,2,6.49,1650
22228,42.99,750.0,750,2,27.15,9165
22456,20.99,750.0,750,2,13.81,10754
22643,62.99,750.0,750,2,42.85,4425
22645,33.99,750.0,750,2,22.36,4425
22933,21.99,750.0,750,2,14.66,90047
23045,24.99,750.0,750,2,16.33,9552
23917,27.99,1500.0,1500,2,18.54,9552
24047,8.99,750.0,750,2,5.8,10754
24049,8.99,250.0,250,2,5.91,10754
24050,12.99,180.0,180,2,8.9,10754
24051,5.99,180.0,180,2,3.89,10754
24052,14.99,300.0,300,2,9.73,10754
24377,6.99,330.0,330,2,3.39,10754
25714,62.99,750.0,750,2,38.35,4425
26426,32.99,750.0,750,2,19.6,1601
26501,19.99,750.0,750,2,13.07,4425
27528,10.99,750.0,750,2,7.33,6785
29361,10.49,750.0,750,2,6.81,17035
29400,20.99,750.0,750,2,12.49,7153
29646,10.99,750.0,750,2,7.14,9552
31581,17.99,750.0,750,2,11.18,4425
32545,16.99,750.0,750,2,10.27,9165
32974,11.99,750.0,750,2,7.99,3252
34674,8.99,750.0,750,2,5.84,1587
36383,13.99,750.0,750,2,9.39,2000
36419,9.99,750.0,750,2,6.53,653
36859,12.99,750.0,750,2,6.62,17035
36992,14.99,750.0,750,2,10.06,10754
37249,14.99,750.0,750,2,9.73,17033
38110,5.99,750.0,750,2,3.99,10754
38263,9.99,750.0,750,2,6.16,7153
39234,22.99,187.0,187,2,13.42,1392
39524,25.99,750.0,750,2,17.33,17033
39840,8.99,750.0,750,2,5.95,17035
40118,13.99,0.0,187,2,9.39,2000
40561,10.99,750.0,750,2,7.48,653
41918,7.99,750.0,750,2,4.82,17035
42678,4.99,750.0,750,2,3.33,9815
42685,47.99,750.0,750,2,31.37,9552
43900,44.99,750.0,750,2,31.03,9552
44783,14.99,750.0,750,2,10.2,90024
44895,16.99,750.0,750,2,10.66,90011
46325,12.99,750.0,750,2,8.44,90026
174,14.99,750.0,750,1,9.41,12546
865,6.99,1000.0,1000,1,5.5,660
888,8.99,1000.0,1000,1,7.19,12546
1020,28.99,750.0,750,1,18.11,480
1267,29.99,750.0,750,1,21.89,4425
2502,34.99,0.0,750,1,26.92,480
3056,19.99,750.0,750,1,15.38,3960
3094,23.99,750.0,750,1,17.64,3960
3944,39.99,750.0,750,1,31.99,7245
4319,9.99,750.0,750,1,7.29,480
5605,11.99,750.0,750,1,8.56,5455
5900,0.99,50.0,50,1,0.72,3960
6271,10.99,3000.0,3000,2,7.28,1392
6446,14.99,5000.0,5000,2,9.8,9815
6592,8.99,1500.0,1500,2,6.03,9815
8079,4.99,750.0,750,2,3.39,3252
8283,27.99,1500.0,1500,2,18.79,1128
11038,6.99,750.0,750,2,4.51,9819
14036,6.99,750.0,750,2,4.54,4425
16290,4.79,750.0,750,2,3.24,3252
17100,7.99,750.0,750,2,5.19,9165
18419,14.99,750.0,750,2,7.94,1392
22389,4.99,187.0,187,2,3.37,4425
23220,12.99,750.0,750,2,7.74,9552
24033,4.79,750.0,750,2,3.15,3252
24208,8.99,1500.0,1500,2,6.07,1392
24216,12.99,750.0,750,2,8.78,8673
24763,11.99,750.0,750,2,7.99,4425
25879,10.99,750.0,750,2,6.45,4425
25995,9.99,1500.0,1500,2,6.57,3252
26889,17.99,750.0,750,2,11.68,9744
29691,12.99,750.0,750,2,7.94,7153
31910,9.99,750.0,750,2,6.75,9552
32619,18.99,1500.0,1500,2,12.41,9552
33216,8.49,1500.0,1500,2,5.86,8892
33573,15.99,750.0,750,2,9.93,10754
33672,10.99,750.0,750,2,7.18,1392
33879,9.99,1500.0,1500,2,6.45,3252
34219,16.99,750.0,750,2,11.18,1392
34947,11.49,375.0,375,2,6.28,4692
36198,9.99,750.0,750,2,3.22,6785
36850,13.99,750.0,750,2,9.52,10754
37217,12.99,750.0,750,2,8.66,9552
37712,10.95,750.0,750,2,7.3,1590
37794,7.99,750.0,750,2,5.19,1392
38165,9.99,750.0,750,2,6.53,4425
38731,9.99,750.0,750,2,6.84,1392
39219,14.99,750.0,750,2,9.08,9165
39334,16.99,750.0,750,2,10.45,4425
39981,14.99,1500.0,1500,2,7.99,4425
40240,9.99,750.0,750,2,5.33,9819
41087,10.99,750.0,750,2,4.19,9552
41144,11.99,750.0,750,2,6.12,8673
41157,15.99,750.0,750,2,10.73,4425
41412,11.99,750.0,750,2,8.21,9165
42167,14.99,750.0,750,2,8.6,9552
694,8.29,1000.0,1000,1,6.23,17035
788,14.99,750.0,750,1,11.19,12546
860,10.99,1000.0,1000,1,8.79,6213
3406,14.99,750.0,750,1,10.78,12546
4362,7.99,1000.0,1000,1,6.05,9552
5116,10.99,750.0,750,1,8.26,12546
6483,8.99,750.0,750,2,5.88,9165
8012,9.99,1000.0,1000,1,7.46,1128
8114,7.99,750.0,750,1,6.39,8352
8366,8.99,750.0,750,2,5.84,516
8687,9.99,3000.0,3000,2,6.62,1392
9019,22.99,750.0,750,1,16.9,3960
11366,9.99,750.0,750,2,6.07,9165
12340,13.99,750.0,750,2,9.2,9552
12757,11.99,750.0,750,2,6.7,17035
13045,12.99,750.0,750,2,3.83,2000
13603,16.99,3000.0,3000,2,11.64,9744
14235,2.49,187.0,187,2,1.64,2000
14236,2.49,187.0,187,2,1.71,2000
14386,8.99,750.0,750,2,5.99,9552
14632,56.99,750.0,750,2,36.12,9165
15089,12.99,750.0,750,2,6.57,4692
15094,14.99,750.0,750,2,9.08,9165
16468,13.99,750.0,750,2,7.79,9552
16912,5.29,750.0,750,2,3.44,7153
17059,8.99,300.0,300,2,5.91,9165
17101,18.99,750.0,750,2,12.74,6785
17145,17.99,750.0,750,2,11.56,9165
17147,14.99,750.0,750,2,9.03,9165
17343,1.99,187.0,187,2,1.36,2000
17344,1.99,187.0,187,2,1.32,2000
18584,43.99,750.0,750,2,26.48,1601
18739,36.99,750.0,750,2,23.33,10754
18806,54.99,750.0,750,2,36.42,8112
18810,6.49,750.0,750,2,4.33,516
19063,53.99,750.0,750,2,35.99,7749
19180,13.99,750.0,750,2,9.26,516
20239,6.79,750.0,750,2,4.53,5612
20905,8.99,300.0,300,2,5.95,8320
20954,16.79,375.0,375,2,10.45,6215
20980,19.99,750.0,750,2,12.9,9165
21322,4.99,750.0,750,2,3.22,1392
21415,8.99,750.0,750,2,6.12,9552
21715,7.49,750.0,750,2,5.06,2000
21772,14.99,750.0,750,2,3.6,9165
21776,10.99,750.0,750,2,7.58,1392
22210,5.79,750.0,750,2,3.74,7153
22318,42.99,750.0,750,2,27.92,7153
22392,11.99,750.0,750,2,7.79,7153
22562,10.99,750.0,750,2,6.62,7153
22841,99.99,750.0,750,2,64.93,516
23150,16.99,750.0,750,2,11.64,9165
25043,8.99,750.0,750,2,5.74,2000
27331,12.99,750.0,750,2,7.89,7153
28122,22.99,750.0,750,2,14.28,4692
29955,7.99,750.0,750,2,5.26,4425
33265,10.99,750.0,750,2,7.43,9744
36208,14.99,750.0,750,2,10.34,4425
38104,5.99,750.0,750,2,3.94,10754
38148,11.29,750.0,750,2,7.73,653
41141,25.99,750.0,750,2,16.88,1392
43131,14.99,375.0,375,2,8.72,9165
98,14.49,1000.0,1000,1,10.42,3960
111,6.49,1000.0,1000,1,4.7,660
446,14.99,750.0,750,2,10.34,10754
547,12.99,1000.0,1000,1,10.31,12546
644,26.99,1000.0,1000,1,20.76,2555
650,6.99,1000.0,1000,1,5.07,5992
665,6.99,1000.0,1000,1,5.55,5992
823,27.99,1000.0,1000,1,20.43,3960
849,9.99,1000.0,1000,1,7.35,6213
886,12.99,1000.0,1000,1,9.41,12546
895,23.99,1000.0,1000,1,18.17,3960
906,12.99,1000.0,1000,1,10.15,12546
910,22.99,1000.0,1000,1,17.29,3960
918,14.49,1000.0,1000,1,10.89,3960
929,12.99,1000.0,1000,1,9.28,12546
998,24.99,750.0,750,1,18.51,9165
1798,69.99,750.0,750,1,51.09,3960
2045,37.99,375.0,375,1,30.39,3089
2240,27.99,750.0,750,1,15.03,1189
2467,32.99,375.0,375,1,17.96,7153
2487,39.99,375.0,375,1,21.87,7153
2492,54.99,750.0,750,1,41.66,3960
2555,89.99,750.0,750,1,66.66,9165
2703,22.99,750.0,750,1,18.25,653
2910,19.99,750.0,750,1,14.7,653
2935,99.99,750.0,750,1,74.62,3960
2974,29.99,750.0,750,1,21.73,8004
3460,58.99,750.0,750,1,41.04,480
3868,6.49,1000.0,1000,1,4.77,660
4391,29.99,750.0,750,1,18.1,7245
5196,79.99,750.0,750,1,59.25,10754
5463,12.99,750.0,750,1,9.48,8320
5517,15.99,750.0,750,1,11.59,6213
6526,18.99,750.0,750,2,5.29,4425
7193,15.99,750.0,750,1,8.91,9165
7252,6.99,1750.0,1750,1,4.99,2396
7819,3.99,50.0,50,1,2.87,9165
7830,10.99,1500.0,1500,2,7.09,1590
8228,134.99,750.0,750,1,107.99,11567
8634,8.99,1500.0,1500,1,6.1,1392
9116,24.99,0.0,50,1,18.51,9165
9140,21.99,750.0,750,1,16.29,653
10621,16.99,750.0,750,2,11.56,9165
10702,11.99,750.0,750,2,8.05,2000
10731,15.99,750.0,750,2,9.99,9165
10732,15.99,750.0,750,2,9.8,9165
10733,12.99,750.0,750,2,8.16,9165
10734,17.99,750.0,750,2,11.72,9165
11209,12.99,750.0,750,2,8.78,9165
11396,12.99,750.0,750,2,8.44,4425
11397,12.99,750.0,750,2,8.21,4425
11856,10.99,750.0,750,2,7.53,4425
11926,11.99,750.0,750,2,8.05,9552
12662,13.99,750.0,750,2,9.08,9552
13061,187.99,750.0,750,2,126.17,4425
13132,8.99,750.0,750,2,5.84,2000
13143,15.99,750.0,750,2,10.27,2000
13394,13.99,750.0,750,2,3.99,9165
13427,27.99,1500.0,1500,2,16.23,4425
13433,19.99,750.0,750,2,12.33,516
13567,13.99,750.0,750,2,9.33,10754
13602,65.99,750.0,750,2,29.72,9165
13795,9.99,1500.0,1500,2,6.45,4425
14174,49.99,750.0,750,2,32.67,4425
14341,8.99,750.0,750,2,5.95,9744
14666,19.99,750.0,750,2,11.68,4425
14799,20.99,750.0,750,2,12.9,9165
15056,9.99,750.0,750,2,6.53,1587
15161,99.99,750.0,750,2,68.96,4425
15233,49.99,750.0,750,2,29.21,4425
15292,5.99,750.0,750,2,3.37,9815
15294,7.99,750.0,750,2,3.86,9815
15357,10.99,750.0,750,2,6.89,4425
15540,9.99,750.0,750,2,6.49,1703
15643,21.49,750.0,750,2,13.69,9552
15717,285.99,375.0,375,2,184.51,10754
15982,129.99,1500.0,1500,2,84.96,4425
16253,16.99,750.0,750,2,5.51,90024
16560,12.99,750.0,750,2,8.78,90024
16839,15.99,750.0,750,2,10.38,90010
16860,19.99,750.0,750,2,13.51,653
17001,13.99,750.0,750,2,9.33,90010
17063,15.99,750.0,750,2,10.66,516
17269,5.99,750.0,750,2,3.86,90037
17837,12.99,750.0,750,2,6.89,7153
17838,12.99,750.0,750,2,6.7,7153
18221,9.99,750.0,750,2,6.45,4425
18322,9.79,750.0,750,2,6.32,5612
18811,11.99,750.0,750,2,7.84,90052
19061,50.99,750.0,750,2,33.99,7749
19062,50.99,750.0,750,2,33.99,7749
19244,17.99,750.0,750,2,12.07,6785
19269,22.99,750.0,750,2,15.64,10754
19392,14.99,750.0,750,2,9.93,4425
19531,22.99,750.0,750,2,15.03,9552
19545,7.99,750.0,750,2,5.29,3252
19618,82.99,750.0,750,2,53.54,7749
19621,63.99,750.0,750,2,42.66,7749
19630,34.99,750.0,750,2,23.48,7749
19684,109.99,750.0,750,2,75.86,2000
19700,11.99,750.0,750,2,8.27,4425
19763,3.99,750.0,750,2,2.66,9815
19798,5.99,375.0,375,2,2.73,4692
19806,11.99,750.0,750,2,7.84,90024
19824,41.99,750.0,750,2,27.27,2000
19825,74.99,750.0,750,2,51.36,2000
19832,8.99,750.0,750,2,6.2,9165
20056,209.99,750.0,750,2,139.07,2000
20512,38.99,750.0,750,2,25.15,10754
20513,39.99,750.0,750,2,18.82,10754
20517,35.99,750.0,750,2,22.81,10754
20519,25.99,750.0,750,2,12.58,10754
20520,25.99,750.0,750,2,17.33,10754
21086,6.99,750.0,750,2,4.82,4425
21181,29.99,750.0,750,2,19.72,9165
21424,13.99,750.0,750,2,8.1,9552
21426,23.99,750.0,750,2,12.66,9552
21442,12.99,750.0,750,2,8.66,4425
21849,16.99,750.0,750,2,11.72,9165
22007,15.99,750.0,750,2,10.8,9552
22008,12.99,750.0,750,2,8.78,9552
22022,34.99,750.0,750,2,21.91,10754
22282,8.49,1500.0,1500,2,5.59,8892
22397,16.99,750.0,750,2,11.03,3252
22863,11.99,750.0,750,2,8.05,2876
22865,11.99,750.0,750,2,7.99,2876
22867,13.99,750.0,750,2,9.52,2876
23271,7.99,750.0,750,2,5.36,3252
23366,15.49,750.0,750,2,9.26,90024
23825,11.99,750.0,750,2,6.66,90024
24265,22.99,750.0,750,2,14.09,8673
24458,38.99,750.0,750,2,26.52,1392
24498,24.99,750.0,750,2,16.55,4425
25531,24.99,750.0,750,2,15.68,9165
25557,14.99,750.0,750,2,9.8,17035
25711,16.99,750.0,750,2,9.73,7153
25817,49.99,750.0,750,2,32.67,4425
28155,15.99,750.0,750,2,10.32,4425
28156,13.99,750.0,750,2,8.9,4425
28565,12.99,750.0,750,2,8.38,9819
29112,29.99,750.0,750,2,19.72,1587
29620,12.99,750.0,750,2,8.38,9552
31318,10.99,750.0,750,2,7.58,1587
31522,36.99,750.0,750,2,21.28,3252
33028,44.99,750.0,750,2,30.4,4425
33206,15.99,750.0,750,2,10.66,6785
33210,8.49,1500.0,1500,2,5.74,8892
33212,8.49,1500.0,1500,2,5.7,8892
33214,8.49,1500.0,1500,2,5.82,8892
33706,11.99,750.0,750,2,5.51,90024
34014,57.99,750.0,750,2,34.41,4425
34020,24.99,750.0,750,2,13.6,4425
34082,15.99,750.0,750,2,10.73,4425
35358,17.99,750.0,750,2,9.05,9552
35577,16.99,750.0,750,2,6.66,6785
35959,49.99,750.0,750,2,32.46,9819
36088,16.99,750.0,750,2,11.56,4425
36483,59.99,750.0,750,2,39.99,4425
36868,94.99,750.0,750,2,62.49,10754
36991,10.99,750.0,750,2,7.18,10754
37568,185.99,750.0,750,2,128.27,4425
37817,12.99,750.0,750,2,8.66,9165
38197,11.99,750.0,750,2,8.05,2000
38198,10.99,750.0,750,2,6.8,2000
38476,26.99,750.0,750,2,15.89,9552
39517,30.99,1500.0,1500,2,20.39,4425
39518,24.99,1500.0,1500,2,16.23,4425
39581,10.99,750.0,750,2,4.63,9552
40456,13.99,750.0,750,2,9.33,4425
41377,9.99,750.0,750,2,5.88,8673
42018,11.99,750.0,750,2,7.94,2000
42386,8.49,1500.0,1500,2,5.66,8892
42456,29.99,750.0,750,2,19.35,4425
42602,10.99,750.0,750,2,5.88,1392
43013,11.99,750.0,750,2,7.94,7749
44785,19.99,750.0,750,2,12.9,90024
44921,15.99,750.0,750,2,9.45,90024
44972,18.99,750.0,750,2,10.32,4425
45035,35.99,750.0,750,2,22.87,4425
45059,12.99,750.0,750,2,8.78,2000
45239,28.99,750.0,750,2,10.32,3252
45903,17.99,1500.0,1500,2,12.24,10754
46132,12.99,750.0,750,2,8.9,9552
46554,13.99,750.0,750,2,9.39,9552
46985,22.99,750.0,750,2,15.75,4425
47009,15.99,750.0,750,2,8.44,9744
278,28.99,1000.0,1000,1,21.96,480
281,10.99,750.0,750,1,7.14,12546
307,8.99,200.0,200,1,6.06,8112
311,46.99,750.0,750,1,32.8,17035
531,7.29,750.0,750,1,5.56,17035
557,6.29,1000.0,1000,1,4.84,8004
872,9.99,1000.0,1000,1,7.19,12546
887,12.99,1000.0,1000,1,10.15,12546
978,6.99,1000.0,1000,1,5.3,5992
1390,35.99,1000.0,1000,1,27.06,12546
1556,21.99,750.0,750,1,14.84,17035
1932,0.99,50.0,50,1,0.71,12546
3002,9.99,750.0,750,1,7.8,12546
3705,0.99,50.0,50,1,0.72,3960
4807,14.99,750.0,750,1,11.44,1485
8829,0.99,50.0,50,1,0.71,3960
9823,34.99,750.0,750,1,26.71,9165
10620,13.99,750.0,750,2,9.52,8673
12079,10.99,750.0,750,2,7.43,2000
12477,18.99,750.0,750,2,12.83,10754
13147,19.99,750.0,750,2,13.01,2000
14216,26.99,750.0,750,2,17.99,1650
14719,21.99,750.0,750,2,14.96,9552
16190,22.99,750.0,750,2,9.8,9165
16352,16.99,750.0,750,2,11.48,10754
16656,10.99,750.0,750,2,7.58,10754
17320,18.99,750.0,750,2,12.92,10754
17494,17.99,750.0,750,2,8.9,9552
17928,11.99,750.0,750,2,7.94,9552
18583,49.99,750.0,750,2,31.29,1601
18822,19.99,750.0,750,2,13.33,1590
19127,15.99,750.0,750,2,10.95,2000
19252,14.99,750.0,750,2,10.2,1650
19253,12.99,750.0,750,2,8.38,1650
19315,66.99,750.0,750,2,45.26,4425
20095,14.99,750.0,750,2,8.55,1650
21470,292.99,750.0,750,2,191.5,10754
21486,22.99,750.0,750,2,15.86,1650
21487,15.49,750.0,750,2,10.54,1650
21533,7.49,750.0,750,2,5.13,9815
21850,3.29,187.0,187,2,1.23,9165
21851,3.29,187.0,187,2,2.21,9165
22055,19.99,750.0,750,2,11.61,10754
22524,29.99,750.0,750,2,18.82,7153
22860,21.99,750.0,750,2,12.25,9552
23438,12.99,375.0,375,2,8.55,10754
23827,16.99,750.0,750,2,9.93,10754
23899,13.99,750.0,750,2,8.1,10754
23900,11.99,750.0,750,2,7.89,10754
24706,18.99,750.0,750,2,12.74,17035
25255,19.99,750.0,750,2,12.66,10754
32107,12.99,750.0,750,2,8.27,8673
34913,6.99,187.0,187,2,4.82,1601
40658,29.99,750.0,750,2,20.54,90010
41219,89.99,750.0,750,2,48.38,2000
41222,19.99,750.0,750,2,10.32,2000
42710,7.99,187.0,187,2,5.19,1601
42801,15.99,750.0,750,2,11.03,4425
43489,11.99,750.0,750,2,8.05,10754
44207,8.99,750.0,750,2,6.2,1587
44986,16.99,750.0,750,2,11.1,17033
977,11.49,1000.0,1000,1,8.98,5992
2995,23.99,1750.0,1750,1,17.51,12546
5708,0.49,50.0,50,1,0.38,8004
10623,46.99,750.0,750,2,31.97,9165
10625,66.99,750.0,750,2,45.26,9165
11187,56.99,750.0,750,2,37.66,4425
11321,114.49,750.0,750,2,77.88,1590
12139,219.99,1500.0,1500,2,149.65,4425
12655,34.99,750.0,750,2,23.17,10754
14737,13.99,750.0,750,2,9.52,7749
15322,29.99,750.0,750,2,19.17,1650
18209,39.99,750.0,750,2,26.84,4425
20376,25.99,375.0,375,2,11.99,9165
20948,79.49,750.0,750,2,51.28,7153
35960,29.99,750.0,750,2,20.26,9819
35962,39.99,750.0,750,2,27.58,9819
36269,41.99,750.0,750,2,27.81,8673
39450,36.99,750.0,750,2,23.8,4425
39575,45.99,750.0,750,2,30.61,10754
39971,42.99,750.0,750,2,25.33,4425
43919,11.99,750.0,750,2,7.89,90027
46119,56.99,750.0,750,2,36.66,4425
272,9.99,1000.0,1000,1,7.4,8352
548,8.99,1000.0,1000,1,6.56,12546
700,8.29,1000.0,1000,1,6.33,17035
4518,64.99,1750.0,1750,1,35.11,7239
4784,17.99,750.0,750,1,13.23,17035
112,6.49,1000.0,1000,1,4.7,660
167,24.99,750.0,750,1,19.99,12546
715,8.29,1000.0,1000,1,6.19,17035
1672,19.99,750.0,750,1,15.99,3924
1799,29.99,375.0,375,1,23.43,9165
1889,6.99,1000.0,1000,1,5.5,660
2075,199.99,750.0,750,1,143.88,12546
2746,74.99,750.0,750,1,51.42,12546
3599,24.99,750.0,750,1,14.05,1265
5953,19.99,375.0,375,1,15.87,98450
8437,49.99,750.0,750,1,26.31,7245
10030,9.99,750.0,750,2,5.19,90017
10724,4.79,750.0,750,2,3.15,3252
11154,8.99,1500.0,1500,2,6.03,3252
11156,8.99,1500.0,1500,2,6.07,3252
12589,4.79,750.0,750,2,3.09,3252
13181,15.99,750.0,750,2,10.73,10754
13330,6.99,750.0,750,2,4.79,6785
13933,8.99,1500.0,1500,2,5.91,3252
14551,15.99,750.0,750,2,5.29,10754
14625,9.99,750.0,750,2,6.62,3252
18624,72.99,750.0,750,2,50.34,9165
20555,12.99,750.0,750,2,8.21,653
21110,14.99,750.0,750,2,10.2,9165
21517,7.79,187.0,187,2,5.06,516
22418,13.99,750.0,750,2,9.58,9165
28039,8.99,1500.0,1500,2,5.88,3252
34635,8.99,1500.0,1500,2,5.29,516
36539,7.99,1500.0,1500,2,5.33,3252
36541,7.99,1500.0,1500,2,5.51,3252
37156,5.99,750.0,750,2,4.1,8320
38467,16.99,750.0,750,2,2.93,9165
41224,32.99,750.0,750,2,20.68,3252
43544,15.99,4000.0,4000,2,10.38,3252
100,159.99,750.0,750,1,120.29,17035
104,8.79,1000.0,1000,1,6.42,660
113,6.49,1000.0,1000,1,4.84,660
145,14.49,1000.0,1000,1,11.5,3960
204,13.99,1000.0,1000,1,10.6,3960
253,5.79,1000.0,1000,1,4.6,9552
258,33.99,1000.0,1000,1,24.28,3960
304,33.99,1000.0,1000,1,24.45,3960
308,26.99,750.0,750,1,15.62,9165
410,21.99,1000.0,1000,1,14.81,17035
444,21.99,1000.0,1000,1,14.81,17035
473,33.99,1000.0,1000,1,26.55,3960
636,9.49,1000.0,1000,1,6.98,6213
685,49.99,750.0,750,2,32.46,17033
834,9.99,1000.0,1000,1,7.68,6213
840,10.99,1000.0,1000,1,8.79,6213
842,10.99,1000.0,1000,1,8.45,6213
847,45.99,1000.0,1000,1,35.65,3664
868,31.99,1000.0,1000,1,24.61,3960
911,20.99,1000.0,1000,1,15.32,3960
972,33.99,1000.0,1000,1,25.95,3960
974,15.49,1000.0,1000,1,12.29,480
975,34.99,1000.0,1000,1,26.31,3664
976,9.49,1000.0,1000,1,7.47,5992
994,21.99,1000.0,1000,1,14.81,17035
995,21.99,1000.0,1000,1,15.99,17035
1032,89.99,750.0,750,1,70.86,1128
1262,21.99,750.0,750,1,16.79,4425
1292,59.99,750.0,750,1,43.79,1128
1310,159.99,750.0,750,1,119.99,7239
1711,20.99,750.0,750,1,15.32,6359
1788,39.99,750.0,750,1,29.19,1485
2074,99.99,750.0,750,1,68.69,8112
2137,40.99,750.0,750,1,29.99,7153
2218,58.99,750.0,750,1,42.33,7153
2349,89.99,750.0,750,1,70.3,8352
2421,349.99,750.0,750,1,265.14,2561
2638,123.99,750.0,750,1,95.38,12546
2719,19.99,750.0,750,1,15.5,653
2809,19.99,750.0,750,1,14.7,653
2813,19.99,750.0,750,1,14.49,653
2850,379.99,750.0,750,1,285.71,9165
2919,114.99,750.0,750,1,85.18,9165
2921,19.99,750.0,750,1,14.92,653
2928,99.99,750.0,750,1,73.52,8112
3304,19.99,1750.0,1750,1,14.38,5992
3339,19.99,750.0,750,1,15.62,3670
3355,24.99,750.0,750,1,18.79,9165
3441,23.99,750.0,750,1,18.04,7153
3628,21.99,750.0,750,1,17.59,9165
4011,79.99,750.0,750,1,62.49,10754
4065,27.99,750.0,750,1,20.89,9165
4248,14.99,750.0,750,1,10.86,4550
4289,14.99,750.0,750,1,10.78,4550
4308,25.99,1750.0,1750,1,19.11,7239
5866,27.99,1750.0,1750,1,15.74,17035
5959,21.99,750.0,750,1,11.9,10754
6241,5.99,750.0,750,2,4.05,8892
6481,15.99,750.0,750,2,10.13,1128
6916,14.99,200.0,200,1,11.1,480
7633,49.99,750.0,750,1,38.75,9165
7808,16.99,750.0,750,1,13.27,1485
7890,29.99,750.0,750,1,22.21,98450
8295,39.99,750.0,750,1,31.0,8004
8478,8.99,200.0,200,1,6.92,7245
8544,21.99,750.0,750,1,12.21,3960
8545,14.99,750.0,750,1,11.9,12546
10121,35.99,750.0,750,2,23.64,8673
10916,13.99,750.0,750,2,9.39,7239
11285,79.99,750.0,750,2,54.41,4692
11653,9.99,750.0,750,2,6.57,4425
12052,13.99,750.0,750,2,8.55,10754
12476,15.99,750.0,750,2,10.66,10754
13113,32.99,750.0,750,2,21.85,4425
13229,99.99,750.0,750,2,67.56,4692
13242,10.99,750.0,750,2,7.48,1392
13406,45.99,750.0,750,2,30.87,7749
13447,5.99,750.0,750,2,3.97,8892
13552,45.99,750.0,750,2,31.72,4425
13558,49.99,750.0,750,2,32.67,4425
13696,6.49,0.0,187,2,4.39,3252
14061,79.99,750.0,750,2,51.61,4425
14126,13.99,750.0,750,2,9.08,9744
14217,16.99,750.0,750,2,11.18,4425
14306,33.99,750.0,750,2,22.22,4425
14407,19.99,750.0,750,2,13.33,90047
14638,16.99,750.0,750,2,11.48,4425
15037,60.99,750.0,750,2,40.66,516
15064,18.99,750.0,750,2,12.92,4425
15171,14.99,750.0,750,2,9.33,9165
15404,23.99,750.0,750,2,16.21,9165
15505,84.99,750.0,750,2,54.05,90047
15862,99.99,750.0,750,2,58.44,4425
15932,21.99,750.0,750,2,15.06,4425
16169,39.99,750.0,750,2,27.58,4425
16174,35.99,750.0,750,2,21.7,4425
16245,7.99,1500.0,1500,2,5.36,2242
16263,17.99,750.0,750,2,5.15,4425
16527,45.99,750.0,750,2,22.29,10754
16541,32.99,750.0,750,2,22.75,7153
16583,22.99,750.0,750,2,13.51,653
16699,24.99,750.0,750,2,16.23,4425
16724,39.99,750.0,750,2,25.97,4425
16781,65.99,750.0,750,2,44.51,9165
16796,39.99,750.0,750,2,24.13,1587
17039,10.99,750.0,750,2,7.28,8892
17086,39.99,750.0,750,2,26.66,4425
17281,183.99,750.0,750,2,89.03,9165
17299,17.99,750.0,750,2,11.91,90047
17327,33.99,750.0,750,2,22.07,4425
17369,20.99,750.0,750,2,13.54,7749
17413,165.99,750.0,750,2,84.96,10754
17598,269.99,750.0,750,2,171.23,2000
17841,14.99,750.0,750,2,7.28,7153
17863,16.99,750.0,750,2,6.8,4425
17880,27.99,720.0,720,2,18.29,7153
17882,23.99,720.0,720,2,16.32,7153
17909,29.99,750.0,750,2,19.99,1392
17913,7.49,750.0,750,2,5.03,1392
18098,239.99,750.0,750,2,157.89,4425
18207,14.99,750.0,750,2,8.49,9552
18353,65.99,750.0,750,2,39.99,9165
18578,79.99,750.0,750,2,52.62,4425
18619,33.99,375.0,375,2,22.22,4425
18629,19.99,750.0,750,2,13.79,9165
18636,15.99,750.0,750,2,10.95,10754
18658,15.99,750.0,750,2,7.92,10754
18740,30.99,750.0,750,2,19.6,10754
18756,7.99,750.0,750,2,5.36,4425
18852,8.99,750.0,750,2,5.29,3252
18853,6.49,0.0,187,2,4.41,3252
18891,80.99,750.0,750,2,44.51,9744
19138,9.99,750.0,750,2,6.71,9552
19142,28.99,750.0,750,2,19.46,9552
19143,26.99,750.0,750,2,18.24,9552
19144,38.99,750.0,750,2,26.17,9552
19157,25.99,750.0,750,2,16.21,90024
19160,15.99,750.0,750,2,10.13,4425
19163,7.99,750.0,750,2,2.9,9165
19236,18.99,750.0,750,2,11.64,2000
19247,17.99,750.0,750,2,11.61,4425
19303,15.99,750.0,750,2,10.66,4425
19304,15.99,750.0,750,2,6.45,4425
19391,34.99,1500.0,1500,2,23.97,4425
19406,29.99,750.0,750,2,20.54,4425
19416,39.99,750.0,750,2,27.58,9552
19443,29.99,750.0,750,2,14.33,10754
19526,13.99,750.0,750,2,9.39,9552
19547,9.99,750.0,750,2,6.75,8673
19552,37.99,750.0,750,2,12.9,9165
19566,29.99,750.0,750,2,14.14,9552
19593,26.99,750.0,750,2,17.76,1703
19594,28.99,750.0,750,2,18.95,7749
19598,29.99,750.0,750,2,19.73,7749
19609,83.99,750.0,750,2,57.53,7749
19620,37.99,750.0,750,2,25.16,7749
19682,56.99,750.0,750,2,39.03,2000
19695,34.99,750.0,750,2,23.8,2000
19768,13.99,750.0,750,2,7.28,8735
19797,16.99,750.0,750,2,11.64,7749
19809,46.99,750.0,750,2,31.33,9552
19822,105.99,750.0,750,2,72.6,2000
19826,104.99,750.0,750,2,68.62,2000
19865,18.99,750.0,750,2,13.01,4425
19866,16.99,750.0,750,2,11.48,4425
19954,449.99,750.0,750,2,308.21,2000
19955,94.99,750.0,750,2,64.18,2000
19961,69.99,750.0,750,2,45.45,10754
19967,125.99,750.0,750,2,85.13,2000
19968,125.99,750.0,750,2,85.71,2000
19969,125.99,750.0,750,2,81.81,2000
19970,399.99,750.0,750,2,263.15,2000
19972,329.99,750.0,750,2,221.47,2000
19988,49.99,750.0,750,2,34.01,9165
19995,29.99,750.0,750,2,12.32,1392
20000,20.99,750.0,750,2,7.18,4425
20055,219.99,750.0,750,2,151.72,2000
20057,179.99,750.0,750,2,120.8,2000
20058,329.99,750.0,750,2,218.54,2000
20108,169.99,750.0,750,2,116.43,4692
20130,59.99,750.0,750,2,39.47,1601
20377,59.99,750.0,750,2,28.1,9165
20400,13.99,750.0,750,2,9.08,7255
20410,38.99,750.0,750,2,20.24,9819
20428,53.99,750.0,750,2,35.52,9165
20467,49.99,750.0,750,2,33.55,653
20509,12.99,750.0,750,2,7.43,10754
20549,10.99,750.0,750,2,7.48,9552
20619,9.49,750.0,750,2,6.5,7153
20648,13.99,750.0,750,2,9.52,17037
20653,16.99,750.0,750,2,7.04,17037
20706,16.99,750.0,750,2,10.66,4425
20784,8.99,750.0,750,2,5.95,90037
20801,29.99,750.0,750,2,20.54,9552
20913,49.99,750.0,750,2,32.89,4425
20932,10.99,750.0,750,2,7.43,10754
20952,24.99,750.0,750,2,16.44,90017
20959,49.99,750.0,750,2,30.32,4425
21081,38.99,750.0,750,2,26.89,4425
21107,10.99,750.0,750,2,7.53,7153
21159,27.99,750.0,750,2,13.1,4425
21160,27.99,750.0,750,2,14.56,4425
21161,14.99,750.0,750,2,9.8,1590
21220,12.99,750.0,750,2,4.07,1590
21355,10.49,750.0,750,2,7.04,7153
21366,11.99,750.0,750,2,7.84,10754
21384,25.99,750.0,750,2,17.12,8673
21406,16.99,750.0,750,2,11.1,9552
21574,64.99,1000.0,1000,2,43.62,4425
21622,10.99,750.0,750,2,5.8,9552
21978,8.99,750.0,750,2,5.8,1587
22105,39.99,750.0,750,2,26.66,10754
22170,19.99,750.0,750,2,13.07,7153
22352,34.99,750.0,750,2,22.72,4425
22353,49.99,750.0,750,2,30.51,4425
22468,11.99,750.0,750,2,7.79,9744
22559,29.99,750.0,750,2,19.6,4692
22568,24.99,750.0,750,2,17.0,9819
22630,29.99,750.0,750,2,20.54,90047
22641,19.99,750.0,750,2,13.79,4425
22648,37.99,750.0,750,2,24.99,4425
22649,48.99,750.0,750,2,33.55,4425
22798,46.99,750.0,750,2,31.33,4425
22935,69.99,750.0,750,2,46.66,9552
22937,14.99,750.0,750,2,8.55,9552
22948,38.99,750.0,750,2,25.15,4425
22950,26.99,750.0,750,2,18.61,10754
22966,21.99,750.0,750,2,14.86,9552
23106,15.99,750.0,750,2,10.73,4425
23121,31.99,750.0,750,2,15.23,9552
23147,13.99,750.0,750,2,7.99,10754
23149,12.99,750.0,750,2,7.09,10754
23185,17.99,750.0,750,2,8.78,10754
23186,22.99,750.0,750,2,13.42,10754
23189,32.99,750.0,750,2,21.56,4425
23190,38.99,750.0,750,2,26.52,4425
23192,62.99,750.0,750,2,41.72,4425
23193,53.99,750.0,750,2,36.98,4425
23194,31.99,750.0,750,2,21.19,4425
23267,46.99,750.0,750,2,30.71,9552
23278,54.99,750.0,750,2,33.33,2000
23460,48.99,750.0,750,2,33.79,17033
23543,12.99,750.0,750,2,8.6,7153
23633,16.99,750.0,750,2,9.67,10754
23647,19.99,750.0,750,2,13.6,4425
23662,26.99,750.0,750,2,17.99,4425
23807,19.99,750.0,750,2,12.66,10754
23830,11.99,750.0,750,2,8.21,7153
23897,15.99,750.0,750,2,10.66,10754
23945,18.99,750.0,750,2,13.01,7153
23948,38.99,750.0,750,2,25.15,7153
23953,16.99,750.0,750,2,11.25,9165
23955,10.99,750.0,750,2,7.43,4692
23962,18.99,750.0,750,2,12.66,10754
23965,16.99,750.0,750,2,9.86,10754
23996,19.99,750.0,750,2,12.9,10754
23997,19.99,750.0,750,2,13.24,9744
24004,14.99,750.0,750,2,9.93,9552
24022,14.99,750.0,750,2,10.06,90051
24048,9.99,750.0,750,2,6.7,10754
24472,11.99,750.0,750,2,8.27,6785
24476,9.99,750.0,750,2,6.7,6785
25084,26.99,750.0,750,2,17.76,10754
25375,9.99,750.0,750,2,6.66,6785
25444,40.99,750.0,750,2,28.08,10754
25643,12.99,750.0,750,2,7.89,4425
25708,33.99,750.0,750,2,21.85,4425
25715,29.99,750.0,750,2,16.44,4425
26429,79.99,750.0,750,2,51.36,4425
26497,19.99,750.0,750,2,11.61,8673
26944,27.99,750.0,750,2,18.18,9552
27065,34.99,750.0,750,2,23.48,4425
28020,16.99,750.0,750,2,10.96,1703
33211,5.29,750.0,750,2,3.53,8892
33719,32.99,750.0,750,2,21.56,4425
34153,25.99,750.0,750,2,12.33,10754
34950,50.99,750.0,750,2,34.92,8673
35266,19.99,750.0,750,2,13.51,4425
35365,29.99,750.0,750,2,18.49,1392
36077,67.99,750.0,750,2,33.55,10754
36235,59.99,750.0,750,2,40.53,9165
36572,27.99,750.0,750,2,14.52,9552
36826,42.99,750.0,750,2,29.65,2000
37047,129.99,750.0,750,2,84.41,4425
37913,19.99,750.0,750,2,13.15,4425
37921,31.99,750.0,750,2,14.47,516
38105,11.99,1500.0,1500,2,8.05,10754
38106,5.99,750.0,750,2,3.92,10754
38242,30.99,750.0,750,2,19.72,10754
38244,34.99,750.0,750,2,24.13,10754
38392,17.99,750.0,750,2,11.99,4425
38473,15.99,750.0,750,2,10.38,9552
38889,33.99,750.0,750,2,21.7,9552
38897,26.99,750.0,750,2,18.49,3252
39285,24.99,750.0,750,2,16.89,4425
39461,104.99,750.0,750,2,69.07,8673
39577,14.49,750.0,750,2,9.45,9552
39736,49.99,750.0,750,2,31.99,10754
40213,16.99,750.0,750,2,9.73,9552
40363,16.99,750.0,750,2,11.48,4425
40566,12.99,750.0,750,2,7.23,4425
41003,21.99,720.0,720,2,14.28,4425
41081,19.99,750.0,750,2,12.16,9552
41304,17.99,750.0,750,2,11.61,4692
41394,24.99,750.0,750,2,15.75,9552
41588,99.99,750.0,750,2,66.66,4425
41985,47.99,750.0,750,2,33.1,4425
42104,45.99,750.0,750,2,30.87,9744
42423,24.99,750.0,750,2,16.55,10754
42949,13.99,750.0,750,2,9.45,4425
43481,34.99,750.0,750,2,21.99,10754
43513,629.99,750.0,750,2,410.95,1590
43547,7.99,1500.0,1500,2,5.51,3252
43667,49.99,750.0,750,2,34.48,10754
44033,4.99,187.0,187,2,3.24,2000
44102,54.99,750.0,750,2,37.66,1590
44715,17.99,750.0,750,2,12.32,4425
44716,24.99,750.0,750,2,16.66,4425
44981,109.9,750.0,750,2,67.11,4425
45424,16.99,750.0,750,2,11.1,17033
45645,28.99,750.0,750,2,17.8,10754
46485,54.99,750.0,750,2,35.94,4425
46567,7.99,750.0,750,2,2.75,1392
46590,12.99,750.0,750,2,8.38,9552
1882,4.99,375.0,375,1,3.7,3960
4173,0.99,50.0,50,1,0.79,3960
16380,6.99,750.0,750,2,4.69,4425
18119,3.99,750.0,750,2,2.75,4425
39086,7.99,1500.0,1500,2,5.51,9815
453,28.99,1000.0,1000,1,21.01,12546
603,6.99,1000.0,1000,1,5.03,5992
1213,6.99,750.0,750,1,5.59,3924
1520,3.99,0.0,50,1,3.02,12546
1972,6.99,750.0,750,1,5.46,3924
4117,14.99,750.0,750,1,11.62,17035
4233,9.99,1750.0,1750,1,7.87,480
4340,12.99,750.0,750,1,9.55,12546
6140,4.99,750.0,750,2,3.44,1392
8389,14.99,4000.0,4000,2,9.93,3252
8501,6.49,750.0,750,1,4.88,7153
8983,13.99,750.0,750,1,10.44,3924
10283,3.99,750.0,750,2,2.57,9815
12218,7.99,750.0,750,2,1.98,1392
12494,3.99,750.0,750,2,2.68,9815
12585,17.99,750.0,750,2,9.99,2000
15262,6.49,750.0,750,2,4.41,3252
15415,8.99,750.0,750,2,5.99,2000
15888,7.99,750.0,750,2,4.05,1392
18174,10.99,750.0,750,2,7.14,8673
20789,14.99,750.0,750,2,9.73,200
20953,6.99,750.0,750,2,3.89,6785
22195,7.99,750.0,750,2,5.33,516
36653,7.99,750.0,750,2,3.86,1392
37457,7.99,750.0,750,2,5.26,4848
39747,8.99,1500.0,1500,2,5.33,9815
184,22.99,750.0,750,1,13.04,12546
803,12.99,1000.0,1000,1,9.92,480
830,9.99,1000.0,1000,1,7.35,6213
879,9.99,1000.0,1000,1,7.4,12546
1043,16.49,750.0,750,1,12.59,12546
2594,24.99,750.0,750,1,19.52,1439
3509,5.99,1000.0,1000,1,4.34,2396
4808,8.99,750.0,750,1,7.19,12546
5658,16.99,750.0,750,1,13.38,6785
8008,9.99,1000.0,1000,1,7.14,6213
8115,18.99,1750.0,1750,1,14.28,480
8456,13.49,1750.0,1750,1,9.64,3924
13128,10.99,1500.0,1500,2,7.18,9552
13130,10.99,1500.0,1500,2,7.09,9552
13144,12.99,750.0,750,2,8.55,1128
18002,6.99,1500.0,1500,2,4.57,1392
18732,12.99,750.0,750,2,8.44,653
31789,12.99,3000.0,3000,2,4.6,3252
46662,2.99,750.0,750,2,2.01,9815
46663,2.99,750.0,750,2,1.99,9815
93,15.99,750.0,750,1,12.4,9552
900,14.99,1000.0,1000,1,11.19,3960
2848,20.99,1750.0,1750,1,15.43,17035
7222,7.49,750.0,750,2,4.9,7153
8235,8.99,1500.0,1500,2,6.24,516
8254,14.49,1500.0,1500,2,9.53,7153
8614,5.99,750.0,750,2,4.05,8892
16083,12.99,750.0,750,2,6.89,8892
40043,17.99,750.0,750,2,12.07,4425
46165,6.49,0.0,187,2,4.45,3252
236,17.99,750.0,750,1,13.23,12331
240,20.99,1000.0,1000,1,14.99,3960
249,21.99,750.0,750,1,16.29,9552
403,23.99,1000.0,1000,1,17.26,17035
792,19.99,750.0,750,1,15.74,6830
1063,33.99,1000.0,1000,1,25.37,3960
3333,12.99,750.0,750,1,9.77,12546
3463,55.99,750.0,750,1,40.28,480
3475,29.99,750.0,750,1,22.38,480
3711,14.99,750.0,750,1,11.36,7245
5606,9.99,1750.0,1750,1,7.19,660
6290,7.99,750.0,750,2,5.4,9819
11468,19.99,750.0,750,2,13.42,1392
18473,17.99,750.0,750,2,11.99,10754
18774,26.99,750.0,750,2,17.23,653
18955,15.99,750.0,750,2,10.88,9165
23038,34.99,750.0,750,2,19.47,2000
23066,16.99,750.0,750,2,10.13,9552
28984,20.99,750.0,750,2,13.6,10000
35910,19.99,750.0,750,2,12.32,9552
1888,6.99,1000.0,1000,1,5.34,660
3873,24.99,750.0,750,1,19.52,4425
4525,7.99,750.0,750,1,6.15,1392
5610,32.99,750.0,750,1,25.57,9165
5642,19.99,750.0,750,1,15.87,4425
6345,7.99,750.0,750,2,5.33,516
8508,21.99,750.0,750,1,16.05,1485
10452,9.99,750.0,750,2,6.07,7153
11163,26.99,750.0,750,2,14.56,9552
11249,17.99,750.0,750,2,11.84,4425
11891,64.99,750.0,750,2,39.73,4425
12429,15.99,750.0,750,2,9.08,2000
12443,9.99,375.0,375,2,6.7,1392
13725,7.99,750.0,750,2,5.33,9815
13931,16.99,750.0,750,2,9.33,3252
14141,54.99,750.0,750,2,22.14,4425
14630,43.99,750.0,750,2,20.68,9165
14724,18.99,720.0,720,2,11.48,653
16215,21.99,750.0,750,2,13.69,4425
16398,39.99,750.0,750,2,25.8,7749
16823,19.99,750.0,750,2,13.33,4425
16850,10.99,750.0,750,2,4.07,1392
17875,7.99,750.0,750,2,5.44,3252
18354,7.49,750.0,750,2,4.96,7153
18385,26.99,750.0,750,2,11.18,9552
18611,13.99,750.0,750,2,9.03,90024
18652,24.99,750.0,750,2,15.53,9165
19042,11.99,750.0,750,2,6.66,90047
19308,32.99,750.0,750,2,22.44,9165
19336,3.99,187.0,187,2,2.71,4848
20518,29.99,750.0,750,2,20.26,10754
20522,38.99,750.0,750,2,18.18,10754
20889,37.99,750.0,750,2,26.2,7153
21700,5.99,500.0,500,2,4.05,9165
21959,5.79,187.0,187,2,3.76,7153
22208,15.99,750.0,750,2,9.52,10754
23820,38.99,750.0,750,2,16.12,9165
24154,27.99,1500.0,1500,2,18.91,1601
24193,22.99,1500.0,1500,2,14.19,7153
34136,10.99,1500.0,1500,2,7.18,3252
39109,4.29,375.0,375,2,2.79,8320
43803,4.49,187.0,187,2,3.1,516
1013,13.99,750.0,750,1,10.29,17035
2773,0.99,50.0,50,1,0.72,9206
4676,17.99,750.0,750,1,10.07,3924
6157,7.99,375.0,375,1,6.01,7153
6450,19.99,750.0,750,2,13.6,4425
8411,14.99,750.0,750,1,7.96,9815
20075,79.99,750.0,750,2,36.91,9552
36844,13.99,750.0,750,2,9.26,10754
46065,12.99,3000.0,3000,2,8.44,9815
143,37.99,1000.0,1000,1,29.59,17035
151,15.99,1000.0,1000,1,11.5,8004
199,9.99,750.0,750,1,3.87,516
276,36.99,1000.0,1000,1,26.8,7245
285,18.99,0.0,750,1,12.49,12546
338,32.99,750.0,750,1,18.21,4425
350,24.99,750.0,750,1,18.1,12546
500,2999.99,750.0,750,1,2290.07,7239
805,32.99,1000.0,1000,1,26.39,480
826,11.99,1000.0,1000,1,9.59,3664
850,9.99,1000.0,1000,1,7.35,6213
862,7.99,1000.0,1000,1,6.05,660
884,8.99,1000.0,1000,1,7.08,12546
926,27.99,750.0,750,1,20.58,7245
961,50.49,750.0,750,2,34.58,4425
1012,37.99,750.0,750,1,25.73,12546
1019,29.99,750.0,750,1,20.6,3664
1130,47.99,750.0,750,1,38.39,4425
1414,23.99,750.0,750,1,14.28,480
2271,29.99,750.0,750,1,23.8,4425
2295,89.99,750.0,750,1,64.28,3664
2363,27.99,750.0,750,1,22.21,8150
2475,6.99,200.0,200,1,5.22,3960
2671,22.99,375.0,375,1,16.78,9165
2923,69.99,750.0,750,1,53.43,3664
3015,17.99,750.0,750,1,10.23,5992
3022,29.99,375.0,375,1,22.55,9165
3353,14.99,750.0,750,1,11.8,7245
3602,14.99,375.0,375,1,5.14,480
4214,11.99,750.0,750,1,7.57,480
5104,24.99,750.0,750,1,18.93,3960
5376,12.99,750.0,750,1,9.77,6213
5390,0.99,50.0,50,1,0.77,8004
5635,29.99,750.0,750,1,16.53,6830
5645,24.99,750.0,750,1,18.79,1485
6389,6.99,1500.0,1500,2,4.72,3252
6486,3.29,750.0,750,2,2.14,1392
8616,26.99,1000.0,1000,1,16.42,17035
8618,25.99,1000.0,1000,1,17.31,17035
8875,22.99,1500.0,1500,2,15.33,4425
9291,799.99,750.0,750,1,620.15,8112
10399,31.99,750.0,750,2,21.33,8673
10647,16.99,3000.0,3000,2,11.4,9815
10917,26.99,750.0,750,2,11.76,516
10935,42.99,750.0,750,2,27.92,4425
11165,9.99,750.0,750,2,6.53,6785
11489,7.99,750.0,750,2,5.22,2000
12389,10.99,1500.0,1500,2,7.23,4425
12511,19.99,750.0,750,2,9.67,7153
12575,21.99,750.0,750,2,9.14,4425
13491,10.99,1500.0,1500,2,7.28,3252
13606,37.99,750.0,750,2,26.2,10754
13805,23.99,750.0,750,2,14.93,10754
15021,10.49,750.0,750,2,6.81,653
15349,7.99,300.0,300,2,5.26,9165
15545,79.99,750.0,750,2,51.94,4692
16424,10.99,1500.0,1500,2,7.28,1392
16923,47.99,750.0,750,2,22.14,9165
18859,14.99,750.0,750,2,9.67,9552
18974,49.99,750.0,750,2,32.67,4425
19060,34.99,750.0,750,2,23.97,7749
19139,9.99,750.0,750,2,6.53,9552
19145,46.99,750.0,750,2,31.97,9552
19150,21.99,750.0,750,2,14.66,8320
19251,11.99,750.0,750,2,7.99,9165
19394,29.99,750.0,750,2,19.35,4425
19436,69.99,750.0,750,2,46.35,6785
19495,11.99,750.0,750,2,8.05,4425
19614,59.99,750.0,750,2,40.53,7749
19616,26.99,750.0,750,2,17.64,7749
19632,45.99,750.0,750,2,27.92,2000
19747,15.99,750.0,750,2,7.79,4425
20375,199.99,750.0,750,2,137.92,9165
20609,7.49,750.0,750,2,2.68,7153
21034,54.99,750.0,750,2,36.73,7153
21152,7.79,750.0,750,2,3.92,17035
21157,10.99,750.0,750,2,7.38,90024
21614,11.99,750.0,750,2,8.16,1601
22220,9.49,500.0,500,2,6.33,9165
23123,14.99,750.0,750,2,8.78,7255
23365,21.99,750.0,750,2,14.28,90024
24076,28.99,750.0,750,2,18.82,90010
27433,15.99,750.0,750,2,10.88,9552
29473,8.99,1000.0,1000,2,5.8,480
33215,5.29,750.0,750,2,3.62,8892
33441,39.99,750.0,750,2,27.58,4425
36154,29.99,750.0,750,2,19.99,4425
38111,11.99,1500.0,1500,2,7.79,10754
38407,24.99,750.0,750,2,9.14,1392
39835,8.99,375.0,375,2,5.91,17035
40172,7.99,750.0,750,2,4.99,1392
41981,36.99,750.0,750,2,24.66,4425
44729,11.99,750.0,750,2,8.16,10000
45480,9.99,750.0,750,2,6.8,4425
781,12.99,1000.0,1000,1,10.39,12546
3063,24.99,750.0,750,1,13.13,1128
3359,0.99,50.0,50,1,0.77,11567
3371,0.99,50.0,50,1,0.71,11567
6762,6.99,1500.0,1500,2,4.51,1392
8909,6.99,1500.0,1500,2,4.51,3252
9195,0.99,50.0,50,1,0.76,1392
9201,0.99,50.0,50,1,0.71,1392
13702,6.49,0.0,187,2,4.45,3252
14020,74.99,750.0,750,2,49.66,90017
20471,7.49,750.0,750,2,5.1,653
22398,49.99,750.0,750,2,34.01,3252
239,27.99,750.0,750,1,21.53,4425
313,21.99,750.0,750,1,17.45,653
576,8.99,1500.0,1500,1,6.92,4425
582,41.99,750.0,750,1,28.98,9552
846,66.99,750.0,750,1,52.34,9165
989,21.99,1000.0,1000,1,14.59,17035
3934,34.99,1750.0,1750,1,18.11,12546
4824,18.99,750.0,750,1,14.72,3924
12084,41.99,500.0,500,2,23.52,4425
12355,14.99,750.0,750,2,9.8,9165
13287,48.99,750.0,750,2,21.61,4425
13442,16.99,750.0,750,2,11.64,10754
14137,11.99,750.0,750,2,7.94,90024
14385,15.99,750.0,750,2,10.59,10754
15761,3.79,187.0,187,2,2.49,516
16349,25.99,750.0,750,2,15.9,1650
16528,14.99,750.0,750,2,10.2,10754
16529,17.99,750.0,750,2,11.99,10754
16642,11.99,750.0,750,2,4.51,7153
17361,16.99,750.0,750,2,11.64,90010
17375,75.99,750.0,750,2,35.8,9552
18318,44.99,750.0,750,2,30.4,1392
18664,9.99,750.0,750,2,6.57,10754
18790,10.99,750.0,750,2,7.38,90047
18979,17.99,750.0,750,2,10.8,17035
19654,10.99,750.0,750,2,7.38,653
19951,65.99,750.0,750,2,42.85,1587
20423,29.99,750.0,750,2,20.13,4692
20607,18.99,750.0,750,2,12.74,653
20961,24.99,750.0,750,2,16.44,2000
21323,8.99,750.0,750,2,6.16,1392
21653,16.99,750.0,750,2,11.48,4425
21753,7.99,750.0,750,2,5.19,9165
21855,17.99,750.0,750,2,3.99,9165
21992,11.99,750.0,750,2,5.26,653
21997,12.99,750.0,750,2,8.38,9165
22247,7.79,750.0,750,2,5.37,5612
22567,4.79,750.0,750,2,3.21,7153
25925,38.99,750.0,750,2,21.42,4425
28313,3.99,750.0,750,2,2.71,3252
40296,20.99,750.0,750,2,13.72,7153
41411,12.99,750.0,750,2,8.9,653
43490,13.99,750.0,750,2,9.08,10754
445,8.79,1000.0,1000,1,6.46,660
3407,0.99,50.0,50,1,0.73,9206
3775,0.99,50.0,50,1,0.73,3960
3933,0.99,50.0,50,1,0.73,3252
5456,0.99,50.0,50,1,0.79,4425
6633,12.99,750.0,750,1,6.88,12546
6968,14.99,5000.0,5000,2,9.73,3252
7940,14.99,1750.0,1750,1,10.78,17035
8331,0.99,50.0,50,1,0.71,7245
8872,0.99,50.0,50,1,0.78,9625
9123,0.99,50.0,50,1,0.74,3924
13504,10.99,750.0,750,2,7.28,4425
13703,6.49,0.0,187,2,4.33,3252
447,6.99,1000.0,1000,1,5.26,660
3267,3.49,50.0,50,1,2.51,3664
3553,4.99,375.0,375,1,3.19,3252
3641,4.99,375.0,375,1,2.85,3252
3741,8.99,750.0,750,1,6.76,5992
4252,0.99,50.0,50,1,0.77,480
4858,0.99,50.0,50,1,0.71,7245
7485,3.99,750.0,750,1,2.85,9815
8527,4.99,750.0,750,2,1.32,9815
11341,9.99,750.0,750,2,4.69,9165
16247,7.99,1500.0,1500,2,5.26,2242
16389,19.99,750.0,750,2,12.58,90011
18414,3.99,750.0,750,2,2.68,9815
21011,64.99,750.0,750,2,44.51,9552
23373,3.99,750.0,750,2,2.71,9815
24874,14.99,750.0,750,2,7.94,9815
28606,9.99,750.0,750,2,6.62,4425
30713,27.99,750.0,750,2,11.18,2000
35290,11.99,750.0,750,2,4.27,10754
1230,3.99,50.0,50,1,3.17,12546
9109,0.99,50.0,50,1,0.76,3924
31346,10.99,750.0,750,2,7.48,516
244,28.99,1000.0,1000,1,22.65,3960
535,16.99,1000.0,1000,1,13.59,17035
1261,0.99,50.0,50,1,0.74,12546
3714,0.99,50.0,50,1,0.74,3960
3931,0.99,50.0,50,1,0.79,3252
16916,7.99,750.0,750,2,5.15,1392
25919,9.99,750.0,750,2,5.88,1392
26394,5.99,750.0,750,2,4.1,9815
188,14.99,1000.0,1000,1,11.19,3960
190,4.29,750.0,750,1,3.06,3924
2918,18.99,750.0,750,1,13.86,9165
3055,12.99,750.0,750,1,7.47,12546
4288,14.99,750.0,750,1,11.1,9165
4331,9.99,750.0,750,1,7.14,480
6258,11.99,3000.0,3000,2,8.1,3252
12803,18.99,1500.0,1500,2,11.25,1392
15572,10.99,750.0,750,2,7.43,4425
18430,24.99,750.0,750,2,16.55,6785
19349,20.99,750.0,750,2,13.9,6785
19576,11.99,750.0,750,2,8.27,10754
21504,9.99,750.0,750,2,6.8,10754
29427,66.99,18000.0,18000,2,45.26,8320
40607,16.99,750.0,750,2,11.25,4425
150,14.49,1000.0,1000,1,10.81,3960
207,14.49,1000.0,1000,1,11.5,3960
19224,18.99,750.0,750,2,12.74,1587
23414,4.99,750.0,750,2,1.62,3252
44186,49.99,750.0,750,2,31.03,4425
613,25.99,1000.0,1000,1,20.46,17035
722,8.99,200.0,200,1,6.71,3960
755,27.99,750.0,750,1,21.7,4425
932,84.99,750.0,750,2,55.91,10754
1985,48.99,750.0,750,1,35.5,4425
3991,9.99,1000.0,1000,1,7.87,8663
5094,3.49,100.0,100,1,2.68,3089
5188,36.99,750.0,750,1,23.7,7239
6122,18.99,750.0,750,1,14.39,516
6977,3.99,50.0,50,1,2.93,3924
11207,14.99,750.0,750,2,10.34,7153
14929,7.99,750.0,750,2,5.47,4425
15350,10.99,180.0,180,2,7.38,9165
16538,14.99,750.0,750,2,8.6,7153
16757,17.99,750.0,750,2,11.76,653
18626,13.99,750.0,750,2,6.49,9552
19398,14.99,750.0,750,2,5.47,4425
19785,39.99,375.0,375,2,25.97,1587
19849,6.29,750.0,750,2,3.44,3252
19949,29.99,750.0,750,2,20.54,1587
20554,17.99,5000.0,5000,2,11.68,9815
21592,11.99,750.0,750,2,6.7,8735
22454,15.99,750.0,750,2,6.45,10754
22455,15.99,750.0,750,2,10.66,10754
22813,19.99,750.0,750,2,12.98,17037
23269,9.99,750.0,750,2,3.71,17035
24703,22.99,750.0,750,2,15.43,17035
29676,19.99,750.0,750,2,13.07,9552
37398,12.49,375.0,375,2,8.61,17031
40583,10.99,750.0,750,2,7.33,4692
465,44.99,750.0,750,1,35.99,9165
711,9.99,200.0,200,1,7.4,4425
835,9.99,1000.0,1000,1,7.57,6213
925,27.99,750.0,750,1,22.21,7245
3250,12.99,750.0,750,1,7.41,12546
3665,10.99,750.0,750,1,5.43,9206
6383,4.99,750.0,750,2,3.33,3252
6941,9.99,750.0,750,2,6.2,516
10402,539.99,3000.0,3000,2,372.41,4425
10870,18.99,750.0,750,2,10.45,90017
11259,47.99,750.0,750,2,31.16,9744
11703,20.99,750.0,750,2,14.48,17037
11918,139.9,750.0,750,2,85.61,4425
12428,59.99,750.0,750,2,41.37,10754
13530,24.99,750.0,750,2,17.23,4425
13585,7.49,750.0,750,2,5.1,9552
13784,26.99,500.0,500,2,15.03,9744
14147,17.99,750.0,750,2,11.76,9552
14265,22.99,750.0,750,2,14.28,90047
14293,239.9,750.0,750,2,156.16,1590
15084,8.99,750.0,750,2,6.16,9552
15215,29.99,750.0,750,2,20.26,4425
15414,8.99,750.0,750,2,6.2,2000
15476,49.99,750.0,750,2,33.11,9552
15504,25.99,750.0,750,2,17.56,90047
16586,15.99,750.0,750,2,10.38,653
17138,12.49,750.0,750,2,8.55,9552
17154,10.99,750.0,750,2,4.36,9552
17159,13.99,750.0,750,2,9.39,10754
17394,829.99,750.0,750,2,519.47,10754
17404,921.99,750.0,750,2,604.02,10754
17408,921.99,750.0,750,2,608.1,10754
17489,14.99,750.0,750,2,8.78,90047
17528,26.99,750.0,750,2,12.24,9165
17529,49.99,750.0,750,2,28.75,9165
17856,21.99,750.0,750,2,9.08,4425
18073,13.99,750.0,750,2,3.94,9165
18232,19.99,750.0,750,2,11.03,8892
18396,19.99,750.0,750,2,12.98,17037
18573,19.99,750.0,750,2,13.15,9552
19045,26.99,750.0,750,2,18.61,2000
19077,199.99,750.0,750,2,131.57,9165
19329,48.99,750.0,750,2,29.52,10754
19396,11.99,750.0,750,2,4.6,4425
19435,79.99,750.0,750,2,55.17,6785
19796,29.99,750.0,750,2,19.99,7749
19960,13.99,750.0,750,2,9.2,10754
20100,32.99,750.0,750,2,15.03,9165
20178,24.99,375.0,375,2,16.33,10754
20224,59.99,750.0,750,2,38.95,7749
20252,44.99,750.0,750,2,29.6,10754
20382,15.99,750.0,750,2,8.1,7255
20521,64.99,750.0,750,2,30.91,10754
20629,11.99,750.0,750,2,7.84,7153
20639,14.99,750.0,750,2,9.73,9552
20670,119.99,750.0,750,2,61.22,9552
20794,16.99,375.0,375,2,7.89,4425
21000,42.99,750.0,750,2,27.62,10754
21008,49.99,750.0,750,2,33.55,9552
21283,27.99,750.0,750,2,19.17,4425
21284,17.99,750.0,750,2,11.99,4425
21364,14.99,750.0,750,2,10.34,10754
21645,39.99,750.0,750,2,18.82,10754
21730,57.99,750.0,750,2,38.4,4425
21731,67.99,750.0,750,2,45.94,4425
21734,19.99,375.0,375,2,13.69,4425
21814,31.99,750.0,750,2,21.19,9552
21841,8.99,750.0,750,2,6.03,9552
22422,13.99,750.0,750,2,9.58,9744
22596,36.99,750.0,750,2,25.51,8673
22782,52.99,750.0,750,2,36.54,4425
22922,17.99,750.0,750,2,12.32,9165
23032,74.99,750.0,750,2,51.01,2000
23069,24.99,375.0,375,2,16.66,1587
23105,41.99,750.0,750,2,28.18,4425
23114,39.99,750.0,750,2,26.84,4425
23145,28.99,750.0,750,2,19.2,10754
23146,19.99,750.0,750,2,12.24,10754
23151,18.99,750.0,750,2,12.49,10754
23262,42.99,750.0,750,2,27.74,9165
23508,12.99,750.0,750,2,8.9,7255
23527,79.99,750.0,750,2,51.61,9552
23871,34.99,750.0,750,2,23.97,4425
24012,24.99,750.0,750,2,17.12,6785
24015,18.99,750.0,750,2,12.33,6785
24166,74.99,750.0,750,2,50.33,10754
24167,35.99,750.0,750,2,24.32,10754
24191,21.99,750.0,750,2,13.79,10754
25796,34.99,750.0,750,2,23.02,4425
26825,11.99,750.0,750,2,7.99,9744
27212,59.99,750.0,750,2,34.48,1392
28954,38.99,750.0,750,2,25.15,8673
31070,24.99,750.0,750,2,12.98,4425
31120,29.99,750.0,750,2,20.26,4425
32823,26.99,750.0,750,2,18.36,653
32900,99.99,750.0,750,2,58.82,17035
33967,43.99,750.0,750,2,27.99,8673
34525,31.99,750.0,750,2,16.54,4425
36894,16.49,375.0,375,2,7.89,4425
37100,52.99,750.0,750,2,36.54,8673
37849,89.99,750.0,750,2,62.06,17033
38137,31.99,750.0,750,2,19.99,9165
38641,13.99,1500.0,1500,2,9.26,9165
39013,36.99,750.0,750,2,17.64,10754
39107,92.99,750.0,750,2,61.18,8673
41408,21.99,750.0,750,2,14.56,653
43097,35.99,750.0,750,2,23.68,10754
43152,37.99,750.0,750,2,24.67,4425
43237,29.99,750.0,750,2,18.06,10754
43393,11.99,750.0,750,2,5.91,8673
45837,35.99,750.0,750,2,23.99,17037
45839,22.99,750.0,750,2,15.33,17037
46582,15.99,750.0,750,2,6.84,10754
61,13.99,750.0,750,1,10.6,8004
122,10.99,750.0,750,1,7.96,12546
140,10.99,750.0,750,1,7.85,12546
222,19.99,750.0,750,1,15.99,11567
248,49.99,750.0,750,1,39.36,8320
271,44.99,750.0,750,1,33.08,8320
300,18.99,1750.0,1750,1,14.5,98450
317,31.99,750.0,750,1,24.23,4425
319,34.99,750.0,750,1,25.17,10754
330,16.99,750.0,750,1,13.59,1128
333,7.29,750.0,750,1,5.28,17035
349,27.99,750.0,750,1,21.05,9165
353,25.99,750.0,750,1,19.84,9165
368,1299.99,750.0,750,1,1015.62,2561
373,19.99,750.0,750,1,15.03,9165
423,4559.99,750.0,750,1,3352.93,8112
489,16.99,750.0,750,1,12.68,5992
506,24.99,375.0,375,2,16.77,10754
507,10.99,1750.0,1750,1,8.14,12546
510,9.99,1750.0,1750,1,7.14,660
545,36.99,750.0,750,1,27.6,4425
551,10.99,750.0,750,1,8.59,12546
609,10.99,750.0,750,1,8.39,98450
610,20.99,750.0,750,2,14.48,10754
614,22.99,1750.0,1750,1,17.16,3924
616,12.99,1750.0,1750,1,9.77,12546
657,7.99,750.0,750,1,6.19,12546
675,99.99,750.0,750,1,78.73,7239
688,9.99,750.0,750,1,7.51,9552
718,10.49,1000.0,1000,1,8.07,17035
731,26.99,1750.0,1750,1,20.6,3960
734,17.99,750.0,750,1,13.63,12546
787,24.99,750.0,750,1,17.85,9165
843,22.99,750.0,750,1,17.55,7239
935,39.99,750.0,750,1,30.07,9165
936,39.99,750.0,750,1,31.49,9165
953,29.99,750.0,750,1,23.43,9165
957,27.99,750.0,750,1,21.37,7245
996,299.99,750.0,750,1,222.21,1128
1128,31.99,750.0,750,1,24.23,4425
1129,37.99,750.0,750,1,30.15,4425
1300,1999.99,750.0,750,1,1550.38,3664
1474,25.99,750.0,750,1,19.84,3960
1598,949.99,750.0,750,1,736.43,3960
1996,29.99,750.0,750,2,20.4,8004
1998,15.99,750.0,750,1,11.93,3664
2188,49.99,750.0,750,1,37.59,4425
2195,16.99,750.0,750,1,13.38,12546
2234,21.99,750.0,750,1,14.95,8892
2301,239.99,750.0,750,1,186.04,7153
2308,16.99,750.0,750,1,12.68,11567
2320,52.99,750.0,750,1,38.68,9165
2345,49.99,750.0,750,1,26.71,9165
2384,39.99,750.0,750,1,31.24,9165
2386,16.99,750.0,750,1,13.59,12546
2399,15.99,750.0,750,1,12.69,17035
2405,37.99,750.0,750,1,28.35,9165
2410,54.99,750.0,750,1,39.99,3664
2478,35.99,750.0,750,1,26.08,4425
2535,179.99,750.0,750,1,140.62,3664
2610,189.99,750.0,750,1,138.68,8112
2617,99.99,750.0,750,1,72.99,17035
2621,68.99,750.0,750,1,51.49,9165
2634,14.99,750.0,750,1,11.19,3924
2710,21.99,750.0,750,1,15.93,4425
2743,79.99,750.0,750,1,62.49,4425
2747,159.99,750.0,750,1,123.07,4425
2750,42.99,750.0,750,1,33.33,4425
2820,18.99,750.0,750,1,13.56,9165
2849,179.99,750.0,750,1,129.49,2000
2858,16.99,750.0,750,1,13.38,7153
2873,299.99,750.0,750,1,222.21,2000
2877,65.99,750.0,750,1,49.25,7245
2903,27.99,1750.0,1750,1,20.58,3960
2913,27.99,750.0,750,1,19.99,4425
2914,48.99,750.0,750,1,32.6,9552
2959,38.99,750.0,750,1,29.54,4425
3009,54.99,750.0,750,1,43.99,1273
3088,16.99,1750.0,1750,1,12.68,1392
3105,27.99,750.0,750,1,20.89,4425
3131,12.99,750.0,750,1,9.28,12546
3203,25.99,750.0,750,1,19.4,6213
3301,15.99,750.0,750,1,12.11,5992
3319,29.99,750.0,750,1,21.89,10050
3361,12.99,750.0,750,1,9.84,12546
3461,49.99,750.0,750,1,39.99,480
3481,24.99,750.0,750,1,16.29,9552
3543,24.99,750.0,750,1,19.37,3960
3611,14.99,375.0,375,1,5.5,480
3712,24.99,750.0,750,1,18.11,1128
3717,27.99,750.0,750,1,22.04,1128
3742,27.99,750.0,750,1,21.7,4425
3750,14.49,750.0,750,1,11.59,8004
3752,14.49,750.0,750,1,11.06,8004
3753,14.49,750.0,750,1,11.15,8004
3777,27.99,750.0,750,1,21.7,4425
3955,16.99,1750.0,1750,1,13.59,6213
4043,16.99,1750.0,1750,1,12.14,12546
4175,44.99,750.0,750,1,32.6,4425
4354,59.99,750.0,750,1,44.44,1392
4386,49.99,750.0,750,1,34.34,1392
4399,12.99,750.0,750,1,10.15,9552
4408,12.99,750.0,750,1,10.23,9552
4415,10.99,750.0,750,1,8.72,12546
4427,14.49,750.0,750,1,10.58,6213
4902,10.99,750.0,750,1,8.65,9552
4948,12.99,750.0,750,1,9.62,9552
5114,10.49,750.0,750,1,7.83,12546
5178,19.99,750.0,750,1,14.49,9165
5487,13.99,750.0,750,1,10.36,8004
5571,12.99,1750.0,1750,1,10.15,8352
5811,10.99,750.0,750,1,7.85,17035
6159,48.99,750.0,750,2,31.81,9165
6214,13.99,3000.0,3000,2,9.08,1392
6265,4.99,750.0,750,2,3.39,3252
6286,3.99,750.0,750,2,2.7,4901
6456,5.99,0.0,187,2,4.02,8892
6520,55.99,750.0,750,1,39.99,7153
6532,69.99,750.0,750,1,51.09,7153
6545,129.99,750.0,750,1,94.88,7153
6559,189.99,750.0,750,1,143.93,7153
6600,79.99,750.0,750,1,57.96,9165
6784,10.99,750.0,750,2,7.53,8673
6935,10.99,750.0,750,2,7.23,9165
7951,69.99,750.0,750,1,51.09,12546
7974,24.99,750.0,750,1,19.37,9165
8035,9.49,750.0,750,1,7.19,6213
8310,19.99,750.0,750,1,15.74,7245
8676,74.99,750.0,750,1,53.95,3960
8787,9.99,750.0,750,2,6.7,4425
8878,49.99,750.0,750,1,36.76,8004
8912,44.99,750.0,750,1,33.33,8004
9101,39.99,750.0,750,1,31.49,6830
9102,44.99,750.0,750,1,33.33,6830
9103,34.99,750.0,750,1,27.12,6830
9126,23.99,750.0,750,2,14.37,653
9131,24.99,750.0,750,1,17.68,653
9144,19.99,750.0,750,1,13.33,653
9908,21.01,0.0,Unknown,1,16.15,4425
10011,4.99,750.0,750,2,3.3,9552
10124,10.99,750.0,750,2,7.33,8673
10127,11.99,750.0,750,2,8.1,10754
10336,11.99,750.0,750,2,8.1,4692
10370,25.99,750.0,750,2,16.99,4425
10380,10.99,750.0,750,2,7.09,8673
10400,56.99,750.0,750,2,36.05,4425
10618,9.99,750.0,750,2,6.84,8673
10650,15.99,750.0,750,2,10.59,10754
10701,9.99,750.0,750,2,6.62,4425
10722,7.99,750.0,750,2,3.92,1392
10762,7.29,750.0,750,2,4.05,90017
10863,64.99,750.0,750,2,43.33,90047
11022,9.99,750.0,750,2,6.16,1392
11060,19.99,750.0,750,2,13.33,4692
11088,9.99,375.0,375,2,6.84,17033
11150,7.99,750.0,750,2,5.47,9815
11181,18.99,750.0,750,2,12.58,10754
11263,19.99,750.0,750,2,13.69,4692
11306,15.99,750.0,750,2,10.52,653
11319,12.99,750.0,750,2,7.18,1590
11553,186.99,750.0,750,2,122.22,9165
11699,11.99,750.0,750,2,7.84,9744
11749,17.99,5000.0,5000,2,10.8,9815
11770,18.99,750.0,750,2,9.33,7153
11868,6.99,750.0,750,2,4.63,8673
11880,36.99,750.0,750,2,25.16,17037
11881,36.99,750.0,750,2,25.51,17037
12073,10.99,750.0,750,2,7.53,8892
12076,94.99,750.0,750,2,53.33,4425
12110,17.99,750.0,750,2,10.45,10000
12199,54.99,750.0,750,2,36.42,4425
12204,5.99,750.0,750,2,4.02,4425
12259,10.99,1500.0,1500,2,7.18,1392
12351,19.99,750.0,750,2,13.51,9165
12378,12.99,750.0,750,2,8.72,9165
12390,5.99,750.0,750,2,3.86,4425
12394,6.99,750.0,750,2,4.63,2000
12420,21.99,375.0,375,2,15.06,4425
12449,55.49,750.0,750,2,38.27,9819
12496,8.99,750.0,750,2,4.83,9815
12515,12.99,750.0,750,2,8.44,6785
12517,8.99,750.0,750,2,5.99,6785
12538,10.99,750.0,750,2,7.48,10754
12555,169.99,1500.0,1500,2,112.58,4425
12595,7.99,750.0,750,2,5.36,4425
12637,8.99,750.0,750,2,6.03,90037
12650,13.99,750.0,750,2,9.2,9552
12669,8.99,750.0,750,2,6.07,1590
12690,28.99,750.0,750,2,19.33,9552
12910,61.99,750.0,750,2,41.89,4425
12913,96.99,750.0,750,2,66.89,4425
13062,52.99,750.0,750,2,33.33,4425
13065,94.99,750.0,750,2,60.4,4425
13122,15.99,750.0,750,2,9.52,9552
13150,39.99,750.0,750,2,18.24,4425
13215,26.49,375.0,375,2,17.22,8112
13244,79.99,750.0,750,2,51.94,17037
13245,54.99,750.0,750,2,37.66,17037
13255,15.99,750.0,750,2,10.52,516
13331,15.99,750.0,750,2,10.88,9552
13424,19.99,750.0,750,2,6.7,10754
13492,10.99,1500.0,1500,2,5.84,3252
13528,19.99,750.0,750,2,12.9,9819
13557,69.99,750.0,750,2,46.05,4425
13561,11.99,750.0,750,2,7.74,4425
13620,13.99,750.0,750,2,5.33,3252
13636,15.99,750.0,750,2,10.45,10754
13662,14.99,750.0,750,2,9.43,4425
13676,19.99,750.0,750,2,13.79,90024
13716,3.99,750.0,750,2,2.61,3252
13791,29.99,750.0,750,2,19.73,1587
13887,49.99,750.0,750,2,30.96,90024
13929,11.99,750.0,750,2,7.89,2000
13941,44.99,750.0,750,2,30.4,4425
13948,74.99,750.0,750,2,50.67,4425
13956,11.99,750.0,750,2,7.79,10754
13960,11.99,750.0,750,2,7.28,90047
13979,34.99,750.0,750,2,22.87,9165
14096,30.99,750.0,750,2,21.37,10754
14097,19.99,750.0,750,2,8.55,4425
14120,45.99,750.0,750,2,31.5,8673
14121,30.99,750.0,750,2,21.08,8673
14191,14.99,750.0,750,2,7.28,7153
14195,23.99,750.0,750,2,15.89,4425
14277,54.99,750.0,750,2,32.67,2000
14364,455.99,750.0,750,2,299.99,4425
14436,14.99,750.0,750,2,7.87,9552
14444,25.99,750.0,750,2,17.1,10754
14652,15.99,750.0,750,2,10.59,9552
14675,11.49,750.0,750,2,6.99,90047
14718,18.99,750.0,750,2,12.41,9552
14826,11.99,750.0,750,2,7.74,10754
14840,9.99,750.0,750,2,6.7,2000
14878,15.99,750.0,750,2,10.32,90024
14973,43.99,750.0,750,2,28.76,8673
15014,7.49,750.0,750,2,4.19,2000
15065,37.99,750.0,750,2,18.24,4425
15085,17.99,5000.0,5000,2,11.99,9815
15137,15.99,750.0,750,2,10.59,2242
15178,12.49,750.0,750,2,7.38,90017
15193,49.99,750.0,750,2,30.96,10754
15194,77.99,750.0,750,2,51.69,10754
15209,15.99,750.0,750,2,10.52,9552
15211,12.99,750.0,750,2,6.77,9552
15228,29.99,750.0,750,2,20.68,1392
15259,13.99,750.0,750,2,9.33,3252
15297,7.99,750.0,750,2,3.97,9815
15328,10.99,1500.0,1500,2,7.53,1392
15329,7.99,750.0,750,2,4.1,1392
15362,15.99,750.0,750,2,10.8,10754
15418,12.99,750.0,750,2,8.84,90024
15423,19.99,750.0,750,2,8.78,4425
15426,11.99,750.0,750,2,6.45,9552
15463,85.99,750.0,750,2,54.19,8673
15477,24.99,750.0,750,2,16.66,9552
15496,17.99,750.0,750,2,12.16,9744
15507,44.99,750.0,750,2,30.4,90047
15508,79.99,750.0,750,2,48.36,90047
15510,21.99,750.0,750,2,14.19,90047
15529,16.99,750.0,750,2,5.19,4425
15542,16.99,750.0,750,2,11.1,9552
15645,28.99,750.0,750,2,19.99,9552
15650,11.99,750.0,750,2,7.84,10754
15688,499.99,750.0,750,2,299.99,10754
15720,19.99,750.0,750,2,13.33,9744
15747,10.99,750.0,750,2,6.16,1590
15774,13.99,1000.0,1000,2,7.61,90047
15832,15.99,750.0,750,2,10.45,10754
15846,24.99,375.0,375,2,17.23,4425
15859,27.99,750.0,750,2,18.79,4425
15923,4.79,500.0,500,2,3.21,2242
15927,15.99,750.0,750,2,10.52,4425
15949,12.99,750.0,750,2,8.55,4425
15951,79.99,750.0,750,2,36.48,4692
15968,12.99,750.0,750,2,8.38,4425
16061,14.99,750.0,750,2,10.06,2000
16071,57.99,750.0,750,2,39.45,17037
16144,7.99,750.0,750,2,5.51,9815
16191,4222.99,6000.0,6000,2,2816.43,9165
16200,42.99,750.0,750,2,28.66,9552
16208,46.99,750.0,750,2,30.51,90024
16214,40.99,750.0,750,2,27.7,7749
16246,7.99,1500.0,1500,2,5.47,2242
16312,13.99,750.0,750,2,9.14,4425
16369,12.99,750.0,750,2,8.78,90024
16377,16.99,750.0,750,2,11.4,90010
16399,42.99,750.0,750,2,29.24,7749
16426,7.99,750.0,750,2,5.44,4425
16443,22.99,750.0,750,2,12.9,90047
16445,19.99,750.0,750,2,11.91,90047
16466,16.99,750.0,750,2,11.33,9552
16478,11.99,750.0,750,2,7.94,4692
16485,14.99,750.0,750,2,10.06,7153
16494,17.99,750.0,750,2,11.68,9552
16503,8.99,750.0,750,2,5.99,2000
16584,37.99,750.0,750,2,26.02,653
16612,12.99,750.0,750,2,7.33,653
16692,15.99,750.0,750,2,10.88,4425
16714,13.99,750.0,750,2,4.24,9165
16749,10.99,750.0,750,2,7.53,4950
16752,11.99,750.0,750,2,7.99,653
16792,24.99,750.0,750,2,16.12,3252
16795,289.99,750.0,750,2,189.54,1587
16809,11.99,1500.0,1500,2,7.79,9815
16895,99.99,750.0,750,2,60.8,9552
16896,109.99,750.0,750,2,71.42,9552
16938,9.99,1500.0,1500,2,6.84,3252
16951,10.99,1500.0,1500,2,7.28,1392
16998,159.99,750.0,750,2,106.66,4425
17040,5.99,0.0,187,2,3.99,8892
17069,11.49,750.0,750,2,7.51,90047
17142,14.99,750.0,750,2,7.89,4692
17170,54.99,750.0,750,2,35.48,9165
17186,13.99,750.0,750,2,9.33,10754
17266,15.99,750.0,750,2,9.03,2000
17297,10.99,750.0,750,2,5.88,1392
17316,31.99,750.0,750,2,20.91,9552
17323,41.99,750.0,750,2,27.62,9552
17329,12.99,750.0,750,2,8.55,4425
17332,10.99,750.0,750,2,7.38,4425
17342,7.99,750.0,750,2,2.97,8735
17347,29.99,750.0,750,2,19.35,4425
17358,16.99,750.0,750,2,10.73,90011
17486,6.49,0.0,187,2,4.41,3252
17520,6.49,750.0,750,2,1.97,516
17615,17.99,3000.0,3000,2,12.16,2242
17741,18.99,750.0,750,2,12.74,9744
17753,25.99,750.0,750,2,17.92,4425
17861,69.99,750.0,750,2,29.67,4425
17918,355.99,1500.0,1500,2,229.67,4692
17932,85.99,750.0,750,2,56.57,4425
17934,65.99,750.0,750,2,42.57,4425
18044,65.99,750.0,750,2,29.65,4425
18046,43.99,750.0,750,2,17.44,4425
18047,23.99,750.0,750,2,8.6,4425
18048,23.99,750.0,750,2,10.73,4425
18097,79.99,750.0,750,2,55.17,4425
18109,12.99,750.0,750,2,4.36,1392
18110,39.99,750.0,750,2,25.97,1392
18126,10.99,750.0,750,2,7.53,90010
18130,36.99,750.0,750,2,24.83,4425
18131,11.99,750.0,750,2,8.21,90024
18175,10.99,750.0,750,2,7.43,8673
18192,319.99,1500.0,1500,2,213.33,9165
18210,38.99,750.0,750,2,26.34,4425
18246,45.99,375.0,375,2,31.5,9744
18254,71.99,750.0,750,2,47.05,9744
18265,68.99,750.0,750,2,46.61,9165
18266,47.99,750.0,750,2,32.65,9165
18267,45.99,375.0,375,2,21.61,9165
18271,126.99,750.0,750,2,82.46,9165
18275,11.99,750.0,750,2,8.21,516
18300,6.99,1500.0,1500,2,4.76,1392
18360,11.99,750.0,750,2,8.05,1650
18378,11.99,750.0,750,2,6.57,1590
18424,82.99,750.0,750,2,37.01,4425
18425,69.99,750.0,750,2,31.5,4425
18426,36.99,750.0,750,2,24.18,4425
18428,16.99,750.0,750,2,11.4,4425
18529,8.99,750.0,750,2,5.1,9815
18540,27.99,750.0,750,2,13.57,9552
18544,22.99,375.0,375,2,8.66,10754
18548,13.49,375.0,375,2,8.76,90047
18550,79.99,750.0,750,2,52.62,4425
18564,26.99,750.0,750,2,18.61,8673
18586,44.99,750.0,750,2,27.58,4425
18587,39.99,750.0,750,2,23.83,4425
18595,49.99,750.0,750,2,32.25,1587
18610,22.99,750.0,750,2,15.33,90024
18630,13.99,750.0,750,2,2.97,9165
18651,19.99,750.0,750,2,12.9,9165
18655,13.99,750.0,750,2,9.33,10754
18665,16.99,750.0,750,2,10.2,9552
18697,99.99,750.0,750,2,59.86,2000
18721,13.99,750.0,750,2,9.39,653
18761,15.49,187.0,187,2,10.61,90047
18768,13.99,750.0,750,2,8.49,9165
18773,17.99,750.0,750,2,8.21,90047
18781,10.99,750.0,750,2,7.53,1590
18784,48.99,750.0,750,2,32.66,9552
18788,14.99,750.0,750,2,10.27,9552
18866,12.99,750.0,750,2,8.44,90024
18923,14.99,750.0,750,2,9.99,90047
18937,29.99,750.0,750,2,17.8,9552
18947,37.99,750.0,750,2,25.5,4425
18962,17.99,750.0,750,2,7.43,1392
18976,11.99,750.0,750,2,8.05,653
19031,11.99,750.0,750,2,7.79,9552
19040,11.99,750.0,750,2,6.49,90047
19044,51.99,750.0,750,2,35.37,2000
19053,26.99,750.0,750,2,17.0,2000
19054,129.99,750.0,750,2,89.65,7749
19137,21.99,750.0,750,2,14.76,9552
19178,12.99,750.0,750,2,8.9,6830
19179,10.99,750.0,750,2,7.18,6830
19186,59.99,750.0,750,2,41.37,4425
19219,12.99,750.0,750,2,8.66,4425
19231,55.99,750.0,750,2,23.97,2000
19232,26.99,750.0,750,2,18.11,2000
19245,9.99,750.0,750,2,6.7,1392
19255,3.49,750.0,750,2,2.28,9815
19265,79.99,750.0,750,2,50.32,9165
19293,28.99,750.0,750,2,17.92,10754
19313,10.99,750.0,750,2,5.84,4950
19320,17.99,750.0,750,2,10.32,10754
19368,24.99,750.0,750,2,14.96,9744
19376,17.99,3000.0,3000,2,11.91,3252
19395,39.99,750.0,750,2,26.84,4425
19414,13.99,750.0,750,2,8.1,9165
19430,20.99,375.0,375,2,13.99,4692
19451,11.99,750.0,750,2,6.84,3252
19488,5.99,500.0,500,2,4.13,9165
19513,8.99,720.0,720,2,5.88,9165
19518,19.99,750.0,750,2,10.32,9744
19522,46.99,750.0,750,2,30.71,9552
19523,9.99,750.0,750,2,6.7,9552
19544,24.99,750.0,750,2,16.66,9552
19617,125.99,750.0,750,2,86.89,7749
19622,104.99,750.0,750,2,69.99,7749
19637,19.99,750.0,750,2,13.79,4425
19652,8.99,750.0,750,2,6.07,653
19653,8.99,750.0,750,2,5.88,653
19658,14.99,750.0,750,2,9.73,4425
19663,14.99,750.0,750,2,7.89,9552
19680,179.99,750.0,750,2,119.2,2000
19681,259.99,750.0,750,2,168.82,2000
19693,12.99,1500.0,1500,2,8.44,9815
19704,17.99,750.0,750,2,8.9,90047
19706,13.99,750.0,750,2,8.44,90047
19754,10.99,750.0,750,2,5.8,1590
19757,13.99,750.0,750,2,6.75,1590
19783,349.99,750.0,750,2,230.26,4425
19787,4.79,500.0,500,2,3.24,2242
19789,19.99,750.0,750,2,12.9,9552
19833,59.99,750.0,750,2,40.81,9165
19835,12.99,375.0,375,2,2.16,9165
19840,214.99,750.0,750,2,140.52,9165
19841,177.99,750.0,750,2,114.83,2000
19845,21.99,750.0,750,2,13.24,10754
19860,4.49,500.0,500,2,2.93,1392
19890,16.99,750.0,750,2,11.03,9552
19914,6.99,750.0,750,2,4.66,7153
19935,7.99,750.0,750,2,5.26,653
19952,14.99,1500.0,1500,2,3.35,4425
19963,13.99,750.0,750,2,9.2,10754
19966,124.99,750.0,750,2,83.89,2000
20001,34.99,750.0,750,2,23.97,4425
20008,21.99,750.0,750,2,14.19,9552
20024,175.99,750.0,750,2,115.53,2000
20061,539.99,750.0,750,2,369.86,2000
20062,539.99,750.0,750,2,364.86,2000
20063,2199.99,750.0,750,2,1456.95,2000
20064,469.99,750.0,750,2,315.43,2000
20090,19.99,750.0,750,2,11.99,90017
20091,11.99,750.0,750,2,5.51,90017
20092,11.99,750.0,750,2,7.53,90017
20114,13.99,750.0,750,2,9.26,8320
20129,32.99,750.0,750,2,15.89,4425
20131,359.99,1500.0,1500,2,235.29,9165
20151,59.99,375.0,375,2,40.26,9552
20162,17.99,750.0,750,2,7.43,4425
20181,6.99,375.0,375,2,4.66,1392
20184,10.99,750.0,750,2,3.78,8892
20205,12.99,750.0,750,2,7.28,90024
20209,27.99,750.0,750,2,12.41,90024
20253,27.99,750.0,750,2,16.66,10754
20254,13.99,750.0,750,2,9.45,9552
20339,79.99,750.0,750,2,48.27,9744
20374,18.99,375.0,375,2,12.83,9165
20403,13.49,750.0,750,2,7.46,7255
20413,23.99,750.0,750,2,15.99,9819
20424,93.99,750.0,750,2,60.64,9165
20477,11.99,750.0,750,2,6.53,653
20491,10.99,750.0,750,2,7.28,653
20503,12.99,750.0,750,2,8.78,4425
20514,39.99,750.0,750,2,18.95,10754
20599,17.99,750.0,750,2,7.56,4425
20600,15.99,750.0,750,2,7.56,4425
20611,7.99,750.0,750,2,3.22,7153
20632,8.99,750.0,750,2,3.24,7153
20638,18.99,750.0,750,2,12.25,4425
20646,13.99,750.0,750,2,9.65,17037
20654,39.99,750.0,750,2,26.14,17037
20682,41.99,750.0,750,2,19.86,9165
20702,58.99,750.0,750,2,24.67,4425
20722,29.99,750.0,750,2,20.4,90024
20723,15.99,750.0,750,2,10.66,2000
20724,14.99,750.0,750,2,10.13,7153
20745,11.99,750.0,750,2,7.94,9552
20792,10.99,750.0,750,2,7.18,2242
20793,10.99,750.0,750,2,7.43,2242
20825,11.99,750.0,750,2,8.21,7153
20853,59.99,750.0,750,2,38.95,10754
20880,46.99,750.0,750,2,31.33,4425
20921,23.99,750.0,750,2,11.68,4425
20963,16.99,750.0,750,2,10.96,8673
20968,8.99,750.0,750,2,5.8,4950
20970,16.99,750.0,750,2,11.56,4950
21007,71.99,750.0,750,2,49.65,9552
21010,64.99,750.0,750,2,42.48,9552
21012,84.99,750.0,750,2,57.04,9552
21014,41.99,750.0,750,2,28.96,9552
21015,34.99,750.0,750,2,22.72,9552
21016,34.99,750.0,750,2,23.97,9552
21026,18.99,750.0,750,2,4.9,9165
21060,57.99,750.0,750,2,39.45,4425
21080,21.99,750.0,750,2,14.86,9552
21082,54.99,750.0,750,2,35.48,4425
21087,84.99,750.0,750,2,38.25,4425
21089,17.99,750.0,750,2,7.46,9552
21108,14.99,750.0,750,2,5.88,7153
21109,17.99,750.0,750,2,7.33,7153
21111,14.99,750.0,750,2,9.8,9165
21115,7.99,750.0,750,2,5.29,9165
21117,7.99,750.0,750,2,5.51,9165
21123,11.99,750.0,750,2,7.99,4425
21155,24.99,750.0,750,2,15.12,90024
21166,32.99,750.0,750,2,19.46,10000
21167,10.99,750.0,750,2,5.4,2242
21172,199.99,750.0,750,2,137.92,9165
21196,25.99,750.0,750,2,17.33,4425
21212,14.99,750.0,750,2,6.84,90024
21230,17.99,3000.0,3000,2,11.84,3252
21234,6.49,750.0,750,2,4.19,9744
21259,18.99,750.0,750,2,12.66,4425
21270,8.99,750.0,750,2,5.91,10000
21280,72.99,750.0,750,2,47.09,4425
21282,11.99,750.0,750,2,7.99,6785
21286,46.99,750.0,750,2,31.97,4425
21311,39.99,750.0,750,2,26.84,4692
21325,26.99,750.0,750,2,18.61,1392
21326,26.99,750.0,750,2,16.23,1392
21357,14.99,750.0,750,2,10.2,9552
21368,34.99,750.0,750,2,24.13,10000
21389,36.49,750.0,750,2,23.85,4425
21401,25.99,750.0,750,2,17.21,4425
21409,59.99,1500.0,1500,2,40.81,17035
21413,19.99,750.0,750,2,10.34,7153
21425,26.99,750.0,750,2,17.99,9552
21430,41.99,750.0,750,2,28.56,10754
21431,116.99,750.0,750,2,60.12,10754
21434,64.99,750.0,750,2,42.48,10754
21435,49.99,750.0,750,2,24.83,10754
21437,42.99,750.0,750,2,29.24,10754
21438,109.99,750.0,750,2,75.86,10754
21439,54.99,750.0,750,2,28.1,10754
21441,34.99,750.0,750,2,17.76,10754
21444,339.99,750.0,750,2,232.87,10754
21445,85.99,750.0,750,2,55.48,10754
21446,24.99,750.0,750,2,17.0,10754
21447,92.99,750.0,750,2,59.99,10754
21448,42.99,750.0,750,2,28.28,10754
21449,69.99,750.0,750,2,36.23,10754
21450,239.95,750.0,750,2,159.97,10754
21452,81.99,750.0,750,2,41.44,10754
21453,153.99,750.0,750,2,106.2,10754
21455,204.99,750.0,750,2,134.86,10754
21457,44.99,750.0,750,2,30.61,10754
21458,67.99,750.0,750,2,45.63,10754
21459,152.99,750.0,750,2,100.65,10754
21461,57.99,750.0,750,2,39.99,10754
21463,139.99,750.0,750,2,95.23,10754
21464,45.99,750.0,750,2,24.15,10754
21465,759.99,750.0,750,2,517.0,10754
21466,449.99,750.0,750,2,298.01,10754
21467,152.99,750.0,750,2,82.06,10754
21468,101.99,750.0,750,2,54.48,10754
21471,46.99,750.0,750,2,30.32,10754
21474,90.99,750.0,750,2,62.32,10754
21476,299.99,750.0,750,2,198.67,10754
21477,129.99,750.0,750,2,89.03,10754
21478,91.99,750.0,750,2,47.68,10754
21480,77.99,750.0,750,2,53.42,10754
21481,63.99,750.0,750,2,34.01,10754
21482,144.99,750.0,750,2,72.9,10754
21483,52.99,750.0,750,2,36.29,10754
21485,45.99,750.0,750,2,23.22,10754
21506,19.99,750.0,750,2,13.33,4425
21538,13.99,750.0,750,2,9.52,2242
21561,21.99,750.0,750,2,14.86,4425
21562,29.99,750.0,750,2,19.35,4425
21564,15.49,750.0,750,2,10.4,1650
21576,17.99,750.0,750,2,11.91,4425
21581,29.99,750.0,750,2,19.59,7153
21583,24.99,750.0,750,2,15.48,7153
21586,46.99,750.0,750,2,30.91,7153
21593,7.99,750.0,750,2,5.51,9744
21595,9.99,750.0,750,2,3.54,8735
21615,6.99,300.0,300,2,4.79,9165
21617,9.99,750.0,750,2,4.79,4425
21625,15.99,750.0,750,2,10.66,2000
21632,10.99,375.0,375,2,7.38,1392
21646,39.99,750.0,750,2,27.2,10754
21654,15.99,750.0,750,2,10.52,90010
21670,24.99,750.0,750,2,16.77,9552
21674,26.99,750.0,750,2,17.99,9552
21676,49.99,375.0,375,2,33.55,9552
21686,13.99,750.0,750,2,9.08,653
21713,14.99,750.0,750,2,8.1,2000
21736,23.99,750.0,750,2,16.32,4425
21761,16.99,750.0,750,2,11.03,9552
21790,59.99,750.0,750,2,40.26,653
21830,49.99,750.0,750,2,32.25,10754
21831,49.99,750.0,750,2,23.22,10754
21838,14.99,750.0,750,2,9.8,9552
21839,9.99,750.0,750,2,6.84,9552
21854,59.99,750.0,750,2,41.09,9165
21856,17.99,750.0,750,2,4.18,9165
21860,19.49,750.0,750,2,10.96,7153
21884,11.99,750.0,750,2,2.36,9165
21960,5.99,187.0,187,2,4.02,7153
21979,16.99,750.0,750,2,11.64,1587
21981,39.99,750.0,750,2,25.97,1587
21983,17.99,750.0,750,2,11.68,1587
22000,10.99,1500.0,1500,2,7.33,1392
22001,9.99,750.0,750,2,6.7,9165
22004,9.99,750.0,750,2,3.91,9165
22006,10.99,750.0,750,2,7.43,9165
22010,8.99,1500.0,1500,2,5.99,7153
22028,49.99,750.0,750,2,34.01,10754
22032,9.99,750.0,750,2,6.53,4425
22047,9.99,750.0,750,2,6.49,1590
22050,54.99,750.0,750,2,37.92,9552
22107,57.99,750.0,750,2,39.99,4425
22119,4.99,750.0,750,2,3.24,4425
22173,42.99,750.0,750,2,29.65,7153
22188,15.99,750.0,750,2,8.38,8673
22263,49.99,750.0,750,2,32.46,7749
22264,49.99,750.0,750,2,33.11,1392
22279,6.49,750.0,750,2,4.45,8320
22323,24.99,750.0,750,2,16.89,90047
22345,24.99,750.0,750,2,14.83,4425
22356,15.99,750.0,750,2,10.38,9552
22357,21.99,750.0,750,2,14.96,9552
22358,15.99,750.0,750,2,11.03,9552
22359,13.99,750.0,750,2,9.08,9552
22360,24.99,750.0,750,2,16.12,9552
22361,10.99,750.0,750,2,3.24,3252
22362,9.99,750.0,750,2,6.45,3252
22367,16.99,750.0,750,2,9.93,90010
22384,16.99,750.0,750,2,11.56,9552
22387,9.99,750.0,750,2,6.62,2242
22396,89.99,750.0,750,2,58.06,3252
22399,19.99,750.0,750,2,13.15,10754
22431,26.99,750.0,750,2,17.76,9744
22435,57.99,750.0,750,2,37.41,9744
22436,51.99,750.0,750,2,33.76,9744
22437,70.99,750.0,750,2,47.33,9744
22438,49.99,750.0,750,2,34.24,9744
22439,18.99,750.0,750,2,12.25,9744
22440,21.99,750.0,750,2,14.86,9744
22449,11.99,1500.0,1500,2,6.66,2242
22450,11.99,1500.0,1500,2,6.7,2242
22451,11.99,1500.0,1500,2,6.66,2242
22457,24.99,750.0,750,2,14.83,10754
22477,12.99,750.0,750,2,8.49,9552
22478,13.99,750.0,750,2,9.58,9552
22508,29.99,750.0,750,2,20.68,1392
22517,8.99,750.0,750,2,5.91,4425
22518,16.99,750.0,750,2,11.72,9552
22554,34.99,750.0,750,2,23.64,4692
22558,21.99,750.0,750,2,14.86,4692
22560,16.49,750.0,750,2,10.85,7153
22569,17.99,3000.0,3000,2,11.72,2242
22576,7.99,750.0,750,2,5.44,9819
22597,36.99,750.0,750,2,24.99,8673
22599,29.99,750.0,750,2,18.91,9165
22600,359.99,1500.0,1500,2,236.84,9165
22601,179.99,750.0,750,2,121.61,9165
22621,33.99,750.0,750,2,22.81,9165
22624,42.99,750.0,750,2,28.1,9165
22625,14.99,750.0,750,2,6.19,90047
22629,11.99,750.0,750,2,7.84,90047
22633,23.99,750.0,750,2,15.78,90010
22646,25.99,750.0,750,2,16.77,4425
22653,14.99,750.0,750,2,8.96,90047
22657,28.99,750.0,750,2,19.59,90047
22659,38.99,750.0,750,2,24.34,90047
22661,47.99,750.0,750,2,30.82,90047
22663,44.99,750.0,750,2,27.88,90047
22671,13.99,1500.0,1500,2,9.14,4425
22672,6.79,187.0,187,2,4.56,17035
22696,9.99,750.0,750,2,6.66,9552
22697,24.99,750.0,750,2,10.46,4425
22700,84.99,750.0,750,2,58.21,4425
22701,178.99,750.0,750,2,123.44,4425
22725,19.99,750.0,750,2,11.76,9552
22744,13.99,750.0,750,2,9.2,7153
22745,49.99,750.0,750,2,32.67,2000
22759,12.99,375.0,375,2,8.38,1392
22778,27.99,750.0,750,2,19.04,4425
22781,56.99,750.0,750,2,37.74,4425
22787,49.99,750.0,750,2,33.33,4692
22799,15.99,750.0,750,2,9.65,9552
22808,12.99,375.0,375,2,8.38,9165
22820,42.99,750.0,750,2,27.74,1601
22821,9.99,750.0,750,2,6.89,10754
22822,13.99,750.0,750,2,8.21,10754
22836,13.99,750.0,750,2,7.89,90047
22840,129.99,750.0,750,2,83.86,516
22854,11.99,750.0,750,2,8.27,9552
22857,28.99,375.0,375,2,19.07,10754
22905,10.99,750.0,750,2,4.65,9165
22910,159.99,750.0,750,2,74.83,90010
22913,53.99,750.0,750,2,36.23,90010
22923,17.99,750.0,750,2,12.24,9165
22934,32.99,750.0,750,2,22.6,90047
22941,348.99,1500.0,1500,2,225.15,7153
22942,233.99,1500.0,1500,2,161.37,7153
22943,276.99,1500.0,1500,2,188.43,7153
22944,254.99,1500.0,1500,2,165.58,7153
22951,50.99,750.0,750,2,35.17,10754
22957,64.99,750.0,750,2,42.48,4425
22958,6.99,750.0,750,2,4.57,6785
23014,24.99,750.0,750,2,17.23,7153
23024,52.99,750.0,750,2,35.33,7153
23039,49.99,750.0,750,2,33.11,10754
23040,119.99,750.0,750,2,59.2,9552
23041,42.99,750.0,750,2,22.57,8673
23042,12.99,750.0,750,2,8.9,4692
23044,8.99,750.0,750,2,5.88,7153
23068,59.99,750.0,750,2,39.47,1587
23070,25.99,750.0,750,2,17.56,1587
23071,17.99,375.0,375,2,11.76,4425
23078,21.99,750.0,750,2,14.19,4425
23098,38.99,750.0,750,2,26.89,4425
23099,48.99,750.0,750,2,32.23,4425
23103,129.99,750.0,750,2,84.41,4425
23107,169.99,1500.0,1500,2,109.67,4425
23109,36.99,750.0,750,2,24.83,4425
23110,169.99,1500.0,1500,2,109.67,4425
23116,32.99,750.0,750,2,21.28,4425
23122,24.99,750.0,750,2,17.0,7255
23130,72.99,750.0,750,2,46.66,4425
23131,22.99,750.0,750,2,14.93,4425
23132,49.99,750.0,750,2,33.78,4425
23144,31.99,750.0,750,2,20.64,10754
23159,25.99,375.0,375,2,17.56,9552
23167,29.99,3000.0,3000,2,15.89,2242
23168,15.99,750.0,750,2,9.93,4425
23169,34.99,750.0,750,2,23.17,9744
23170,75.99,750.0,750,2,52.41,9744
23171,52.99,750.0,750,2,35.56,9744
23172,32.99,375.0,375,2,20.4,516
23188,26.99,750.0,750,2,18.36,90010
23196,9.99,750.0,750,2,3.39,4425
23201,12.99,750.0,750,2,6.66,1590
23205,15.99,0.0,187,2,10.66,480
23206,8.99,750.0,750,2,3.54,1590
23233,32.99,750.0,750,2,21.85,4425
23234,62.99,750.0,750,2,40.9,4425
23236,38.99,750.0,750,2,26.89,4425
23241,8.99,750.0,750,2,5.8,8673
23242,11.99,750.0,750,2,4.84,8673
23272,10.99,750.0,750,2,4.34,3252
23282,58.99,750.0,750,2,40.4,2000
23283,94.99,750.0,750,2,61.28,2000
23284,219.99,750.0,750,2,142.85,2000
23285,42.99,750.0,750,2,28.66,2000
23287,139.99,750.0,750,2,92.71,2000
23289,699.99,750.0,750,2,479.45,2000
23293,81.99,750.0,750,2,55.03,2000
23294,49.99,750.0,750,2,32.46,2000
23295,63.99,750.0,750,2,42.1,2000
23297,21.99,750.0,750,2,14.76,6785
23309,96.99,750.0,750,2,64.66,2000
23321,31.99,750.0,750,2,21.61,2000
23323,82.99,750.0,750,2,54.24,2000
23326,24.99,750.0,750,2,16.12,2000
23328,75.99,750.0,750,2,52.41,2000
23330,42.99,750.0,750,2,28.47,2000
23332,26.99,750.0,750,2,17.99,2000
23334,31.99,750.0,750,2,20.64,2000
23338,54.99,750.0,750,2,35.48,2000
23345,31.99,750.0,750,2,14.28,4425
23348,44.99,750.0,750,2,30.61,4425
23350,13.99,750.0,750,2,9.58,4425
23351,10.99,750.0,750,2,4.89,4425
23360,8.99,750.0,750,2,6.16,4950
23385,19.99,750.0,750,2,12.74,9165
23386,19.99,750.0,750,2,12.58,9165
23388,11.99,750.0,750,2,6.84,9165
23391,69.99,750.0,750,2,48.27,10754
23399,19.99,750.0,750,2,13.51,9552
23400,18.99,750.0,750,2,7.14,9552
23410,69.99,750.0,750,2,45.15,8892
23411,26.99,750.0,750,2,18.24,4425
23412,59.99,750.0,750,2,40.26,4425
23413,69.99,750.0,750,2,47.29,8892
23418,59.99,750.0,750,2,41.09,9552
23426,69.99,750.0,750,2,45.75,9552
23433,89.99,750.0,750,2,60.4,4425
23434,68.99,750.0,750,2,44.51,4425
23451,13.49,750.0,750,2,8.33,1650
23477,16.99,750.0,750,2,11.03,9552
23493,34.99,750.0,750,2,24.13,2000
23494,29.99,375.0,375,2,20.13,2000
23495,17.99,375.0,375,2,12.24,2000
23510,10.99,750.0,750,2,7.14,7154
23514,13.49,750.0,750,2,9.05,7154
23517,12.99,750.0,750,2,8.27,9165
23523,9.99,750.0,750,2,6.57,9819
23525,24.99,3000.0,3000,2,17.0,1587
23533,12.99,750.0,750,2,8.49,4425
23534,19.99,750.0,750,2,10.38,2000
23538,10.49,3000.0,3000,2,6.9,3252
23542,18.99,3000.0,3000,2,6.86,3252
23552,10.99,750.0,750,2,7.53,7153
23566,18.99,3000.0,3000,2,7.23,3252
23587,12.99,750.0,750,2,8.21,90011
23593,95.99,750.0,750,2,66.2,4425
23645,9.99,1500.0,1500,2,3.24,9819
23649,12.99,750.0,750,2,7.89,1392
23650,12.99,750.0,750,2,7.99,1392
23665,7.99,0.0,187,2,5.19,1392
23666,7.99,0.0,187,2,5.36,1392
23679,19.99,750.0,750,2,13.6,9165
23746,89.99,750.0,750,2,59.6,10754
23765,16.99,750.0,750,2,7.89,10754
23775,32.99,750.0,750,2,15.48,10754
23776,91.99,750.0,750,2,61.33,10754
23779,89.99,750.0,750,2,58.06,10754
23784,16.99,750.0,750,2,11.72,653
23863,20.99,750.0,750,2,14.38,9552
23866,11.99,750.0,750,2,8.16,9552
23904,19.99,750.0,750,2,12.49,2000
23920,13.99,750.0,750,2,5.86,9552
23957,13.99,750.0,750,2,9.45,4425
23959,38.99,750.0,750,2,26.52,1392
23960,10.99,750.0,750,2,4.19,4692
23963,22.99,750.0,750,2,13.99,10754
23964,22.99,750.0,750,2,13.99,10754
23983,65.99,750.0,750,2,44.59,4425
23989,12.99,750.0,750,2,8.96,9552
24013,25.99,750.0,750,2,17.1,6785
24014,13.99,750.0,750,2,9.08,6785
24016,24.99,750.0,750,2,17.0,6785
24017,18.99,750.0,750,2,12.74,6785
24018,36.99,1000.0,1000,2,24.99,6785
24027,58.99,750.0,750,2,39.59,4425
24029,14.99,750.0,750,2,10.34,3252
24045,26.99,750.0,750,2,17.87,9552
24056,20.99,750.0,750,2,12.74,7153
24097,3.99,750.0,750,2,2.57,3252
24105,26.99,750.0,750,2,17.64,4425
24106,34.99,750.0,750,2,23.97,4425
24107,59.99,750.0,750,2,40.53,4425
24123,9.99,750.0,750,2,6.53,9552
24124,8.99,750.0,750,2,6.07,9552
24125,16.99,750.0,750,2,10.06,9552
24135,22.99,750.0,750,2,15.43,4425
24136,22.99,750.0,750,2,15.03,4425
24138,89.99,750.0,750,2,62.06,4425
24147,9.99,750.0,750,2,5.91,1650
24149,19.99,750.0,750,2,13.51,1650
24169,49.99,750.0,750,2,34.01,9552
24180,36.99,750.0,750,2,24.18,4425
24181,78.99,750.0,750,2,54.1,4425
24187,32.99,750.0,750,2,21.42,10754
24203,6.99,750.0,750,2,4.82,9552
24244,21.99,750.0,750,2,14.47,4425
24256,17.99,750.0,750,2,12.07,4425
24273,15.99,750.0,750,2,10.45,10754
24287,15.99,750.0,750,2,10.45,4692
24289,13.99,750.0,750,2,9.58,4425
24293,49.99,750.0,750,2,32.89,4425
24294,19.99,750.0,750,2,12.98,4425
24304,13.99,750.0,750,2,9.39,9552
24305,18.99,750.0,750,2,11.18,9552
24336,10.99,750.0,750,2,7.58,9819
24347,15.99,750.0,750,2,10.13,7153
24405,29.99,375.0,375,2,20.54,10754
24408,9.99,750.0,750,2,6.8,7153
24410,17.99,750.0,750,2,12.32,7153
24416,12.99,750.0,750,2,8.44,7153
24418,13.99,750.0,750,2,9.26,7153
24469,27.99,750.0,750,2,18.41,6785
24470,18.99,750.0,750,2,12.33,6785
24471,19.99,750.0,750,2,13.24,6785
24473,49.99,750.0,750,2,33.11,6785
24474,57.99,750.0,750,2,38.15,6785
24475,94.99,750.0,750,2,64.18,6785
24477,62.99,750.0,750,2,41.99,6785
24541,64.99,750.0,750,2,44.82,90024
24704,11.99,750.0,750,2,7.94,17035
24757,40.99,750.0,750,2,26.45,4425
24882,2.99,750.0,750,2,1.94,3252
25191,12.99,750.0,750,2,7.33,9552
25474,26.99,750.0,750,2,17.76,17035
25684,16.99,750.0,750,2,11.33,9165
25779,14.99,750.0,750,2,10.06,4425
25831,10.99,750.0,750,2,6.89,7153
25963,17.99,750.0,750,2,11.61,4425
26811,4.79,750.0,750,2,3.19,3252
26886,21.99,750.0,750,2,14.86,9744
27033,29.99,750.0,750,2,19.73,4425
27138,15.99,0.0,187,2,10.8,1128
27370,15.99,750.0,750,2,10.59,9552
27647,14.99,750.0,750,2,5.78,4425
27911,15.99,750.0,750,2,10.38,1392
27932,17.99,750.0,750,2,11.99,2000
28223,15.99,750.0,750,2,10.38,8673
29039,43.99,500.0,500,2,29.13,4425
31075,29.99,750.0,750,2,17.87,4425
31176,69.99,750.0,750,2,47.94,4425
31194,21.99,750.0,750,2,14.96,8673
31347,10.99,750.0,750,2,7.09,516
32338,24.99,750.0,750,2,16.66,8673
32805,24.99,750.0,750,2,16.12,10754
33147,14.99,750.0,750,2,10.27,9552
33331,15.99,750.0,750,2,10.73,4848
33513,12.99,750.0,750,2,8.84,8673
33587,30.99,750.0,750,2,20.4,9552
33717,51.99,750.0,750,2,31.97,4425
33765,59.99,1500.0,1500,2,38.95,17035
33768,21.99,750.0,750,2,14.47,4425
33930,25.99,750.0,750,2,17.23,8112
33961,79.99,750.0,750,2,53.68,3252
34022,25.99,750.0,750,2,16.77,4425
34144,49.99,750.0,750,2,28.1,10754
34508,8.99,750.0,750,2,5.15,8892
34628,8.99,750.0,750,2,5.99,2000
34777,46.99,750.0,750,2,32.41,4425
34792,22.99,750.0,750,2,15.53,4425
34841,18.99,750.0,750,2,11.72,10754
34982,18.99,750.0,750,2,12.66,10754
35485,29.99,750.0,750,2,20.68,10754
35486,29.99,750.0,750,2,20.68,10754
35663,6.29,750.0,750,2,4.31,3252
35977,11.99,750.0,750,2,7.79,9744
35989,1664.99,750.0,750,2,844.15,10754
36059,224.99,750.0,750,2,149.99,10754
36060,455.99,750.0,750,2,217.33,10754
36069,105.99,750.0,750,2,51.0,10754
36070,499.99,750.0,750,2,240.26,10754
36076,235.99,750.0,750,2,114.86,10754
36078,569.99,750.0,750,2,279.45,10754
36087,37.99,750.0,750,2,25.16,4425
36197,8.99,0.0,187,2,5.8,6785
36463,9.99,187.0,187,2,6.45,1601
36493,40.99,750.0,750,2,27.15,4425
36571,25.99,750.0,750,2,16.33,9552
36773,10.99,750.0,750,2,7.14,9552
37285,14.99,750.0,750,2,9.93,4692
37314,15.99,750.0,750,2,11.03,10754
37342,74.99,750.0,750,2,49.66,10754
37419,39.99,750.0,750,2,24.65,1590
37708,10.99,750.0,750,2,7.43,4425
37798,16.99,750.0,750,2,11.33,10754
37902,14.99,750.0,750,2,9.93,9815
37909,49.99,750.0,750,2,33.33,4425
37910,79.99,750.0,750,2,51.33,10754
37940,49.99,750.0,750,2,22.06,4425
38153,43.99,750.0,750,2,28.85,9165
38245,36.99,750.0,750,2,24.02,10754
38301,11.99,750.0,750,2,7.09,90047
38526,18.99,750.0,750,2,7.53,4425
38622,12.99,750.0,750,2,8.72,4425
38727,11.99,750.0,750,2,6.75,9552
38852,4.99,750.0,750,2,3.28,9552
38853,4.99,750.0,750,2,3.39,9552
38854,4.99,750.0,750,2,3.33,9552
38900,19.99,750.0,750,2,13.51,3252
38945,14.99,5000.0,5000,2,9.73,9815
38952,14.99,750.0,750,2,10.2,9552
39063,19.99,750.0,750,2,12.98,90047
39104,25.99,750.0,750,2,8.78,4425
39400,38.99,750.0,750,2,26.34,4425
39456,64.99,750.0,750,2,42.2,9165
39457,46.99,750.0,750,2,30.91,4425
39512,7.99,750.0,750,2,4.69,17035
39797,23.99,750.0,750,2,16.21,9552
39834,8.99,375.0,375,2,6.03,17035
39841,8.99,750.0,750,2,5.84,17035
39842,8.99,750.0,750,2,5.99,17035
39868,13.99,750.0,750,2,9.45,9744
40040,13.99,750.0,750,2,9.2,9165
40137,19.99,750.0,750,2,13.07,8112
40246,5.49,375.0,375,2,3.56,1392
40366,38.99,750.0,750,2,26.89,4425
40424,7.99,375.0,375,2,5.51,9552
40513,17.99,750.0,750,2,11.68,1392
40605,69.99,750.0,750,2,45.75,4425
40608,14.99,750.0,750,2,9.67,4425
40735,10.99,750.0,750,2,4.6,4425
40757,11.99,750.0,750,2,8.05,90011
40771,24.99,750.0,750,2,15.78,90011
40822,21.99,750.0,750,2,15.06,2000
40965,29.99,750.0,750,2,16.44,2000
41053,21.99,750.0,750,2,15.06,7749
41065,16.99,750.0,750,2,11.18,9552
41122,24.99,750.0,750,2,16.23,4425
41170,3.99,500.0,500,2,2.66,1392
41171,3.99,500.0,500,2,2.66,1392
41172,3.99,500.0,500,2,2.7,1392
41309,14.99,750.0,750,2,9.45,90011
41529,18.99,750.0,750,2,12.25,9165
41531,7.99,750.0,750,2,5.29,4425
41589,49.99,750.0,750,2,34.24,4425
41634,49.99,750.0,750,2,21.47,10754
41727,6.99,750.0,750,2,4.63,1590
41778,13.99,750.0,750,2,6.7,17035
41780,9.99,750.0,750,2,6.45,17035
41820,19.99,750.0,750,2,12.98,9165
41831,5.49,375.0,375,2,3.76,1590
41863,17.99,750.0,750,2,11.56,4425
41868,49.99,750.0,750,2,33.78,4425
41899,12.99,750.0,750,2,8.21,7153
41978,47.99,750.0,750,2,32.65,4425
41980,19.99,375.0,375,2,13.79,4425
42052,89.99,750.0,750,2,60.4,4425
42080,13.99,750.0,750,2,9.39,1587
42162,10.99,750.0,750,2,4.62,9552
42275,19.99,1500.0,1500,2,12.9,1392
42337,10.99,750.0,750,2,7.28,4692
42392,3.99,500.0,500,2,2.57,1392
42403,21.99,750.0,750,2,13.24,10754
42676,54.99,750.0,750,2,36.18,90047
42759,11.99,750.0,750,2,7.89,9165
42797,18.49,750.0,750,2,10.64,90017
42864,13.49,750.0,750,2,7.23,90017
42884,109.99,750.0,750,2,72.36,9819
43019,84.99,375.0,375,2,55.55,8112
43134,69.99,750.0,750,2,46.05,4425
43184,15.99,750.0,750,2,10.45,9552
43247,12.99,750.0,750,2,8.72,1590
43363,44.99,750.0,750,2,29.6,4425
43385,9.99,1000.0,1000,2,5.15,8892
43499,7.49,750.0,750,2,4.83,1590
43618,12.99,750.0,750,2,7.84,10754
43638,95.99,750.0,750,2,62.06,4425
43639,27.99,750.0,750,2,18.54,4425
43662,33.99,750.0,750,2,19.86,10754
43890,15.99,750.0,750,2,10.88,4425
43939,18.99,750.0,750,2,12.33,1590
44291,15.99,750.0,750,2,10.38,10754
44298,7.49,1500.0,1500,2,3.3,17035
44302,7.99,750.0,750,2,5.47,4425
44613,8.99,750.0,750,2,6.2,9552
44662,8.99,750.0,750,2,5.95,4692
44708,11.99,750.0,750,2,7.53,10754
44742,39.99,750.0,750,2,24.83,1650
44755,131.99,750.0,750,2,89.79,4425
44838,32.99,750.0,750,2,21.42,4425
44859,10.99,750.0,750,2,7.48,1587
44907,13.99,750.0,750,2,9.2,90024
44922,36.99,750.0,750,2,22.81,90024
44925,14.99,750.0,750,2,9.86,90024
45128,49.99,750.0,750,2,32.46,4425
45240,14.99,750.0,750,2,9.99,9165
45331,10.99,750.0,750,2,7.28,1587
45495,15.99,750.0,750,2,10.38,90011
45565,17.99,750.0,750,2,12.07,2000
45576,7.29,750.0,750,2,3.5,90017
45745,11.99,750.0,750,2,8.16,7153
45831,16.99,750.0,750,2,11.48,9165
45874,5.49,0.0,187,2,3.76,3252
45912,16.99,750.0,750,2,11.72,10754
46156,44.99,750.0,750,2,28.1,9165
46163,6.49,0.0,187,2,4.48,3252
46164,6.49,0.0,187,2,4.27,3252
46166,6.49,0.0,187,2,4.3,3252
46333,28.99,750.0,750,2,19.3,90011
46690,399.9,750.0,750,2,238.4,4425
46715,28.99,750.0,750,2,19.07,4425
46766,34.99,750.0,750,2,21.56,9165
46816,9.99,750.0,750,2,6.8,7153
46819,13.99,750.0,750,2,9.65,4425
46928,26.99,750.0,750,2,17.99,4425
47011,18.99,750.0,750,2,12.25,9552
47075,9.29,750.0,750,2,6.23,9622
90025,59.99,750.0,750,2,38.7,1703
90080,59.99,750.0,750,2,40.26,1703
90081,49.99,750.0,750,2,33.11,1703
90082,64.99,750.0,750,2,41.93,1703
90084,31.99,750.0,750,2,21.05,1703
90086,51.99,750.0,750,2,34.2,1703
128,31.99,1000.0,1000,1,24.42,480
129,31.99,1000.0,1000,1,24.99,480
203,20.99,1000.0,1000,1,15.78,7245
455,26.99,1000.0,1000,1,21.25,3960
702,16.49,1000.0,1000,1,11.95,11567
818,9.99,1000.0,1000,1,7.35,3960
1448,25.99,750.0,750,1,17.18,1128
1483,2.99,0.0,50,1,2.39,12546
15745,23.99,750.0,750,2,14.28,17035
16368,11.99,750.0,750,2,6.89,7153
17169,4.79,750.0,750,2,3.17,9165
17788,5.79,1000.0,1000,2,3.97,5612
17789,5.79,1000.0,1000,2,3.76,5612
36990,18.99,750.0,750,2,11.33,10754
40136,47.99,750.0,750,2,32.87,4692
312,12.99,750.0,750,1,9.41,12546
354,19.49,1000.0,1000,1,14.23,3960
540,0.99,50.0,50,1,0.72,480
1214,6.99,750.0,750,1,5.34,3924
1663,0.99,50.0,50,1,0.74,12546
2022,14.99,750.0,750,1,11.27,3252
3144,0.99,50.0,50,1,0.78,480
3149,0.99,50.0,50,1,0.73,3960
3447,3.99,0.0,50,1,3.17,12546
3631,0.99,50.0,50,1,0.79,12546
4304,0.99,50.0,50,1,0.79,480
5314,0.99,50.0,50,1,0.72,480
5461,0.99,50.0,50,1,0.75,9206
5683,0.49,50.0,50,1,0.39,8004
5851,0.99,50.0,50,1,0.79,17035
6252,0.99,50.0,50,1,0.79,7153
8629,13.99,1750.0,1750,1,11.02,8352
11427,9.99,750.0,750,2,3.54,7153
19944,9.99,1500.0,1500,2,6.8,653
815,10.99,750.0,750,1,8.52,480
1363,13.99,750.0,750,1,11.02,12546
1377,23.99,1750.0,1750,1,19.19,12546
5049,12.99,1750.0,1750,1,10.15,3960
6892,4.99,750.0,750,2,3.39,1392
18561,14.99,4000.0,4000,2,10.06,3252
43128,11.99,750.0,750,2,7.09,90011
46384,13.99,1500.0,1500,2,8.44,3252
215,10.99,750.0,750,1,8.65,12546
238,13.99,1000.0,1000,1,10.36,3960
524,15.49,1000.0,1000,1,11.22,3960
617,49.99,750.0,750,1,36.49,9165
713,25.99,1000.0,1000,1,19.11,3960
797,23.99,750.0,750,1,18.31,9165
2066,11.99,750.0,750,1,8.69,9625
2358,26.99,750.0,750,1,20.45,9165
2573,19.99,750.0,750,1,15.99,8004
2660,299.99,750.0,750,1,229.0,17035
2741,69.99,750.0,750,1,54.26,4425
2762,54.99,750.0,750,1,40.73,9165
2823,1499.99,375.0,375,1,1111.1,2561
2843,45.99,750.0,750,1,31.15,9625
2884,129.99,750.0,750,1,98.48,9165
3160,13.99,750.0,750,1,7.29,1128
3914,49.99,0.0,1000,1,36.76,480
4104,11.99,750.0,750,1,7.08,9815
4164,599.99,1000.0,1000,1,454.54,8112
6981,8.99,750.0,750,2,6.12,4425
8525,8.99,750.0,750,2,5.88,9165
11077,28.99,750.0,750,2,19.99,17033
12324,28.99,750.0,750,2,19.86,4425
12401,10.99,750.0,750,2,7.43,9165
13063,84.99,750.0,750,2,57.43,4425
13860,49.99,750.0,750,2,34.01,10754
13949,56.99,750.0,750,2,39.03,4425
14211,13.99,750.0,750,2,9.08,7749
14332,167.99,750.0,750,2,105.26,9552
14333,167.99,750.0,750,2,109.58,9552
14491,16.99,750.0,750,2,11.18,9552
15365,142.99,750.0,750,2,91.83,9552
15421,19.99,750.0,750,2,13.42,7749
15605,249.99,750.0,750,2,161.64,9165
15721,24.99,750.0,750,2,16.12,9744
15866,51.99,750.0,750,2,32.67,2000
15954,14.99,750.0,750,2,7.23,17035
15972,59.99,750.0,750,2,39.47,9165
17338,7.99,750.0,750,2,4.51,8735
17346,47.99,750.0,750,2,30.96,4425
17384,51.99,750.0,750,2,24.34,10754
17410,324.99,750.0,750,2,197.36,10754
17499,39.99,750.0,750,2,11.74,9165
17601,359.99,750.0,750,2,234.48,2000
17842,9.79,750.0,750,2,5.84,7749
18317,76.99,750.0,750,2,47.94,9552
18549,19.99,375.0,375,2,13.24,90047
18676,26.99,750.0,750,2,18.11,10754
18769,14.49,750.0,750,2,9.86,1650
19019,10.99,750.0,750,2,7.53,9815
19059,26.99,750.0,750,2,17.76,7749
19125,50.99,750.0,750,2,33.11,7749
19318,164.99,750.0,750,2,108.55,7749
19454,19.99,750.0,750,2,9.99,3252
19559,224.99,750.0,750,2,145.15,9552
19580,5.99,750.0,750,2,3.99,9819
19597,124.99,750.0,750,2,84.45,7749
19604,42.99,750.0,750,2,28.66,7749
19610,124.99,750.0,750,2,86.2,7749
19612,31.99,750.0,750,2,21.19,7749
19672,49.99,750.0,750,2,33.11,17037
19694,74.99,750.0,750,2,49.01,2000
19708,119.99,1500.0,1500,2,82.75,4425
19838,321.99,1500.0,1500,2,219.04,9165
19842,44.99,750.0,750,2,29.41,2000
19843,139.99,750.0,750,2,92.71,2000
19881,12.99,750.0,750,2,5.91,9552
19887,64.99,750.0,750,2,32.25,9552
19956,249.99,750.0,750,2,171.23,2000
20038,34.99,750.0,750,2,23.8,90024
20049,14.99,750.0,750,2,9.99,6785
20050,7.99,750.0,750,2,2.62,6785
20060,239.99,750.0,750,2,159.99,2000
20067,519.99,750.0,750,2,353.73,2000
20104,19.99,750.0,750,2,12.98,6280
20262,114.99,750.0,750,2,78.76,4692
20308,32.99,750.0,750,2,21.85,4692
20317,21.99,750.0,750,2,15.17,6280
20418,14.99,750.0,750,2,10.34,4692
20445,9.99,750.0,750,2,6.53,3252
20658,39.99,750.0,750,2,27.2,17037
20684,127.49,750.0,750,2,58.06,9165
20707,15.99,750.0,750,2,10.59,7749
20778,7.99,750.0,750,2,5.36,7153
20911,27.99,750.0,750,2,19.3,9552
20985,11.99,750.0,750,2,7.79,9165
21046,17.99,187.0,187,2,9.73,90047
21062,29.99,750.0,750,2,20.26,4425
21192,19.99,750.0,750,2,13.42,7153
21194,349.99,750.0,750,2,227.27,4425
21195,174.99,750.0,750,2,120.68,4425
21198,12.49,3000.0,3000,2,8.06,9815
21216,110.99,750.0,750,2,74.49,4425
21217,59.99,750.0,750,2,39.21,4425
21266,19.99,750.0,750,2,13.51,9552
21276,129.99,750.0,750,2,86.66,4425
21440,869.99,750.0,750,2,583.89,10754
21472,115.99,750.0,750,2,79.99,10754
21473,58.99,750.0,750,2,38.81,10754
21484,64.99,750.0,750,2,43.04,10754
21587,77.99,750.0,750,2,53.79,7153
21616,5.99,300.0,300,2,1.31,9165
21652,64.99,750.0,750,2,44.82,4425
21709,54.99,750.0,750,2,36.18,4425
21710,45.99,750.0,750,2,31.72,4425
21712,49.99,750.0,750,2,34.48,4425
21737,179.99,750.0,750,2,120.8,4425
21771,34.99,750.0,750,2,23.48,9165
21799,1599.99,750.0,750,2,1103.44,7153
21801,14.99,750.0,750,2,9.86,9625
22108,13.99,750.0,750,2,9.08,4425
22400,149.99,750.0,750,2,103.44,4425
22426,89.99,750.0,750,2,59.99,9552
22447,12.99,750.0,750,2,4.72,9165
22530,44.99,750.0,750,2,30.82,4692
22544,34.99,750.0,750,2,23.33,4692
22555,29.99,750.0,750,2,20.68,4692
22644,27.99,750.0,750,2,18.91,4425
22647,37.99,750.0,750,2,24.99,4425
22796,99.99,750.0,750,2,67.11,4425
22826,39.99,750.0,750,2,20.8,9552
22828,89.99,750.0,750,2,59.2,9552
22829,14.99,750.0,750,2,8.64,9552
22830,59.99,750.0,750,2,39.73,9552
22973,11.99,750.0,750,2,7.94,9165
23153,8.79,750.0,750,2,6.02,10754
23659,26.99,750.0,750,2,17.53,4425
23747,40.99,750.0,750,2,27.88,10754
23748,58.99,750.0,750,2,39.07,10754
23749,44.99,750.0,750,2,29.41,10754
23751,59.99,750.0,750,2,38.7,10754
23752,48.99,750.0,750,2,23.52,10754
23754,94.99,750.0,750,2,63.33,10754
23757,32.99,750.0,750,2,22.29,10754
23759,98.99,750.0,750,2,66.89,10754
23760,133.99,750.0,750,2,91.15,10754
23763,52.99,750.0,750,2,35.8,10754
23768,43.99,750.0,750,2,29.93,10754
23770,79.99,750.0,750,2,51.61,10754
23771,144.99,750.0,750,2,93.54,10754
23773,51.99,750.0,750,2,34.66,10754
23777,128.99,750.0,750,2,87.16,10754
23783,167.99,750.0,750,2,114.28,10754
23828,35.99,750.0,750,2,24.32,10754
23873,39.99,750.0,750,2,26.66,8112
24006,34.99,750.0,750,2,23.8,9552
24165,84.99,750.0,750,2,55.19,10754
24274,19.99,750.0,750,2,12.9,10754
24275,18.99,750.0,750,2,11.64,10754
24280,84.99,750.0,750,2,58.21,6785
24341,69.99,750.0,750,2,46.35,10754
24346,41.99,750.0,750,2,24.99,8673
24495,34.99,375.0,375,2,23.33,10754
26104,152.99,750.0,750,2,105.51,4425
26876,79.99,750.0,750,2,54.05,9744
34101,24.99,750.0,750,2,15.86,8673
34397,12.99,750.0,750,2,8.78,10754
34802,17.99,750.0,750,2,12.41,4425
35716,56.99,750.0,750,2,37.99,4425
36061,264.99,750.0,750,2,128.37,10754
36064,71.99,750.0,750,2,48.64,10754
36065,349.99,750.0,750,2,174.48,10754
36071,598.99,750.0,750,2,289.18,10754
36072,114.49,750.0,750,2,52.9,10754
36073,89.99,750.0,750,2,42.76,10754
36075,698.99,750.0,750,2,475.5,10754
36079,112.99,750.0,750,2,54.3,10754
37422,115.99,750.0,750,2,75.81,8673
38558,19.99,750.0,750,2,7.79,9165
38714,95.99,750.0,750,2,64.86,4425
40837,29.99,750.0,750,2,19.73,10754
41950,6.99,750.0,750,2,4.72,4425
43730,50.99,750.0,750,2,34.92,10754
45058,47.99,750.0,750,2,32.21,2000
45883,12.99,750.0,750,2,5.51,2000
46090,7.99,750.0,750,2,5.19,4425
1025,6.99,750.0,750,1,5.26,3924
1059,4.49,750.0,750,1,3.4,8004
3178,20.99,1750.0,1750,1,15.78,12546
8090,42.99,750.0,750,1,32.57,9552
8122,32.99,750.0,750,1,25.38,9260
14031,15.99,750.0,750,2,10.59,4425
871,9.99,1000.0,1000,1,7.51,12546
3187,10.99,750.0,750,1,8.72,7245
17204,12.99,750.0,750,2,5.13,2242
22408,3.29,750.0,750,2,2.19,9815
369,12.99,1000.0,1000,1,10.23,1392
6066,6.99,750.0,750,1,5.38,12546
13932,4.79,750.0,750,2,3.13,3252
19709,10.99,750.0,750,2,7.38,9815
21328,8.99,750.0,750,2,5.8,12546
21795,4.79,750.0,750,2,3.24,3252
24099,3.99,750.0,750,2,2.62,3252
34735,19.99,750.0,750,2,13.15,9165
40991,4.99,750.0,750,2,3.44,8892
41125,4.99,750.0,750,2,3.44,8892
43289,12.99,1500.0,1500,2,8.38,9815
43291,12.99,1500.0,1500,2,8.6,9815
6127,1.99,200.0,200,1,1.47,3960
13310,10.99,1500.0,1500,2,7.58,2000
15082,8.99,750.0,750,2,6.16,9552
20739,23.99,750.0,750,2,12.33,90047
21004,7.99,750.0,750,2,5.19,4425
5515,9.79,200.0,200,1,7.65,8112
6359,24.99,750.0,750,2,16.77,3252
13734,14.99,750.0,750,2,9.39,90011
21113,9.99,750.0,750,2,6.53,9165
40755,14.99,750.0,750,2,9.58,90011
41558,12.99,750.0,750,2,8.49,90011
42828,12.99,750.0,750,2,8.9,90011
148,14.49,1000.0,1000,1,10.5,3960
327,22.99,1000.0,1000,1,16.42,3960
2179,35.99,1750.0,1750,1,25.89,12546
3010,24.99,750.0,750,1,19.52,6213
3303,0.99,50.0,50,1,0.74,3960
3506,5.99,1000.0,1000,1,4.68,2396
3514,5.99,1000.0,1000,1,4.5,2396
3624,0.99,50.0,50,1,0.77,10050
4074,18.99,750.0,750,1,14.28,6213
5690,7.99,375.0,375,1,6.24,3960
7230,8.99,750.0,750,1,6.86,3252
8043,5.99,750.0,750,1,4.47,6213
11925,7.79,750.0,750,2,5.23,9552
17819,6.49,750.0,750,2,1.97,516
18757,7.99,750.0,750,2,5.29,4425
38167,10.99,750.0,750,2,7.23,1587
43548,15.99,4000.0,4000,2,10.95,3252
867,7.29,1000.0,1000,1,5.4,3924
923,12.99,1000.0,1000,1,9.92,12546
3623,0.99,50.0,50,1,0.73,10050
110,6.49,1000.0,1000,1,4.84,660
382,10.49,1000.0,1000,1,7.77,5992
654,6.99,1000.0,1000,1,5.3,5992
1107,45.99,1000.0,1000,1,36.5,1128
2071,17.99,750.0,750,1,13.05,9625
8391,17.99,750.0,750,1,13.33,9206
9135,11.99,750.0,750,2,8.1,9165
15235,8.99,750.0,750,2,5.99,4425
15469,33.99,750.0,750,2,21.93,4425
19087,15.99,750.0,750,2,9.2,653
19238,10.99,750.0,750,2,7.58,653
21416,5.99,750.0,750,2,4.05,4425
21419,7.99,750.0,750,2,5.47,4425
21420,7.99,750.0,750,2,5.36,4425
23823,13.99,1500.0,1500,2,9.08,4425
28753,8.99,750.0,750,2,6.03,4425
29469,13.99,1500.0,1500,2,9.39,4425
43380,11.99,750.0,750,2,8.27,3252
187,14.99,1000.0,1000,1,11.53,3960
573,9.99,1000.0,1000,1,7.19,6213
4208,12.49,1750.0,1750,1,9.05,12546
17469,9.99,750.0,750,2,6.62,12331
23583,7.99,750.0,750,2,5.33,9552
19172,4.99,750.0,750,2,2.73,9165
19808,7.69,750.0,750,2,5.2,516
19897,12.99,750.0,750,2,8.55,4692
372,22.49,750.0,750,1,17.3,3950
1222,69.99,750.0,750,1,53.43,10754
1225,59.99,750.0,750,1,43.47,1128
1227,69.99,750.0,750,1,52.23,10754
1667,199.99,750.0,750,1,153.84,17035
1891,99.99,750.0,750,1,79.99,3960
2899,54.99,750.0,750,1,37.85,12546
3415,18.99,750.0,750,1,14.39,480
4015,16.99,750.0,750,1,12.87,1002
6863,10.49,750.0,750,2,6.99,9165
8581,49.99,750.0,750,1,36.49,8004
10640,5.29,750.0,750,2,3.5,1392
17200,12.99,750.0,750,2,8.78,653
17322,13.99,750.0,750,2,9.2,7749
17740,13.99,750.0,750,2,9.45,9744
17836,8.29,750.0,750,2,5.35,7153
18552,4.49,187.0,187,2,2.92,7153
18632,56.99,750.0,750,2,25.82,9165
20118,14.99,750.0,750,2,10.2,653
20439,13.99,750.0,750,2,4.68,10754
20941,9.99,750.0,750,2,6.75,7153
35667,6.29,750.0,750,2,4.14,3252
36846,10.99,750.0,750,2,7.33,10754
41864,15.99,750.0,750,2,7.33,4425
45494,16.99,750.0,750,2,10.66,90011
46088,20.99,750.0,750,2,13.63,4425
90085,36.99,750.0,750,2,23.86,2
2842,399.99,750.0,750,1,300.74,12546
2999,124.99,1750.0,1750,1,99.99,9165
5843,4.99,200.0,200,1,3.7,10754
11389,72.99,750.0,750,2,48.99,4425
16935,17.99,750.0,750,2,3.1,90024
19678,14.99,750.0,750,2,6.12,7153
19735,64.99,750.0,750,2,41.93,9819
20360,24.99,750.0,750,2,16.66,1587
20390,9.99,750.0,750,2,6.53,9552
20417,28.99,750.0,750,2,19.72,9165
21520,24.99,750.0,750,2,16.12,10754
22097,14.99,750.0,750,2,9.33,7153
43614,56.99,750.0,750,2,39.03,4425
451,4.99,1000.0,1000,1,3.59,17035
1299,19.99,0.0,200,1,15.03,8004
3480,10.99,750.0,750,1,8.39,9206
16248,7.99,1500.0,1500,2,5.51,2242
16430,9.99,750.0,750,2,3.91,2242
18910,10.49,750.0,750,2,7.14,4425
19166,5.79,750.0,750,2,3.83,9165
29696,20.99,750.0,750,2,12.66,4425
46856,18.99,375.0,375,2,13.01,1590
655,10.99,750.0,750,1,8.39,12546
3170,12.99,750.0,750,1,7.03,12546
3678,2.49,50.0,50,1,1.82,8664
4266,5.99,375.0,375,1,4.54,480
6168,7.99,375.0,375,1,5.92,7153
12475,18.99,750.0,750,2,12.58,10754
18012,7.49,750.0,750,2,4.83,7153
18364,9.99,750.0,750,2,6.66,4425
19673,11.99,1500.0,1500,2,8.27,7153
817,8.99,1000.0,1000,1,6.81,3960
5265,2.99,750.0,750,1,2.28,9552
6411,48.99,750.0,750,1,34.07,17035
14963,4.79,750.0,750,2,3.24,2242
22390,11.99,750.0,750,2,7.89,7153
46074,10.99,1500.0,1500,2,7.43,3252
142,29.99,750.0,750,1,23.07,9165
298,8.49,1000.0,1000,1,6.06,9552
484,21.99,1000.0,1000,1,16.79,17035
546,7.49,1000.0,1000,1,5.59,8004
550,8.99,1000.0,1000,1,6.71,8004
588,114.99,750.0,750,2,77.7,653
635,9.99,1000.0,1000,1,7.87,9552
4277,5.99,375.0,375,1,4.68,480
6204,12.99,375.0,375,1,9.92,9165
8261,39.99,750.0,750,1,28.56,4425
8348,17.99,750.0,750,1,13.95,9206
10274,12.99,750.0,750,2,6.49,8892
13648,15.49,750.0,750,2,10.12,90017
14996,14.99,750.0,750,2,10.06,90047
16787,7.99,750.0,750,2,5.47,7749
17131,17.99,750.0,750,2,11.84,9552
18102,54.99,750.0,750,2,34.48,1392
18515,11.99,750.0,750,2,8.1,653
18828,14.99,750.0,750,2,9.73,9552
18964,5.99,750.0,750,2,4.02,3252
19091,11.99,750.0,750,2,7.79,653
19092,11.99,750.0,750,2,7.23,653
19732,10.99,750.0,750,2,7.38,653
19938,11.99,750.0,750,2,7.33,653
19939,11.99,750.0,750,2,7.18,653
20344,15.99,750.0,750,2,9.2,653
21102,7.99,1500.0,1500,2,5.29,1392
29902,21.99,750.0,750,2,14.86,9552
33209,5.29,750.0,750,2,3.46,8892
33213,5.29,750.0,750,2,3.5,8892
40590,19.99,750.0,750,2,8.66,4692
42939,13.99,750.0,750,2,6.8,10754
46371,16.99,5000.0,5000,2,11.25,3252
505,29.99,750.0,750,2,19.6,10754
2592,15.99,1750.0,1750,1,12.69,7153
2754,91.99,750.0,750,1,67.64,3960
3141,0.99,50.0,50,1,0.77,3960
3531,29.99,750.0,750,1,22.55,9165
5912,19.99,750.0,750,1,10.89,3960
7424,17.99,1000.0,1000,1,12.29,3960
8584,15.99,750.0,750,1,11.76,6213
8718,4.99,750.0,750,2,3.44,3252
8720,7.99,750.0,750,1,5.96,8352
13527,27.99,750.0,750,2,18.54,9819
15451,76.99,750.0,750,2,51.33,4425
15746,8.99,750.0,750,2,6.16,1590
15899,92.99,750.0,750,2,61.58,10754
15901,75.99,750.0,750,2,49.67,4425
16462,10.99,750.0,750,2,7.58,9552
16715,11.99,750.0,750,2,7.94,9815
17623,8.79,1500.0,1500,2,5.78,5612
18151,74.99,750.0,750,2,48.38,1587
18943,16.99,750.0,750,2,11.4,4425
19629,7.49,750.0,750,2,4.93,9552
22049,54.99,750.0,750,2,37.66,9552
22912,48.99,750.0,750,2,31.81,90010
22915,48.99,750.0,750,2,33.79,90010
23661,48.99,750.0,750,2,32.66,4425
23761,49.99,750.0,750,2,32.46,10754
23781,133.99,750.0,750,2,89.93,10754
24195,27.99,750.0,750,2,16.33,10754
24248,56.99,750.0,750,2,38.51,4425
24308,47.99,750.0,750,2,32.43,4425
24360,34.99,375.0,375,2,23.17,10754
24361,46.99,750.0,750,2,30.71,10754
24362,55.99,375.0,375,2,37.58,10754
24363,25.99,750.0,750,2,16.21,10754
24364,24.99,750.0,750,2,14.93,10754
24365,24.99,750.0,750,2,17.12,10754
25532,49.99,750.0,750,2,33.33,9165
31157,24.99,750.0,750,2,15.23,9552
33640,56.99,750.0,750,2,39.03,4425
33966,56.99,750.0,750,2,33.33,8673
34509,8.99,750.0,750,2,5.44,8892
37421,164.99,750.0,750,2,107.14,8673
37569,74.99,750.0,750,2,31.61,4425
38128,8.99,750.0,750,2,5.4,8892
41055,30.99,750.0,750,2,20.39,7749
44653,95.99,750.0,750,2,64.86,4425
45151,53.99,750.0,750,2,36.73,4425
427,8.99,750.0,750,1,6.97,4425
852,9.49,1000.0,1000,1,7.41,6213
7458,11.99,1000.0,1000,1,9.52,3252
13190,13.49,750.0,750,2,9.11,1590
17828,30.99,750.0,750,2,19.46,7153
17830,55.99,750.0,750,2,34.2,7153
18799,22.99,750.0,750,2,15.03,7749
866,21.99,1000.0,1000,1,15.93,17035
1240,33.99,750.0,750,1,24.99,7239
7325,14.99,1750.0,1750,1,10.94,17035
14836,10.29,750.0,750,2,6.81,1650
22102,4.99,750.0,750,2,3.28,1392
15537,18.49,750.0,750,2,12.75,7749
22459,12.99,750.0,750,2,8.38,1590
241,14.99,1000.0,1000,1,11.19,3960
266,12.99,1000.0,1000,1,10.23,98450
2832,103.99,750.0,750,1,74.81,7245
2861,15.99,750.0,750,1,12.79,653
11820,13.99,750.0,750,2,3.33,90024
16163,5.99,0.0,187,2,3.97,8892
16822,6.99,750.0,750,2,4.69,1392
16966,23.99,750.0,750,2,16.32,10754
18017,10.99,750.0,750,2,7.14,9165
20019,7.99,750.0,750,2,5.44,7153
29131,5.99,0.0,187,2,4.07,8892
397,7.49,1000.0,1000,1,5.9,9552
398,7.49,1000.0,1000,1,5.63,9552
401,7.49,1000.0,1000,1,5.9,9552
672,21.99,1750.0,1750,1,16.92,12546
1337,10.99,750.0,750,1,7.96,12546
2153,8.99,750.0,750,1,6.61,1392
2243,12.99,750.0,750,1,9.48,7153
3001,35.49,750.0,750,1,27.51,9165
9388,25.99,375.0,375,1,17.14,8112
11423,11.99,750.0,750,2,6.66,7153
13082,54.99,750.0,750,2,35.94,4692
14987,59.99,750.0,750,2,38.7,9552
16172,16.99,750.0,750,2,11.18,90024
16221,14.99,750.0,750,2,9.99,1587
17087,89.99,750.0,750,2,60.8,4425
17161,11.99,750.0,750,2,8.1,8892
17562,21.99,750.0,750,2,14.56,90024
19050,24.99,750.0,750,2,16.33,2000
19058,47.99,750.0,750,2,32.43,7749
19461,8.99,750.0,750,2,6.03,9552
19548,31.99,375.0,375,2,20.77,9165
19584,59.99,750.0,750,2,40.26,9552
19589,37.99,750.0,750,2,26.02,7749
19591,42.99,750.0,750,2,28.47,7749
19592,51.99,750.0,750,2,33.76,7749
19595,73.99,750.0,750,2,50.33,7749
19601,30.99,750.0,750,2,21.37,7749
19603,42.99,750.0,750,2,29.24,7749
19605,48.99,750.0,750,2,32.02,7749
19606,44.99,750.0,750,2,30.61,7749
19744,12.99,750.0,750,2,8.44,5612
19971,124.99,750.0,750,2,83.89,2000
20637,13.99,750.0,750,2,7.23,90047
20685,83.99,750.0,750,2,40.68,9165
20854,57.99,750.0,750,2,39.45,7153
21078,9.99,375.0,375,2,6.49,9552
21168,8.49,750.0,750,2,5.86,9552
21432,38.99,750.0,750,2,25.32,10754
21460,31.99,750.0,750,2,20.64,10754
22098,27.99,750.0,750,2,16.21,7153
22534,34.99,750.0,750,2,22.72,4692
22824,26.99,750.0,750,2,17.64,9552
26824,18.99,500.0,500,2,12.83,7240
28943,15.99,1500.0,1500,2,10.95,4425
29470,139.99,750.0,750,2,96.54,4425
34021,18.99,750.0,750,2,12.66,4425
35905,38.99,750.0,750,2,26.17,9552
38255,16.49,750.0,750,2,10.85,90047
39111,2.99,180.0,180,2,2.02,8320
41418,12.99,300.0,300,2,8.6,653
43871,29.99,750.0,750,2,13.24,4692
44179,19.99,750.0,750,2,13.24,4425
16789,12.99,750.0,750,2,8.84,4425
20218,12.99,750.0,750,2,7.84,653
24156,19.99,750.0,750,2,12.9,10754
3621,18.99,750.0,750,1,14.39,10050
4007,29.99,750.0,750,1,21.42,11567
8439,16.99,750.0,750,1,12.49,1128
13583,3.79,750.0,750,2,2.53,2242
14671,15.99,750.0,750,2,10.59,4425
15260,10.99,1500.0,1500,2,7.28,3252
19083,11.99,750.0,750,2,6.89,653
19254,3.49,750.0,750,2,2.41,9815
19779,5.29,750.0,750,2,3.53,5612
20728,8.99,750.0,750,2,6.2,7153
21119,9.99,750.0,750,2,2.24,9165
39665,8.49,750.0,750,2,5.06,1392
20649,32.99,750.0,750,2,21.42,17037
89,18.99,750.0,750,1,14.39,9260
201,19.49,1000.0,1000,1,15.47,480
457,8.99,1000.0,1000,1,6.66,9552
890,9.99,1000.0,1000,1,7.46,9552
1181,13.99,750.0,750,1,11.02,17035
3587,18.99,750.0,750,1,14.95,8664
3853,11.99,750.0,750,1,8.82,11567
4207,2.79,1000.0,1000,1,2.05,660
12354,14.99,750.0,750,2,3.65,9165
13094,13.99,750.0,750,2,8.1,9552
13478,12.99,750.0,750,2,7.99,9552
15851,18.99,750.0,750,2,12.41,9165
16437,21.99,750.0,750,2,10.73,4425
17501,19.99,750.0,750,2,13.6,9165
17840,14.99,750.0,750,2,10.34,7153
18521,9.99,750.0,750,2,6.45,9819
19201,16.99,750.0,750,2,11.48,4692
20622,39.99,750.0,750,2,23.33,7153
25422,7.99,750.0,750,2,5.26,4425
33204,19.99,750.0,750,2,13.07,9552
33631,8.29,750.0,750,2,5.68,10000
44711,16.99,750.0,750,2,5.86,9165
46043,26.99,750.0,750,2,17.87,9165
46048,17.99,750.0,750,2,12.16,90010
181,24.99,1000.0,1000,1,18.65,3960
277,13.99,1000.0,1000,1,11.1,3960
799,12.99,1000.0,1000,1,10.23,1392
12146,9.99,750.0,750,2,6.57,1590
12396,4.99,750.0,750,2,3.42,9165
537,32.99,750.0,750,1,24.08,2561
738,9.99,750.0,750,1,7.87,9552
1044,13.49,750.0,750,2,9.05,6785
1991,4999.99,750.0,750,1,3787.87,2561
2367,5799.99,1000.0,1000,1,4264.7,8112
2827,499.99,750.0,750,1,396.82,3664
2996,3999.99,750.0,750,1,3149.6,2561
3603,14.99,375.0,375,1,5.3,480
3605,14.99,375.0,375,1,5.55,480
4077,13.99,750.0,750,1,10.29,6213
4323,34.99,750.0,750,1,26.51,1703
5001,449.99,750.0,750,1,338.34,3960
8274,4.49,1000.0,1000,2,2.97,1392
8914,10.49,750.0,750,1,7.55,7153
10523,54.99,750.0,750,2,35.48,10754
10873,33.49,500.0,500,2,21.61,90017
10910,59.99,750.0,750,2,41.37,4425
11164,79.99,750.0,750,2,52.97,4425
11280,28.99,750.0,750,2,18.82,4692
12656,37.99,750.0,750,2,23.64,10754
13576,7.99,750.0,750,2,3.89,3252
13947,6.99,750.0,750,2,4.54,8320
14908,30.99,750.0,750,2,21.08,7749
15238,28.99,750.0,750,2,18.95,2000
15272,34.99,750.0,750,2,23.17,4425
15335,12.99,750.0,750,2,8.96,9165
16047,13.99,750.0,750,2,6.8,2000
16531,20.99,750.0,750,2,14.09,10754
17118,224.99,750.0,750,2,145.15,4425
17291,29.99,750.0,750,2,19.73,90010
17407,829.99,750.0,750,2,522.87,10754
18438,55.99,750.0,750,2,36.12,10754
18466,36.99,750.0,750,2,24.34,10754
18580,10.49,750.0,750,2,6.77,4425
19046,44.99,750.0,750,2,29.99,2000
19434,99.99,1500.0,1500,2,68.02,6785
19442,79.99,750.0,750,2,53.33,10754
19558,424.99,750.0,750,2,289.11,9552
19572,64.99,750.0,750,2,44.51,9552
19573,64.99,750.0,750,2,43.33,9552
19583,324.99,750.0,750,2,221.08,9552
19719,69.99,1500.0,1500,2,46.66,4425
19791,11.99,750.0,750,2,8.21,7749
20041,62.99,750.0,750,2,41.99,4425
20192,16.99,750.0,750,2,11.03,653
20614,7.99,750.0,750,2,4.76,7153
20698,99.99,750.0,750,2,64.93,4425
21268,14.99,750.0,750,2,7.38,9552
21339,105.99,1500.0,1500,2,64.51,4425
21433,32.99,750.0,750,2,21.7,10754
21451,64.99,750.0,750,2,44.82,10754
21511,19.99,750.0,750,2,13.07,4425
21665,23.99,750.0,750,2,16.43,90010
21687,7.99,1500.0,1500,2,5.29,9165
21977,65.99,750.0,750,2,45.2,1587
22052,324.99,750.0,750,2,215.23,9552
22054,324.99,750.0,750,2,211.03,9552
22528,139.99,750.0,750,2,93.95,4692
22533,34.99,750.0,750,2,23.02,4692
22537,84.99,750.0,750,2,38.51,4692
22540,64.99,750.0,750,2,28.1,4692
22542,64.99,750.0,750,2,27.74,4692
22543,34.99,750.0,750,2,23.48,4692
22546,34.99,750.0,750,2,23.64,4692
22548,29.99,750.0,750,2,19.86,4692
22549,34.99,750.0,750,2,23.33,4692
22550,29.99,750.0,750,2,20.4,4692
22551,34.99,750.0,750,2,23.97,4692
22553,34.99,750.0,750,2,24.13,4692
22622,48.99,750.0,750,2,32.23,9165
22705,17.99,750.0,750,2,11.61,653
22916,77.99,750.0,750,2,50.64,90010
22940,307.99,1500.0,1500,2,206.7,7153
23048,24.99,750.0,750,2,16.89,9552
23195,39.99,750.0,750,2,27.58,4425
23280,149.99,750.0,750,2,102.73,2000
23281,949.99,750.0,750,2,637.58,2000
23286,199.99,750.0,750,2,132.44,2000
23324,279.99,750.0,750,2,189.18,2000
23325,209.99,750.0,750,2,136.36,2000
23327,899.99,750.0,750,2,616.43,2000
23329,224.99,750.0,750,2,149.0,2000
23331,149.99,750.0,750,2,98.68,2000
23335,199.99,750.0,750,2,133.33,2000
23336,229.99,750.0,750,2,155.4,2000
23337,139.99,750.0,750,2,94.59,2000
23340,149.99,750.0,750,2,100.66,2000
23496,45.99,750.0,750,2,31.5,2000
23497,79.99,750.0,750,2,54.79,2000
23745,398.99,750.0,750,2,271.42,10754
23750,69.99,750.0,750,2,45.45,10754
23753,74.99,750.0,750,2,49.66,10754
23755,528.99,750.0,750,2,359.86,10754
23756,331.99,750.0,750,2,224.32,10754
23762,529.99,750.0,750,2,360.54,10754
23766,128.99,750.0,750,2,83.76,10754
23769,111.99,750.0,750,2,73.68,10754
23772,133.99,750.0,750,2,86.45,10754
23774,45.99,750.0,750,2,30.06,10754
23782,147.99,750.0,750,2,101.36,10754
24182,94.99,750.0,750,2,62.49,4425
24185,92.99,750.0,750,2,63.26,4425
24281,109.99,750.0,750,2,73.82,6785
35268,25.99,750.0,750,2,17.33,7749
35755,54.99,750.0,750,2,37.41,10754
35756,54.99,750.0,750,2,37.66,10754
36851,15.99,750.0,750,2,10.73,10754
38529,38.99,750.0,750,2,25.99,4425
39574,24.99,750.0,750,2,16.55,10754
40116,8.99,1500.0,1500,2,5.4,1392
43937,237.99,750.0,750,2,161.9,9744
44754,239.99,750.0,750,2,156.86,4425
45297,129.99,750.0,750,2,83.86,4425
46140,59.99,750.0,750,2,34.24,90024
47049,43.99,750.0,750,2,30.34,2000
259,8.99,750.0,750,1,6.97,98450
1057,19.99,750.0,750,1,14.7,10050
1061,6.99,750.0,750,1,5.3,3924
1092,8.99,200.0,200,1,7.02,3960
1096,6.99,750.0,750,1,5.55,3924
1187,19.99,750.0,750,1,14.92,17035
2053,25.49,375.0,375,1,18.88,9165
2519,16.99,750.0,750,1,12.87,9625
2601,19.99,1750.0,1750,1,15.5,7153
2707,44.49,750.0,750,1,33.45,9165
3004,299.99,750.0,750,1,234.37,8004
3051,15.49,750.0,750,1,12.39,12546
3127,8.99,750.0,750,1,7.08,9625
3143,12.99,750.0,750,1,10.31,3960
3674,10.99,750.0,750,1,8.59,9206
3963,14.99,750.0,750,1,11.36,8892
4167,14.99,750.0,750,1,11.36,3252
4628,104.99,750.0,750,1,79.99,17035
6044,669.99,750.0,750,1,523.43,8112
6062,6.99,750.0,750,1,5.1,12546
6416,22.99,750.0,750,1,14.7,10754
11411,7.79,1000.0,1000,2,5.3,7749
11879,65.99,750.0,750,2,43.99,17037
12346,14.99,4000.0,4000,2,9.99,3252
13109,155.99,750.0,750,2,102.62,4425
13253,55.49,750.0,750,2,36.27,90017
13835,11.99,1500.0,1500,2,8.21,1003
14967,11.49,750.0,750,2,7.46,10754
16452,59.99,750.0,750,2,40.81,9552
16559,13.99,750.0,750,2,8.96,90024
16580,49.99,750.0,750,2,34.01,17037
16589,16.49,750.0,750,2,10.92,9552
16680,8.99,750.0,750,2,5.8,2000
16689,59.99,750.0,750,2,37.66,4425
16690,69.99,750.0,750,2,41.33,4425
16964,5.99,750.0,750,2,3.92,9819
17201,9.79,750.0,750,2,4.56,9552
17319,37.99,750.0,750,2,24.13,9552
17859,20.99,750.0,750,2,13.6,4425
18448,43.99,750.0,750,2,27.62,1392
18569,45.99,750.0,750,2,22.87,1590
19217,23.99,750.0,750,2,16.43,7153
19229,99.99,750.0,750,2,48.32,10754
19717,10.99,750.0,750,2,7.28,200
19867,10.99,750.0,750,2,3.1,90024
20150,114.99,750.0,750,2,79.3,9552
20647,13.49,750.0,750,2,9.05,17037
20655,39.99,750.0,750,2,27.58,17037
20852,59.99,750.0,750,2,38.7,9165
20910,21.99,750.0,750,2,13.6,9552
20986,13.99,750.0,750,2,9.58,9165
21009,25.99,750.0,750,2,17.44,9552
21340,105.99,1500.0,1500,2,66.66,4425
21708,22.99,750.0,750,2,14.83,4425
22347,15.99,750.0,750,2,10.88,9552
22403,14.49,750.0,750,2,9.53,516
22532,44.99,750.0,750,2,30.19,4692
22536,29.99,750.0,750,2,19.86,4692
22538,89.99,750.0,750,2,59.99,4692
22547,34.99,750.0,750,2,22.57,4692
22557,45.99,750.0,750,2,30.87,4692
22726,19.99,750.0,750,2,10.2,9552
22861,69.99,750.0,750,2,45.15,10754
22864,12.99,750.0,750,2,8.72,2876
22866,12.99,750.0,750,2,8.78,2876
22939,654.99,1500.0,1500,2,442.56,7153
23292,439.99,750.0,750,2,299.31,2000
23308,126.99,750.0,750,2,87.58,2000
23322,98.99,750.0,750,2,64.28,2000
23758,739.99,750.0,750,2,483.65,10754
23780,81.99,750.0,750,2,55.03,10754
24159,99.99,750.0,750,2,67.56,10754
34139,15.99,750.0,750,2,10.88,9552
39653,5.99,750.0,750,2,2.48,8892
39718,59.99,750.0,750,2,40.53,10754
40604,103.99,750.0,750,2,69.33,1590
40684,55.99,750.0,750,2,35.37,1587
43774,20.49,750.0,750,2,13.48,653
44082,16.99,750.0,750,2,9.03,2000
46684,22.29,750.0,750,2,10.88,4425
377,37.99,1000.0,1000,1,28.35,3664
495,15.99,1000.0,1000,1,12.49,8004
590,5.99,1000.0,1000,1,4.61,9552
629,12.99,1000.0,1000,1,9.62,12546
659,34.99,750.0,750,1,23.25,6213
712,10.99,750.0,750,1,7.96,12546
954,12.99,1000.0,1000,1,9.35,12546
3538,14.99,750.0,750,1,11.19,5455
4421,10.99,750.0,750,1,8.2,12546
4690,21.99,375.0,375,1,17.45,12546
5224,9.49,750.0,750,1,7.08,3924
8263,9.99,750.0,750,1,7.46,2973
8518,11.49,750.0,750,1,8.91,5992
10032,19.99,750.0,750,2,13.33,4425
10057,12.99,750.0,750,2,8.44,6785
11419,10.99,750.0,750,2,3.33,90024
12021,8.29,750.0,750,2,5.38,8892
12133,12.99,750.0,750,2,4.24,9165
12774,12.99,750.0,750,2,8.38,8892
13954,8.79,750.0,750,2,5.82,90024
13993,7.99,750.0,750,2,5.4,516
15625,27.99,750.0,750,2,18.54,90034
16321,25.99,750.0,750,2,16.88,2000
16650,11.99,750.0,750,2,7.99,1587
17330,16.99,750.0,750,2,8.96,4425
17431,10.99,750.0,750,2,7.09,4425
18363,5.99,0.0,187,2,4.1,8892
18608,8.29,750.0,750,2,5.33,10754
18662,29.99,750.0,750,2,14.76,10754
18960,14.49,750.0,750,2,9.72,9165
19052,21.99,750.0,750,2,14.76,2000
19259,10.99,750.0,750,2,7.48,653
21211,14.99,750.0,750,2,10.27,90024
21301,13.99,750.0,750,2,9.52,653
21374,7.49,750.0,750,2,5.13,9815
22722,24.99,750.0,750,2,16.77,7749
23228,39.99,375.0,375,2,25.97,6280
35998,14.99,750.0,750,2,9.86,4425
43354,6.49,750.0,750,2,4.05,9815
44703,13.49,750.0,750,2,8.7,4425
44704,11.49,750.0,750,2,7.56,4425
45246,10.99,750.0,750,2,7.23,4425
45253,22.99,750.0,750,2,15.33,2000
194,29.99,750.0,750,1,22.55,3950
364,7.99,200.0,200,1,5.83,3960
374,6.99,1000.0,1000,1,4.99,3960
530,14.99,1000.0,1000,1,11.27,3960
608,29.99,750.0,750,1,23.43,12546
643,9.99,750.0,750,1,7.57,9552
1294,14.99,750.0,750,1,11.99,3960
1679,199.99,375.0,375,2,135.13,10754
1806,29.99,375.0,375,1,22.89,9165
2000,15.99,750.0,750,1,11.67,653
2065,11.99,750.0,750,1,9.44,9625
2070,11.99,750.0,750,1,8.69,9625
2263,39.99,750.0,750,1,20.28,9165
2642,49.49,750.0,750,1,39.59,9165
2774,6.99,750.0,750,1,4.99,8663
3003,179.99,0.0,750,1,135.33,17035
3111,22.99,750.0,750,1,16.66,9165
3115,16.99,750.0,750,1,12.4,12546
3167,6.99,750.0,750,1,5.3,9815
3440,27.99,750.0,750,1,22.39,4425
3471,10.99,1750.0,1750,1,8.45,8663
3473,10.99,1750.0,1750,1,8.2,8663
3810,22.49,750.0,750,1,16.18,3950
4616,74.99,750.0,750,1,54.34,9165
4828,7.99,750.0,750,1,6.05,8663
5021,11.99,750.0,750,1,8.75,5992
5086,8.99,750.0,750,1,7.08,1128
5181,29.99,750.0,750,1,23.99,480
5526,13.99,1750.0,1750,1,10.21,3960
6064,6.99,750.0,750,1,4.99,12546
8598,16.99,750.0,750,1,12.87,1485
9132,5.99,750.0,750,2,3.86,9165
10122,23.99,750.0,750,2,15.86,8673
11997,93.99,750.0,750,2,54.83,9744
12464,9.99,750.0,750,2,6.57,4425
12784,12.99,750.0,750,2,8.96,90047
13897,2.79,750.0,750,2,1.9,1003
13920,10.99,750.0,750,2,7.23,10754
13987,18.99,750.0,750,2,12.25,90010
14082,15.99,750.0,750,2,10.66,10754
14334,145.9,750.0,750,2,91.21,9552
14542,329.99,750.0,750,2,193.54,7749
14545,399.9,750.0,750,2,230.26,7749
14573,19.99,750.0,750,2,13.79,4425
14834,17.99,750.0,750,2,10.32,1650
14961,4.79,750.0,750,2,3.17,2242
15234,44.99,750.0,750,2,19.3,4425
15239,56.99,750.0,750,2,36.23,2000
15455,58.99,750.0,750,2,39.86,4425
15768,24.99,750.0,750,2,17.0,17035
16192,1333.99,3000.0,3000,2,843.44,9165
16281,43.99,750.0,750,2,19.86,9165
16331,12.99,750.0,750,2,7.33,1590
16360,7.79,750.0,750,2,5.12,3252
16922,22.99,750.0,750,2,14.93,9165
16991,97.99,750.0,750,2,46.66,4425
17095,7.29,750.0,750,2,5.03,4425
17282,41.99,750.0,750,2,19.59,9165
17365,24.99,750.0,750,2,16.66,90024
17385,36.49,750.0,750,2,17.8,10754
17401,44.99,750.0,750,2,29.6,10754
17405,184.99,750.0,750,2,86.36,10754
17406,119.99,750.0,750,2,64.18,10754
17409,391.99,750.0,750,2,246.66,10754
17677,52.99,750.0,750,2,23.28,9165
17854,57.99,750.0,750,2,38.09,4425
17958,11.49,750.0,750,2,6.07,90024
18093,66.99,750.0,750,2,44.66,4425
18099,460.99,1500.0,1500,2,315.75,4425
18199,64.99,750.0,750,2,41.37,9552
18206,44.99,750.0,750,2,26.14,9552
18211,84.99,750.0,750,2,43.62,9552
18277,48.99,750.0,750,2,32.88,516
18403,41.99,750.0,750,2,27.44,4692
18418,34.99,750.0,750,2,15.64,9165
18633,347.99,0.0,750,2,221.47,9165
18945,125.99,750.0,750,2,58.1,4425
19208,9.99,750.0,750,2,6.7,8320
19290,12.99,750.0,750,2,8.84,7749
19418,95.99,750.0,750,2,64.42,9552
19422,33.99,750.0,750,2,19.35,9552
19427,49.99,750.0,750,2,32.67,9552
19455,10.99,750.0,750,2,7.53,9552
19459,424.99,750.0,750,2,279.6,9552
19586,41.99,750.0,750,2,28.76,7749
19608,31.99,750.0,750,2,22.06,7749
19633,37.99,750.0,750,2,24.51,2000
19685,29.99,750.0,750,2,20.13,2000
20206,33.99,750.0,750,2,22.51,90024
20271,44.99,750.0,750,2,29.79,4692
20274,49.99,750.0,750,2,34.48,4692
20275,51.99,750.0,750,2,24.99,4692
20288,33.99,750.0,750,2,22.07,4692
20290,28.99,750.0,750,2,18.95,4692
20292,26.99,750.0,750,2,17.53,4692
20463,9.99,750.0,750,2,6.75,2000
20615,7.99,750.0,750,2,5.44,7153
20878,36.99,750.0,750,2,24.99,4425
20887,11.99,750.0,750,2,6.62,1590
20971,15.99,750.0,750,2,10.59,9552
21375,7.49,750.0,750,2,4.96,9815
21675,49.99,750.0,750,2,33.11,9552
22109,6.99,750.0,750,2,3.26,10754
22295,6.99,750.0,750,2,3.3,90024
22535,59.99,750.0,750,2,25.32,4692
22539,44.99,750.0,750,2,29.6,4692
22541,44.99,750.0,750,2,29.21,4692
22545,45.99,750.0,750,2,30.46,4692
22552,34.99,750.0,750,2,23.64,4692
23073,71.99,1500.0,1500,2,46.75,4425
23126,13.99,750.0,750,2,8.1,7255
23648,21.99,750.0,750,2,14.19,4425
24095,3.99,750.0,750,2,2.7,3252
24183,85.99,750.0,750,2,55.84,4425
24494,9.99,750.0,750,2,6.8,4425
29130,5.99,750.0,750,2,4.13,8892
31978,21.99,750.0,750,2,9.45,4425
35399,5.79,750.0,750,2,3.74,2000
35957,19.99,750.0,750,2,13.69,10754
35995,44.99,750.0,750,2,31.03,8112
36047,21.99,750.0,750,2,14.86,4425
36066,279.99,750.0,750,2,193.1,10754
36067,58.99,750.0,750,2,29.45,10754
38830,171.99,750.0,750,2,111.1,9552
41948,21.99,720.0,720,2,14.96,653
42933,12.99,750.0,750,2,8.6,10754
43021,19.99,750.0,750,2,13.24,2000
43387,39.99,750.0,750,2,19.35,9552
44666,39.99,750.0,750,2,17.0,4692
44842,155.9,750.0,750,2,102.73,9552
45649,115.99,750.0,750,2,75.81,10754
46723,39.99,750.0,750,2,27.02,90024
105,4.49,1000.0,1000,1,3.35,660
647,6.99,1000.0,1000,1,5.18,5992
666,6.99,1000.0,1000,1,5.38,5992
70,18.99,750.0,750,1,13.96,9165
3535,14.99,750.0,750,1,11.19,7153
5025,13.99,750.0,750,1,11.19,9625
5083,10.99,750.0,750,1,8.26,12546
5459,29.49,750.0,750,1,22.01,8320
6769,6.99,1500.0,1500,2,4.54,9815
13654,12.99,750.0,750,2,6.57,4692
21309,14.99,750.0,750,2,10.06,9815
26828,12.99,1500.0,1500,2,3.94,6785
40753,12.99,750.0,750,2,8.6,90011
40767,13.99,750.0,750,2,9.03,90011
3467,18.99,750.0,750,1,13.66,1128
3860,11.99,750.0,750,1,9.22,7245
16974,8.99,750.0,750,2,6.03,7153
17485,10.99,1500.0,1500,2,7.53,3252
28323,7.49,750.0,750,2,4.83,480
41947,12.99,750.0,750,2,8.66,653
291,64.99,750.0,750,1,48.14,17035
690,21.99,750.0,750,1,16.53,9552
898,94.99,750.0,750,2,63.75,10754
4046,9.99,1750.0,1750,1,7.46,9815
4109,2699.99,750.0,750,1,2109.37,8112
13568,39.99,375.0,375,2,27.39,4425
15471,9.99,750.0,750,2,6.49,1392
17399,99.99,750.0,750,2,53.37,10754
17747,27.99,750.0,750,2,17.99,9165
17873,9.99,750.0,750,2,6.66,7153
17933,92.99,750.0,750,2,64.13,4425
18208,139.9,750.0,750,2,82.18,9552
19088,28.99,750.0,750,2,17.53,653
19246,9.99,750.0,750,2,6.57,1392
19506,19.99,750.0,750,2,13.79,2000
20137,6.79,750.0,750,2,4.44,5612
21636,58.99,1500.0,1500,2,38.56,1392
21711,24.99,750.0,750,2,16.66,4425
21980,65.99,750.0,750,2,44.59,1587
22053,324.99,750.0,750,2,215.23,9552
22575,62.99,750.0,750,2,41.44,90047
22858,28.99,375.0,375,2,18.7,10754
26105,35.99,750.0,750,2,24.32,4425
29554,31.99,375.0,375,2,21.61,9165
39711,69.99,750.0,750,2,45.45,7749
40577,38.99,750.0,750,2,26.17,4692
44680,28.99,750.0,750,2,18.91,4692
45597,74.99,750.0,750,2,48.38,4425
45980,65.99,750.0,750,2,39.99,8112
46841,45.99,750.0,750,2,31.29,10754
829,14.99,1000.0,1000,1,10.71,3960
938,29.99,750.0,750,1,22.55,1128
967,31.99,1000.0,1000,1,24.8,6213
3401,14.99,1750.0,1750,1,11.1,60
15333,11.99,750.0,750,2,7.94,3252
19889,32.99,750.0,750,2,16.1,9552
22470,12.99,750.0,750,2,8.84,10754
28538,14.99,750.0,750,2,9.8,9552
34333,9.99,750.0,750,2,6.45,8673
39843,8.99,750.0,750,2,6.16,17035
44172,8.99,750.0,750,2,6.03,1587
335,22.99,750.0,750,1,17.16,12546
2297,11.99,750.0,750,1,8.69,9165
4028,11.99,750.0,750,1,7.99,480
9110,16.99,0.0,20,1,12.22,4425
12149,35.99,750.0,750,2,23.99,4425
13890,8.29,750.0,750,2,5.64,90047
26939,43.99,750.0,750,2,22.57,2000
37682,10.99,750.0,750,2,7.14,9819
44220,33.99,500.0,500,2,21.47,90011
11556,354.99,750.0,750,2,202.7,4425
11559,354.99,750.0,750,2,204.07,4425
11561,354.99,750.0,750,2,201.34,4425
11629,45.49,750.0,750,2,29.93,2000
11743,7.49,750.0,750,2,4.9,9552
11917,205.99,1500.0,1500,2,137.33,4425
12570,249.9,750.0,750,2,150.32,4425
13064,87.99,750.0,750,2,56.77,4425
13888,7.99,750.0,750,2,1.93,90024
14398,165.99,750.0,750,2,108.84,10754
14681,389.99,1500.0,1500,2,259.99,4425
14683,95.99,750.0,750,2,65.3,4425
15036,55.99,750.0,750,2,37.33,516
15694,342.99,750.0,750,2,222.22,10754
16304,18.99,750.0,750,2,12.49,9552
16450,16.99,5000.0,5000,2,11.4,9815
16780,84.99,750.0,750,2,57.04,9165
17383,99.99,750.0,750,2,65.78,10754
17888,3.79,750.0,750,2,2.51,5612
18635,19.99,750.0,750,2,13.51,10754
18808,11.99,750.0,750,2,8.05,516
18825,7.99,750.0,750,2,3.37,2000
18958,10.49,750.0,750,2,7.23,9165
19388,7.79,750.0,750,2,2.62,4425
19503,98.99,750.0,750,2,67.34,7153
19687,153.99,750.0,750,2,101.31,8112
19714,219.99,750.0,750,2,146.66,4425
19801,7.99,750.0,750,2,5.44,9165
19823,147.99,750.0,750,2,96.73,2000
19828,7.99,750.0,750,2,5.33,9165
20361,72.99,750.0,750,2,47.71,4425
20667,184.99,1500.0,1500,2,124.99,4692
20680,40.99,750.0,750,2,26.97,9165
20681,69.99,750.0,750,2,46.35,9165
20879,144.99,750.0,750,2,99.99,4425
20881,134.99,750.0,750,2,87.66,4425
20882,519.99,750.0,750,2,353.73,4425
21443,204.99,750.0,750,2,102.59,10754
22262,17.99,750.0,750,2,12.07,90047
22432,214.99,750.0,750,2,138.7,9744
23767,529.99,750.0,750,2,363.01,10754
24229,45.99,750.0,750,2,30.66,10754
24231,45.99,750.0,750,2,29.86,10754
25718,749.99,750.0,750,2,487.01,4425
41614,36.99,750.0,750,2,24.99,4425
808,8.99,1000.0,1000,1,6.66,12546
3322,19.99,750.0,750,1,15.26,12546
6621,7.99,1750.0,1750,1,6.39,12546
39438,6.99,750.0,750,2,4.57,8673
11174,9.99,1500.0,1500,2,6.66,8892
13396,10.99,750.0,750,2,7.14,90024
4202,0.0,750.0,750,1,11.19,480
17989,11.99,1500.0,1500,2,8.05,6785
3573,99.99,1750.0,1750,1,74.21,8664
8289,59.99,750.0,750,1,43.79,8004
38103,11.99,1500.0,1500,2,7.94,10754
8908,6.99,1500.0,1500,2,4.57,3252
43546,15.99,4000.0,4000,2,10.8,3252
749,19.99,750.0,750,1,15.14,8664
16587,19.99,750.0,750,2,11.4,653
596,21.99,750.0,750,1,17.31,3950
5214,12.99,1750.0,1750,1,9.69,480
12097,19.99,750.0,750,2,13.42,4425
13921,10.99,750.0,750,2,7.48,10754
27488,12.99,1500.0,1500,2,8.84,4848
36660,13.99,750.0,750,2,9.65,10754
22234,6.99,750.0,750,2,4.79,9552
23565,7.49,750.0,750,2,4.9,9815
4322,10.99,750.0,750,1,8.2,12546
23800,15.99,750.0,750,2,9.2,653
20660,10.99,750.0,750,2,7.38,7153
23646,11.99,750.0,750,2,8.27,1587
19853,11.99,750.0,750,2,8.1,6785
6146,4.99,750.0,750,2,3.39,1392
6798,6.99,1500.0,1500,2,4.63,3252
44369,4.99,750.0,750,2,3.37,3252
14370,14.99,750.0,750,2,10.06,4425
19316,14.99,750.0,750,2,9.99,4425
20608,7.49,750.0,750,2,4.83,7153
21312,11.99,750.0,750,2,7.84,9552
16773,32.99,750.0,750,2,22.6,9552
36543,29.99,750.0,750,2,13.15,3252
41485,38.99,750.0,750,2,25.82,8112
13544,3.79,750.0,750,2,2.61,9815
13548,3.79,750.0,750,2,2.56,9815
14712,3.79,750.0,750,2,2.53,9815
14922,3.79,750.0,750,2,2.6,3252
16775,3.79,750.0,750,2,2.48,9815
22043,3.79,750.0,750,2,2.54,3252
42753,3.79,750.0,750,2,2.6,3252
24484,11.49,1500.0,1500,2,7.51,8892
24485,11.49,1500.0,1500,2,7.87,8892
14367,18.99,750.0,750,2,12.66,10754
3021,12.99,750.0,750,1,9.41,12546
17196,18.99,750.0,750,2,12.33,653
44906,12.99,750.0,750,2,8.38,90024
24301,9.99,750.0,750,2,5.47,4950
4730,12.99,750.0,750,1,9.92,3664
5287,0.49,50.0,50,1,0.38,8004
5341,0.49,50.0,50,1,0.39,8004
5533,0.49,50.0,50,1,0.35,8004
15366,8.49,750.0,750,2,5.86,9552
16873,8.99,750.0,750,2,5.95,7153
23877,12.99,750.0,750,2,7.38,9165
533,31.99,750.0,750,1,24.23,9552
38107,11.99,1500.0,1500,2,7.94,10754
42752,3.79,750.0,750,2,2.56,3252
23618,199.99,750.0,750,2,135.13,9165
35589,11.99,750.0,750,2,6.89,8112
34761,10.99,750.0,750,2,7.28,9819
36540,7.99,1500.0,1500,2,5.36,3252
3402,12.99,750.0,750,1,10.31,12546
563,31.99,750.0,750,1,25.59,9552
10887,5.99,750.0,750,2,3.99,2000
27573,8.49,750.0,750,2,5.62,2000
42513,6.99,750.0,750,2,4.79,2000
13260,8.99,750.0,750,2,5.8,6785
18950,17.99,750.0,750,2,12.32,4425
19375,17.99,3000.0,3000,2,12.41,3252
19656,8.99,750.0,750,2,5.91,653
20102,9.99,750.0,750,2,6.7,9165
21254,21.99,750.0,750,2,14.28,4425
23256,13.99,750.0,750,2,9.39,653
23347,15.99,750.0,750,2,6.45,10754
23353,15.99,750.0,750,2,10.95,9552
23356,21.99,750.0,750,2,14.47,9552
28457,17.99,750.0,750,2,11.76,9165
14015,12.99,750.0,750,2,8.72,653
6472,3.99,750.0,750,2,2.71,1392
8364,9.99,750.0,750,2,6.49,516
18963,7.99,750.0,750,2,5.47,9165
23075,16.99,750.0,750,2,11.72,4425
23076,13.99,750.0,750,2,9.08,4425
23377,13.99,750.0,750,2,9.33,10754
46453,10.99,750.0,750,2,7.33,4425
14432,12.99,750.0,750,2,8.78,2000
37008,21.99,1500.0,1500,2,14.47,9165
18776,11.99,750.0,750,2,7.74,1590
18831,9.99,750.0,750,2,5.26,7153
20578,39.99,750.0,750,2,27.02,6785
2215,18.99,750.0,750,1,13.86,6359
19937,11.99,750.0,750,2,8.27,653
2002,29.99,750.0,750,1,21.73,653
2004,29.99,750.0,750,1,22.05,653
17699,18.99,750.0,750,2,12.25,653
22862,12.99,750.0,750,2,8.6,2876
15261,6.49,0.0,187,2,4.27,3252
28317,6.99,1500.0,1500,2,4.69,3252
29558,7.99,1500.0,1500,2,5.22,3252
14100,5.99,750.0,750,2,4.02,4425
23279,24.99,750.0,750,2,16.44,2000
14119,3.29,187.0,187,2,2.16,4425
14413,3.99,750.0,750,2,2.59,3252
43384,9.99,1000.0,1000,2,5.51,8892
13129,10.99,1500.0,1500,2,7.14,9552
22739,47.99,750.0,750,2,33.1,4425
885,7.99,750.0,750,1,6.05,8352
20334,10.99,750.0,750,2,7.48,90047
18844,12.99,750.0,750,2,8.44,90024
41071,14.99,750.0,750,2,10.13,9552
33067,10.99,750.0,750,2,5.91,8892
36135,26.99,750.0,750,2,17.87,4692
6768,5.99,750.0,750,2,3.86,8892
10442,45.99,750.0,750,2,31.29,10754
21318,5.99,750.0,750,2,3.94,3252
4005,39.99,750.0,750,1,31.99,3664
18804,14.99,750.0,750,2,10.06,516
3241,12.99,750.0,750,1,9.28,12546
5589,13.99,750.0,750,1,11.02,1128
16742,10.99,750.0,750,2,7.09,2000
16939,4.99,750.0,750,2,3.28,3252
28038,5.99,750.0,750,2,3.71,3252
44063,11.99,750.0,750,2,7.84,4425
15958,12.99,750.0,750,2,8.6,90011
17470,9.99,750.0,750,2,6.8,12331
19936,10.99,750.0,750,2,7.53,653
3179,12.99,750.0,750,1,9.69,12546
3035,9.99,750.0,750,1,7.14,12546
22171,49.99,750.0,750,2,31.03,7153
34733,22.99,750.0,750,2,15.03,9165
1962,16.49,750.0,750,1,11.02,12546
2087,36.99,750.0,750,1,25.18,653
2333,54.99,750.0,750,1,39.05,7239
2440,19.99,750.0,750,1,13.17,5992
2667,21.99,750.0,750,1,14.39,6213
4060,14.99,750.0,750,1,9.35,12546
4696,18.99,750.0,750,1,13.17,6213
5414,9.99,750.0,750,1,6.15,6213
7828,9.99,750.0,750,1,6.39,6213
43323,19.99,750.0,750,2,13.07,10754
18299,7.99,750.0,750,2,5.51,516
5521,17.99,1750.0,1750,1,10.84,3960
14923,3.79,750.0,750,2,2.54,3252
42402,11.99,750.0,750,2,6.45,10754
43020,142.99,750.0,750,2,96.61,8112
8705,6.99,1500.0,1500,2,4.76,3252
6527,5.49,0.0,187,2,3.59,3252
23003,19.99,750.0,750,2,13.79,1650
23004,23.99,750.0,750,2,15.89,1650
2086,79.99,750.0,750,1,58.82,1485
2554,114.99,750.0,750,1,83.33,10754
4703,0.99,50.0,50,1,0.77,6213
4705,0.99,50.0,50,1,0.76,6213
37166,7.99,750.0,750,2,5.36,8673
4575,24.99,750.0,750,1,19.37,2561
6525,39.99,750.0,750,1,29.4,10754
8100,39.99,750.0,750,1,28.77,1485
42934,11.99,750.0,750,2,8.21,10754
6282,52.99,750.0,750,2,34.41,4425
39998,3.99,750.0,750,2,2.71,3252
39995,3.99,750.0,750,2,2.7,3252
39997,3.99,750.0,750,2,2.61,3252
20472,7.49,750.0,750,2,4.83,653
20337,11.99,750.0,750,2,7.99,90047
20357,12.99,750.0,750,2,5.19,3252
7917,9.99,375.0,375,1,6.92,5270
7931,9.99,375.0,375,1,6.47,5270
12124,4.99,750.0,750,2,3.24,3252
14474,8.99,750.0,750,2,6.16,10754
18272,9.99,750.0,750,2,6.62,8735
21750,9.99,1500.0,1500,2,6.84,10754
43789,10.99,750.0,750,2,7.33,10754
43790,10.99,750.0,750,2,7.43,10754
20359,23.99,1500.0,1500,2,15.78,4425
38314,14.99,750.0,750,2,9.86,9165
3101,27.99,750.0,750,1,22.04,4425
36845,10.99,750.0,750,2,7.33,10754
8017,10.99,750.0,750,1,7.85,1128
46661,2.99,750.0,750,2,2.05,9815
880,9.99,1000.0,1000,1,7.57,9552
22471,16.99,750.0,750,2,11.48,90010
4425,12.49,750.0,750,1,9.53,3924
43782,38.99,750.0,750,2,26.71,8112
640,9.99,1000.0,1000,1,7.24,9552
3078,7.99,750.0,750,1,5.83,9206
33734,19.99,750.0,750,2,11.61,10754
18346,54.99,750.0,750,2,36.18,90047
6891,4.99,750.0,750,2,3.42,3252
6919,6.99,1500.0,1500,2,4.69,1392
45875,9.99,1500.0,1500,2,6.45,3252
1878,16.49,750.0,750,1,10.65,12546
3282,0.99,50.0,50,1,0.79,11567
43542,15.99,4000.0,4000,2,10.66,3252
19287,16.99,750.0,750,2,11.4,1650
20094,14.99,750.0,750,2,9.67,1650
20124,13.99,750.0,750,2,9.14,1650
20146,16.99,750.0,750,2,11.72,1650
23443,13.99,750.0,750,2,9.45,1650
24024,19.99,750.0,750,2,13.69,90051
14358,9.99,750.0,750,2,6.66,90037
24578,40.49,750.0,750,2,26.81,10754
4912,4.99,0.0,50,1,3.67,480
44199,14.99,750.0,750,2,10.27,90010
22324,30.99,750.0,750,2,19.73,90047
23876,12.99,750.0,750,2,8.49,9165
23878,12.99,750.0,750,2,8.49,9165
44953,13.99,750.0,750,2,9.58,4425
9376,29.99,750.0,750,1,22.21,653
14369,12.99,750.0,750,2,8.78,90047
16266,11.99,1500.0,1500,2,5.8,516
21223,17.99,750.0,750,2,11.25,90047
42439,8.99,1500.0,1500,2,6.16,1003
14417,7.99,750.0,750,2,5.44,17035
19346,15.99,750.0,750,2,11.03,10754
21210,9.99,750.0,750,2,6.66,90024
39601,7.99,0.0,187,2,4.69,1392
24043,13.99,750.0,750,2,9.52,9552
14411,7.99,1500.0,1500,2,5.4,3252
14674,11.49,750.0,750,2,7.66,90047
19243,6.49,750.0,750,2,4.45,1392
14918,14.99,750.0,750,2,9.8,90024
32514,15.99,750.0,750,2,10.38,1392
16663,12.99,750.0,750,2,8.78,7153
15253,4.79,500.0,500,2,3.15,2242
43821,7.99,750.0,750,2,5.36,516
44370,9.99,1500.0,1500,2,6.75,3252
23231,54.99,750.0,750,2,37.16,9819
23831,13.99,750.0,750,2,9.33,7153
14621,6.99,750.0,750,2,4.54,3252
17936,11.99,750.0,750,2,7.84,1590
18572,11.99,750.0,750,2,8.21,1590
21714,14.99,750.0,750,2,9.67,2000
23208,10.99,750.0,750,2,7.43,1590
5513,10.99,1750.0,1750,1,7.91,660
12188,2.99,750.0,750,2,1.99,9815
2915,21.99,750.0,750,1,16.41,3950
4337,43.99,750.0,750,1,34.91,7153
19946,14.99,750.0,750,2,9.73,653
3057,12.99,750.0,750,1,9.69,12546
12592,26.99,750.0,750,2,18.11,1392
7430,11.99,1000.0,1000,1,9.37,3252
46733,11.99,750.0,750,2,8.21,1590
24288,10.99,750.0,750,2,7.14,4425
24290,11.99,750.0,750,2,8.16,4425
24292,10.99,750.0,750,2,7.48,4425
17379,15.99,750.0,750,2,11.03,7153
39681,3.99,187.0,187,2,2.64,4425
46508,8.99,1500.0,1500,2,5.95,1003
10228,3.29,750.0,750,2,2.22,9815
22338,26.99,750.0,750,2,17.1,4425
16053,47.49,750.0,750,2,31.24,2000
741,22.99,750.0,750,1,16.42,9165
22337,36.99,750.0,750,2,24.66,4425
15289,7.99,750.0,750,2,3.99,7153
39996,3.99,750.0,750,2,2.75,3252
23355,14.49,750.0,750,2,9.6,9552
24451,24.99,750.0,750,2,15.12,9552
24452,12.99,750.0,750,2,7.58,9552
24540,21.99,750.0,750,2,13.79,9552
20861,11.99,750.0,750,2,7.74,8735
23239,8.99,750.0,750,2,6.12,2000
23344,4.49,300.0,300,2,2.97,8320
20625,24.99,750.0,750,2,17.12,7153
15188,8.99,750.0,750,2,5.8,10754
23968,11.99,750.0,750,2,8.27,90024
24206,14.99,750.0,750,2,9.99,9552
42385,5.29,750.0,750,2,3.65,8892
6343,4.99,750.0,750,2,3.44,1392
22615,7.99,375.0,375,2,5.36,4425
22579,6.99,750.0,750,2,4.82,9552
735,14.49,1000.0,1000,1,10.81,660
19071,8.99,750.0,750,2,5.99,4425
22835,14.99,750.0,750,2,9.3,90047
14053,10.99,750.0,750,2,7.18,4425
24588,16.99,750.0,750,2,10.2,90024
13142,6.99,750.0,750,2,4.51,4425
13386,8.49,750.0,750,2,5.7,4425
16436,15.99,750.0,750,2,11.03,4425
18911,23.99,750.0,750,2,15.48,4425
20626,11.99,750.0,750,2,2.7,7153
21388,4.99,750.0,750,2,3.39,4425
21792,26.99,750.0,750,2,17.76,4425
22221,11.49,750.0,750,2,7.82,4425
22344,16.99,750.0,750,2,9.99,4425
22515,12.99,750.0,750,2,8.78,9552
23197,9.99,1500.0,1500,2,6.84,4425
23270,9.99,750.0,750,2,6.7,17035
23389,13.99,750.0,750,2,7.53,9165
23415,7.99,750.0,750,2,2.95,3252
23474,12.99,750.0,750,2,6.89,8673
24118,17.99,750.0,750,2,9.93,9165
24119,15.99,750.0,750,2,8.55,9165
24310,15.99,750.0,750,2,6.53,10754
26644,6.49,750.0,750,2,4.36,4425
28021,8.29,750.0,750,2,5.68,4425
35651,4.99,750.0,750,2,3.37,4425
46714,12.49,750.0,750,2,8.44,4425
927,27.99,750.0,750,1,21.05,7245
34474,6.99,1500.0,1500,2,4.57,3252
19752,9.49,750.0,750,2,6.5,4425
21255,15.99,750.0,750,2,10.59,4425
43680,10.49,750.0,750,2,6.95,4425
17702,10.99,750.0,750,2,7.14,653
23214,12.99,750.0,750,2,7.18,653
24359,48.99,750.0,750,2,32.44,17037
19497,10.99,750.0,750,2,7.14,1587
31503,10.99,1500.0,1500,2,7.58,3252
4734,16.99,750.0,750,1,11.9,3960
5566,16.99,750.0,750,1,11.44,3960
11529,9.99,750.0,750,2,3.76,9552
22092,11.99,750.0,750,2,8.1,9552
14993,4.49,187.0,187,2,3.01,90047
40666,9.99,750.0,750,2,6.89,516
42348,6.99,1500.0,1500,2,4.82,3252
42751,3.79,750.0,750,2,2.45,3252
726,5.99,1000.0,1000,1,4.79,9552
22727,24.99,750.0,750,2,16.66,90024
46374,16.99,5000.0,5000,2,11.64,3252
19284,9.99,750.0,750,2,6.7,90024
2277,22.99,750.0,750,1,17.03,12546
14678,9.49,750.0,750,2,6.12,90047
3030,22.99,1750.0,1750,1,13.07,3960
22902,16.99,750.0,750,2,11.1,9165
23680,21.99,750.0,750,2,13.42,9165
24454,22.99,750.0,750,2,14.28,9552
21788,9.99,1500.0,1500,2,6.89,7153
19477,15.99,750.0,750,2,10.45,90010
36333,10.99,750.0,750,2,7.18,90024
6543,8.99,750.0,750,2,5.84,9744
10126,11.99,750.0,750,2,7.79,10754
4239,21.99,750.0,750,1,15.14,3960
6373,4.99,750.0,750,2,3.44,1392
22794,2.99,187.0,187,2,1.94,17035
23615,19.99,750.0,750,2,13.24,9165
6842,13.99,5000.0,5000,2,9.39,3252
26101,12.99,1500.0,1500,2,8.72,516
46059,3.99,750.0,750,2,2.64,3252
8923,7.99,3000.0,3000,2,5.26,1392
332,19.99,1000.0,1000,1,15.26,3664
6257,14.99,4000.0,4000,2,9.86,3252
452,8.79,1000.0,1000,1,6.81,17035
11744,12.99,750.0,750,2,6.53,9552
24252,7.99,0.0,250,2,5.4,3252
18359,14.99,750.0,750,2,9.73,1650
43747,12.99,750.0,750,2,7.89,8892
46904,13.99,750.0,750,2,9.26,1650
13131,10.99,1500.0,1500,2,7.48,9552
22556,11.99,750.0,750,2,7.94,9552
39346,4.99,750.0,750,2,3.44,9552
24527,19.99,750.0,750,2,13.07,4425
24528,23.99,750.0,750,2,16.43,4425
24529,55.99,750.0,750,2,38.35,4425
24530,66.99,750.0,750,2,44.96,4425
24531,25.99,750.0,750,2,17.1,4425
24532,28.99,750.0,750,2,19.2,4425
24533,29.99,750.0,750,2,19.47,4425
24534,67.99,750.0,750,2,44.44,4425
34473,14.99,4000.0,4000,2,10.27,3252
38102,5.99,750.0,750,2,3.86,10754
35864,10.99,1500.0,1500,2,7.28,2000
38318,8.99,750.0,750,2,6.2,6785
14808,10.99,750.0,750,2,7.18,4950
23430,12.99,750.0,750,2,8.6,4950
23975,13.99,750.0,750,2,9.08,4950
24237,14.99,750.0,750,2,10.06,4950
19285,9.99,750.0,750,2,6.89,90024
23202,12.99,750.0,750,2,6.75,1590
23203,12.99,750.0,750,2,6.8,1590
23892,9.99,750.0,750,2,5.44,7153
3196,19.99,750.0,750,1,14.81,17035
14389,39.99,750.0,750,2,25.8,9552
4210,9.99,750.0,750,1,7.99,12546
3920,35.99,750.0,750,1,27.47,3924
24554,12.99,750.0,750,2,8.66,9552
24557,12.99,750.0,750,2,8.78,9552
24558,12.99,750.0,750,2,7.43,9552
24560,12.99,750.0,750,2,8.6,9552
13796,34.99,750.0,750,2,22.87,10754
11640,9.99,750.0,750,2,6.49,2000
176,16.99,1750.0,1750,1,13.59,17035
21745,5.99,750.0,750,2,4.02,4425
21746,5.99,750.0,750,2,3.99,4425
21747,5.99,750.0,750,2,4.07,4425
24526,48.99,750.0,750,2,33.33,4425
24555,26.99,750.0,750,2,18.24,9552
24556,16.99,750.0,750,2,11.64,9552
24559,19.99,750.0,750,2,13.42,9552
24561,15.99,750.0,750,2,10.32,9552
45577,5.29,750.0,750,2,2.8,90017
14919,13.99,1000.0,1000,2,9.03,90024
17512,14.99,750.0,750,2,10.2,90024
24553,467.99,0.0,750,2,301.93,9552
17433,11.99,750.0,750,2,7.79,10754
1727,24.99,750.0,750,1,17.05,9552
2906,109.99,750.0,750,1,72.99,9165
4290,13.99,750.0,750,1,7.87,480
4833,17.99,750.0,750,1,10.78,9552
5148,24.99,1750.0,1750,1,14.17,8352
6102,23.99,750.0,750,1,14.38,9165
45185,13.99,750.0,750,2,9.08,90024
5073,19.99,750.0,750,1,15.38,12546
765,27.99,750.0,750,1,20.58,4425
14410,7.99,1500.0,1500,2,5.26,3252
10054,18.99,750.0,750,2,12.49,1601
4348,15.49,1750.0,1750,1,11.65,3960
4042,0.99,50.0,50,1,0.72,480
39988,15.99,750.0,750,2,10.95,2000
18173,10.99,750.0,750,2,7.18,8673
21599,12.49,750.0,750,2,8.11,2000
7215,5.99,750.0,750,2,3.97,6785
4379,0.99,50.0,50,1,0.73,480
39774,29.99,750.0,750,2,18.11,10754
18089,14.99,1500.0,1500,2,8.61,6785
4160,24.99,750.0,750,1,15.5,480
23101,9.99,750.0,750,2,6.53,4425
23173,13.99,750.0,750,2,9.45,10754
23253,19.99,750.0,750,2,13.07,653
23354,15.99,750.0,750,2,10.88,9552
23380,9.99,750.0,750,2,6.57,9165
23383,16.99,750.0,750,2,11.48,9165
23396,12.99,750.0,750,2,8.66,9552
23397,11.99,750.0,750,2,8.05,9552
23790,9.49,750.0,750,2,6.2,7255
36380,9.99,750.0,750,2,6.49,4425
6588,5.49,0.0,187,2,3.79,3252
14289,19.99,750.0,750,2,13.33,1590
23619,24.99,750.0,750,2,16.89,90010
36553,9.99,750.0,750,2,6.57,10000
22197,12.99,750.0,750,2,8.49,2000
2777,45.99,1000.0,1000,1,35.93,1128
19571,69.99,750.0,750,2,45.15,9552
21005,16.99,375.0,375,2,11.33,9552
819,11.99,1000.0,1000,1,8.56,3960
23252,42.99,750.0,750,2,28.66,9165
15249,8.49,750.0,750,2,5.82,4425
14700,2.99,750.0,750,2,1.94,9815
11078,16.99,750.0,750,2,11.48,10754
2730,31.99,750.0,750,1,23.01,4425
23444,11.99,750.0,750,2,8.27,1650
16940,9.99,1500.0,1500,2,6.75,3252
31496,4.99,750.0,750,2,3.37,3252
23052,16.99,750.0,750,2,11.48,2000
38968,15.99,750.0,750,2,10.59,653
24671,13.99,750.0,750,2,9.58,9552
37537,15.99,750.0,750,2,11.03,4425
10229,3.29,750.0,750,2,2.25,9815
19945,18.99,750.0,750,2,12.74,653
3995,39.99,750.0,750,1,29.4,4425
36000,15.99,750.0,750,2,8.44,10754
8207,3.99,750.0,750,1,3.09,1392
15293,7.99,750.0,750,2,5.36,9815
12306,12.99,750.0,750,2,8.96,90011
310,31.99,750.0,750,1,25.59,4425
15731,7.49,750.0,750,2,5.13,90024
21833,12.99,750.0,750,2,8.78,10754
14654,9.99,750.0,750,2,6.49,6785
17371,12.99,750.0,750,2,8.84,10754
21497,14.99,750.0,750,2,10.06,4425
34352,24.99,750.0,750,2,16.44,2000
44946,5.29,750.0,750,2,3.41,2000
22711,14.99,1500.0,1500,2,9.73,7255
39255,14.99,750.0,750,2,9.86,3252
23858,22.99,750.0,750,2,14.48,9165
22838,10.99,750.0,750,2,7.43,90047
24546,3.99,187.0,187,2,2.66,7153
24700,14.99,750.0,750,2,8.44,9552
24699,49.99,750.0,750,2,31.07,9552
6355,4.99,750.0,750,2,3.22,1392
39434,14.99,750.0,750,2,9.73,10754
45913,4.99,750.0,750,2,3.22,3252
22448,20.99,750.0,750,2,13.99,9165
5874,0.99,50.0,50,1,0.79,660
22080,8.99,750.0,750,2,5.51,90047
22901,17.99,750.0,750,2,12.32,9165
11453,16.99,750.0,750,2,11.56,9165
23855,21.99,750.0,750,2,9.14,9165
17132,21.99,750.0,750,2,14.66,9552
22075,29.99,750.0,750,2,20.4,10754
23596,12.99,750.0,750,2,8.78,8892
13871,3.49,750.0,750,2,2.31,9815
13872,3.49,750.0,750,2,2.37,9815
21619,3.49,750.0,750,2,2.3,9815
5231,11.99,1750.0,1750,1,8.88,480
19275,10.99,750.0,750,2,7.14,516
37732,12.99,3000.0,3000,2,8.78,9815
37733,12.99,3000.0,3000,2,8.84,9815
784,5.99,1000.0,1000,1,4.37,9552
12625,12.99,750.0,750,2,8.44,90024
2950,34.99,750.0,750,1,27.99,660
13950,29.99,750.0,750,2,19.86,4425
22924,17.99,750.0,750,2,12.16,9165
23603,23.99,750.0,750,2,15.68,4425
24426,46.99,750.0,750,2,30.91,4425
24427,99.99,750.0,750,2,65.78,4425
24430,9.49,375.0,375,2,5.74,90047
24483,54.99,750.0,750,2,35.94,4425
24579,16.99,750.0,750,2,10.27,10754
24585,24.99,750.0,750,2,14.93,10754
24658,55.99,750.0,750,2,38.09,4425
11172,13.99,750.0,750,2,9.45,10754
41132,12.99,750.0,750,2,7.48,653
18269,73.99,750.0,750,2,49.0,9165
21853,69.99,750.0,750,2,46.66,9165
24603,29.99,750.0,750,2,20.13,7153
10704,8.99,750.0,750,2,6.12,10754
46596,16.99,750.0,750,2,11.33,10754
21112,9.99,750.0,750,2,6.8,9165
21114,9.99,750.0,750,2,6.8,9165
864,7.99,1000.0,1000,1,5.22,660
18558,10.99,750.0,750,2,7.33,10754
17613,13.99,750.0,750,2,5.03,9552
22235,8.49,750.0,750,2,5.66,9552
26615,5.99,750.0,750,2,4.07,3252
1275,24.99,750.0,750,1,19.37,9625
27934,4.99,750.0,750,2,3.37,4425
18066,1.49,187.0,187,2,0.99,8892
15189,8.99,750.0,750,2,6.16,10754
8028,10.99,1750.0,1750,1,8.39,9552
19990,6.49,750.0,750,2,4.21,4425
24075,8.29,750.0,750,2,5.56,4692
24681,10.99,750.0,750,2,7.33,4425
6141,10.99,1500.0,1500,2,7.33,1590
29155,5.49,0.0,187,2,3.61,3252
24370,15.99,750.0,750,2,10.38,653
22793,8.99,750.0,750,2,6.2,17035
21017,13.99,750.0,750,2,9.52,1392
24567,13.99,750.0,750,2,9.08,1392
23479,12.99,750.0,750,2,6.2,2242
399,6.29,1000.0,1000,1,4.73,9552
23792,9.79,750.0,750,2,6.61,4425
197,22.49,750.0,750,1,17.71,3950
8422,4.49,1000.0,1000,2,3.08,1392
23623,9.99,750.0,750,2,6.7,2876
23624,9.99,750.0,750,2,6.84,2876
23625,9.99,750.0,750,2,6.89,2876
23626,9.99,750.0,750,2,6.45,2876
1168,24.99,750.0,750,1,14.28,12546
1999,49.99,750.0,750,1,34.88,1128
2207,94.99,750.0,750,1,46.15,9165
3268,12.99,750.0,750,1,7.63,12546
5697,24.99,750.0,750,1,15.14,9165
8443,22.99,750.0,750,1,14.7,4425
20535,9.99,1500.0,1500,2,6.45,653
24515,13.99,750.0,750,2,9.39,9165
23030,13.99,750.0,750,2,9.65,4425
2792,0.99,50.0,50,1,0.78,12546
2855,32.99,750.0,750,1,21.58,4425
3349,0.99,50.0,50,1,0.71,10050
4751,0.99,50.0,50,1,0.72,3960
4959,0.99,50.0,50,1,0.71,480
5361,0.99,50.0,50,1,0.79,3960
13363,16.99,750.0,750,2,10.96,8112
1550,3.99,100.0,100,1,2.91,1128
2711,19.99,750.0,750,1,15.03,3664
22407,3.29,750.0,750,2,2.25,9815
2779,23.99,750.0,750,1,14.7,7153
3365,24.99,1750.0,1750,1,18.65,10050
5685,21.99,750.0,750,1,13.56,7153
5698,21.99,750.0,750,1,14.61,7153
5838,29.99,750.0,750,1,17.85,6213
6929,19.99,750.0,750,1,13.33,8735
6990,19.99,750.0,750,2,12.41,8735
2581,51.99,750.0,750,1,39.09,653
24334,12.99,750.0,750,2,8.96,90024
19511,11.99,750.0,750,2,7.89,9552
90010,91.99,750.0,750,2,61.74,1703
90011,144.99,750.0,750,2,94.76,1703
90014,61.99,750.0,750,2,40.78,1703
90012,49.99,750.0,750,2,34.24,1703
90013,99.99,750.0,750,2,64.93,1703
633,14.49,300.0,300,1,11.32,653
23977,18.99,750.0,750,2,12.83,4950
43784,16.99,750.0,750,2,11.56,8112
23861,8.99,750.0,750,2,5.95,9815
24387,19.99,750.0,750,2,13.42,9744
3182,31.99,750.0,750,1,22.85,9552
20088,15.99,750.0,750,2,10.45,1650
2738,599.99,750.0,750,1,458.01,3664
22632,20.99,750.0,750,2,7.48,90010
23522,14.99,750.0,750,2,4.11,9815
24046,14.99,750.0,750,2,4.73,9744
24593,19.99,750.0,750,2,10.13,10754
24594,16.99,750.0,750,2,8.84,4425
24595,16.99,750.0,750,2,5.86,9819
24621,15.99,750.0,750,2,5.88,4425
24646,16.99,750.0,750,2,5.94,9552
24662,23.99,750.0,750,2,13.51,9165
33987,14.99,1500.0,1500,2,6.53,6785
39550,19.99,750.0,750,2,8.6,9552
3562,0.99,50.0,50,1,0.77,8352
3568,0.99,50.0,50,1,0.79,8352
2014,22.99,750.0,750,1,18.39,8004
20401,8.99,750.0,750,2,6.12,7255
6457,10.99,750.0,750,2,7.09,9165
45602,19.99,750.0,750,2,13.07,9744
13251,15.49,750.0,750,2,9.24,90017
16863,9.99,750.0,750,2,6.84,90017
16866,6.49,750.0,750,2,4.27,90017
14627,14.99,4000.0,4000,2,9.93,3252
24604,7.99,750.0,750,2,5.4,3252
255,7.29,1000.0,1000,1,5.48,12546
1003,25.99,750.0,750,1,16.66,3960
19261,10.99,750.0,750,2,7.09,653
19372,7.99,1500.0,1500,2,5.36,3252
16697,15.99,750.0,750,2,10.45,4425
10938,139.99,750.0,750,2,90.9,9552
24314,43.99,750.0,750,2,28.38,2000
24315,61.99,750.0,750,2,40.78,2000
24317,519.99,750.0,750,2,346.66,2000
24320,134.99,750.0,750,2,91.83,2000
24322,49.99,750.0,750,2,32.89,2000
21057,8.49,750.0,750,2,5.86,653
15977,15.99,750.0,750,2,10.66,10754
19444,13.99,750.0,750,2,9.58,10754
2922,69.99,750.0,750,1,51.46,9165
5335,29.99,750.0,750,1,22.21,10754
5384,32.99,750.0,750,1,24.08,10754
29472,8.99,1000.0,1000,2,5.88,480
24388,19.99,750.0,750,2,13.6,9744
24390,23.99,750.0,750,2,15.78,9744
24392,35.99,750.0,750,2,24.82,9744
24424,31.99,750.0,750,2,21.05,4425
17047,20.99,750.0,750,2,13.33,9552
28040,69.99,750.0,750,2,45.75,4425
21924,4.79,750.0,750,2,3.15,1590
18941,29.99,750.0,750,2,19.86,9552
24319,99.99,750.0,750,2,66.66,2000
24330,46.99,750.0,750,2,32.41,2000
37722,12.99,750.0,750,2,6.7,17035
4605,129.99,750.0,750,1,99.23,6213
24316,764.99,750.0,750,2,493.54,2000
24328,154.99,750.0,750,2,101.3,2000
24384,79.99,750.0,750,2,52.28,9744
24385,305.99,750.0,750,2,209.58,9744
24386,28.99,750.0,750,2,18.82,9744
24311,87.99,750.0,750,2,60.68,2000
24312,99.99,750.0,750,2,67.11,2000
24321,49.99,750.0,750,2,33.33,2000
24323,129.99,750.0,750,2,88.43,2000
24324,147.99,750.0,750,2,102.06,2000
24331,60.99,750.0,750,2,39.6,2000
18738,2.99,750.0,750,2,1.94,9815
36849,18.99,750.0,750,2,12.92,10754
24394,73.99,750.0,750,2,50.33,9744
23409,14.99,750.0,750,2,9.8,90047
34215,69.99,750.0,750,2,45.15,4425
22429,69.99,750.0,750,2,46.66,9744
24393,53.99,750.0,750,2,37.23,9744
24313,739.99,750.0,750,2,480.51,2000
7219,45.99,750.0,750,2,30.46,1128
24144,72.49,18000.0,18000,2,49.31,10754
24326,93.99,750.0,750,2,61.03,2000
24329,197.99,750.0,750,2,135.61,2000
11313,4.99,750.0,750,2,3.35,1392
21315,36.99,750.0,750,2,23.86,9552
24054,15.99,750.0,750,2,10.52,10754
45314,16.99,750.0,750,2,11.4,10754
13267,17.99,750.0,750,2,11.99,90024
17705,16.99,750.0,750,2,10.96,653
20931,16.99,750.0,750,2,11.48,10754
23928,8.99,750.0,750,2,4.79,90024
23929,8.99,750.0,750,2,4.66,90024
24589,12.99,750.0,750,2,8.96,90024
16057,20.99,750.0,750,2,13.72,2000
43317,4.99,750.0,750,2,3.44,9552
16063,14.99,750.0,750,2,10.06,2000
17437,17.99,750.0,750,2,11.84,10754
21031,15.99,750.0,750,2,10.38,2000
22120,4.99,750.0,750,2,3.24,4425
43834,12.49,500.0,500,2,8.16,7153
2962,10.99,1750.0,1750,1,8.52,8004
17148,7.99,750.0,750,2,5.26,9165
19554,7.99,750.0,750,2,5.29,9165
22404,17.99,750.0,750,2,12.07,516
23511,10.99,750.0,750,2,7.43,7154
23512,11.49,750.0,750,2,7.41,7154
23513,10.99,750.0,750,2,7.48,7154
14717,8.99,750.0,750,2,5.91,9552
15274,10.99,750.0,750,2,7.48,90024
17182,13.99,750.0,750,2,9.14,7153
1733,18.99,750.0,750,1,14.17,6359
1762,18.99,750.0,750,1,14.07,6359
10544,12.99,750.0,750,2,8.9,4425
14110,23.99,750.0,750,2,15.89,8112
22968,34.99,750.0,750,2,23.33,9552
25834,19.99,750.0,750,2,13.07,7153
18230,11.49,750.0,750,2,7.92,9552
12189,2.99,750.0,750,2,2.05,9815
14962,4.79,750.0,750,2,3.19,2242
15035,10.99,750.0,750,2,7.33,9165
16370,7.99,750.0,750,2,5.44,90024
19276,13.99,750.0,750,2,9.08,653
21145,11.99,750.0,750,2,7.79,90047
23257,13.99,750.0,750,2,9.33,653
23382,15.99,750.0,750,2,10.88,9165
23392,9.99,750.0,750,2,6.62,9165
23393,17.99,750.0,750,2,11.68,9165
23394,9.99,750.0,750,2,6.75,9552
23395,9.99,750.0,750,2,6.45,9552
23401,15.99,750.0,750,2,10.8,3252
6040,16.99,750.0,750,1,8.39,9165
1696,12.49,1750.0,1750,1,9.12,660
24282,329.99,750.0,750,2,214.28,4425
24572,49.99,750.0,750,2,33.33,9552
24574,49.99,750.0,750,2,32.89,9552
2930,159.99,750.0,750,1,121.2,8112
23591,69.99,750.0,750,2,47.61,4425
24539,29.99,750.0,750,2,19.99,9552
21006,94.99,750.0,750,2,62.08,9552
45214,11.99,750.0,750,2,6.8,90024
24303,8.99,750.0,750,2,4.99,9815
24423,94.99,750.0,750,2,61.28,4425
16523,15.99,750.0,750,2,10.52,10754
41785,8.49,750.0,750,2,5.7,3252
21436,51.99,750.0,750,2,34.2,10754
6608,89.99,750.0,750,1,62.96,9165
2886,61.99,1750.0,1750,1,49.2,3960
13590,13.99,750.0,750,2,9.52,90047
44394,13.99,750.0,750,2,9.65,653
14959,15.49,750.0,750,2,10.12,90017
20890,8.99,750.0,750,2,5.8,90017
42865,14.49,750.0,750,2,9.6,90017
23655,4.99,750.0,750,2,3.35,7153
19124,34.99,750.0,750,2,23.97,1703
2125,49.99,750.0,750,1,36.76,3664
2209,34.99,750.0,750,1,21.58,3950
2787,46.99,750.0,750,1,33.08,9165
2830,15.99,750.0,750,1,10.44,1392
2992,49.99,750.0,750,1,35.96,3664
2994,49.99,750.0,750,1,35.96,3664
3592,11.99,1750.0,1750,1,7.14,3924
3639,11.99,1750.0,1750,1,7.14,3924
3662,14.99,750.0,750,1,8.75,7245
4580,29.99,375.0,375,1,22.38,6213
5223,10.99,750.0,750,1,6.15,1392
5990,53.99,750.0,750,1,39.36,9165
6829,8.99,1500.0,1500,2,5.8,9815
2908,69.99,750.0,750,1,53.84,3960
22972,11.99,750.0,750,2,7.89,9165
24701,16.99,750.0,750,2,10.2,9552
5688,13.99,375.0,375,1,7.8,7153
5691,13.99,375.0,375,1,7.87,7153
5693,13.99,375.0,375,1,7.51,7153
17711,4.79,750.0,750,2,3.21,5612
31502,6.29,750.0,750,2,3.35,3252
7849,9.99,375.0,375,1,7.8,5270
7855,9.99,375.0,375,1,7.57,5270
32543,7.99,750.0,750,2,5.29,4425
24812,12.99,750.0,750,2,8.78,90024
12369,8.79,750.0,750,2,6.02,9165
14105,114.99,750.0,750,2,75.16,4692
14328,99.99,750.0,750,2,65.35,9552
18477,17.49,750.0,750,2,11.74,9165
18478,17.49,750.0,750,2,11.28,9165
20065,49.99,750.0,750,2,33.78,2000
20066,49.99,750.0,750,2,32.46,2000
20101,6.19,750.0,750,2,3.99,9165
22473,129.99,1500.0,1500,2,86.09,4692
24696,119.99,750.0,750,2,78.42,2242
38632,12.29,750.0,750,2,8.09,9165
40365,74.99,750.0,750,2,49.34,4425
42757,4.39,750.0,750,2,2.89,9165
3841,19.99,1000.0,1000,1,15.14,8664
3942,19.99,1000.0,1000,1,14.49,8664
3185,46.99,1750.0,1750,1,35.33,480
3199,46.99,1750.0,1750,1,34.3,480
3778,46.99,1750.0,1750,1,34.3,480
11279,44.99,750.0,750,2,29.21,4692
11668,382.99,6000.0,6000,2,260.54,4692
13808,11.99,750.0,750,2,7.94,9552
13918,12.99,750.0,750,2,8.72,10754
21002,13.99,750.0,750,2,7.74,10754
21027,119.99,750.0,750,2,79.3,9165
23935,14.99,750.0,750,2,9.73,90024
43543,7.99,1500.0,1500,2,5.47,3252
16332,11.99,750.0,750,2,7.74,2000
22417,21.99,750.0,750,2,14.66,4425
23938,22.99,750.0,750,2,14.93,90024
24053,9.99,300.0,300,2,6.75,10754
41749,9.99,750.0,750,2,6.62,2000
3449,27.99,750.0,750,1,22.21,4425
45446,6.99,750.0,750,2,4.54,7153
21588,199.99,750.0,750,2,133.33,7153
25133,6.99,0.0,187,2,4.66,1392
35665,6.29,750.0,750,2,4.11,3252
18854,11.99,1500.0,1500,2,7.48,3252
23557,49.99,750.0,750,2,32.89,7153
9105,19.99,750.0,750,1,14.81,12331
13697,7.99,1500.0,1500,2,5.29,3252
22355,15.99,750.0,750,2,10.32,4425
35644,11.99,750.0,750,2,8.05,4425
24055,13.99,750.0,750,2,9.33,10754
6434,8.99,1500.0,1500,2,6.16,9815
16708,10.99,750.0,750,2,7.23,516
15063,17.99,5000.0,5000,2,12.07,9815
22479,9.99,750.0,750,2,6.45,9552
44484,6.99,750.0,750,2,4.76,7153
44486,6.99,750.0,750,2,4.6,7153
44637,12.99,1500.0,1500,2,8.84,7153
3540,5.99,1000.0,1000,1,4.79,2396
17895,13.99,750.0,750,2,9.58,90011
430,2.79,1000.0,1000,1,1.99,660
3213,12.99,750.0,750,1,9.62,3960
6090,29.99,750.0,750,1,22.72,653
19807,10.99,750.0,750,2,7.18,90024
20492,11.99,750.0,750,2,7.38,653
24787,19.99,750.0,750,2,12.98,4425
20250,49.99,750.0,750,2,34.48,9552
20975,10.99,750.0,750,2,7.48,2242
24449,14.99,750.0,750,2,10.34,90024
13959,13.99,750.0,750,2,9.52,8892
2837,45.99,750.0,750,1,34.07,3664
16179,49.99,750.0,750,2,34.24,17035
20693,32.99,750.0,750,2,13.24,4425
20992,12.99,750.0,750,2,6.7,9165
23250,12.99,750.0,750,2,3.94,9165
24205,18.99,750.0,750,2,6.81,9552
24489,21.99,750.0,750,2,12.49,9552
24497,14.99,750.0,750,2,8.1,9165
24648,19.99,750.0,750,2,9.67,17035
24692,15.99,750.0,750,2,8.49,9165
24755,21.99,750.0,750,2,7.79,4425
24759,21.99,750.0,750,2,11.03,4425
24766,27.99,750.0,750,2,10.27,4425
24772,15.99,750.0,750,2,8.78,9552
33267,19.99,750.0,750,2,13.6,9744
10299,13.99,750.0,750,2,9.03,9552
17919,12.99,750.0,750,2,8.96,4692
19345,16.99,750.0,750,2,11.48,10754
11315,12.99,750.0,750,2,8.44,1590
3521,24.99,750.0,750,1,18.65,12546
12117,31.99,750.0,750,2,21.19,8673
38108,5.99,750.0,750,2,4.07,10754
24647,299.99,750.0,750,2,193.54,8112
25005,17.99,750.0,750,2,11.68,4425
34971,26.99,750.0,750,2,16.66,4425
10705,8.99,750.0,750,2,6.03,10754
366,25.99,750.0,750,1,17.18,3960
381,21.99,750.0,750,1,14.5,3960
1004,16.49,750.0,750,1,10.65,12546
1005,34.99,0.0,375,1,27.34,12546
1060,31.99,1000.0,1000,1,21.7,1128
1064,26.99,750.0,750,1,18.39,1128
2054,43.99,750.0,750,1,34.64,3960
2654,28.99,1000.0,1000,1,22.47,3960
3085,5.99,0.0,50,1,4.72,17035
13831,11.99,750.0,750,2,8.16,8892
23072,6.99,750.0,750,2,4.51,4425
2571,84.99,750.0,750,1,65.88,3960
2028,45.99,750.0,750,1,34.58,1128
14628,3.99,750.0,750,2,2.57,3252
17490,12.99,750.0,750,2,8.78,7153
37530,7.99,1500.0,1500,2,4.54,9815
46378,4.99,750.0,750,2,3.24,3252
2632,43.99,750.0,750,1,33.33,9552
16808,11.99,1500.0,1500,2,7.94,9815
7428,11.99,1000.0,1000,1,8.63,3252
22413,3.79,750.0,750,2,2.49,9815
12536,10.99,750.0,750,2,7.43,10754
18864,11.99,750.0,750,2,7.94,10754
23797,14.99,750.0,750,2,8.84,653
44290,15.99,750.0,750,2,10.73,10754
24092,42.99,750.0,750,2,27.92,90010
23905,7.99,750.0,750,2,5.33,5612
17576,5.49,750.0,750,2,3.79,5612
17665,12.99,750.0,750,2,8.55,5612
18845,49.99,750.0,750,2,32.67,90024
19377,17.99,3000.0,3000,2,12.24,3252
21454,49.99,750.0,750,2,34.48,10754
14283,6.99,750.0,750,2,4.79,10754
17816,8.79,750.0,750,2,5.86,5612
19760,10.99,750.0,750,2,7.38,1590
21822,17.99,750.0,750,2,11.68,7749
24428,11.99,750.0,750,2,7.89,90037
25840,26.99,750.0,750,2,18.49,6785
11148,17.99,750.0,750,2,12.41,8892
1037,24.99,750.0,750,1,15.5,17035
22853,8.49,750.0,750,2,5.48,9552
13748,11.99,1500.0,1500,2,7.38,3252
16879,19.99,750.0,750,2,13.42,90037
4147,44.99,750.0,750,1,28.77,653
8992,1.99,0.0,Unknown,1,1.43,1703
6652,7.99,1500.0,1500,2,5.15,9815
22388,11.99,750.0,750,2,6.57,653
23047,230.49,20000.0,20000,2,149.67,90024
22975,23.99,750.0,750,2,3.62,9165
422,21.99,750.0,750,1,17.59,8004
20814,14.99,750.0,750,2,9.67,7153
23339,49.99,750.0,750,2,34.24,2000
23875,54.99,750.0,750,2,32.44,2000
46394,17.99,750.0,750,2,12.32,7749
17376,14.99,750.0,750,2,10.06,90011
21456,59.99,750.0,750,2,41.37,10754
22634,20.99,750.0,750,2,14.09,90010
23290,64.99,750.0,750,2,42.2,2000
23291,59.99,750.0,750,2,40.81,2000
23333,59.99,750.0,750,2,41.37,2000
23341,32.99,750.0,750,2,22.75,2000
24478,2.99,187.0,187,2,2.05,2000
27501,23.99,750.0,750,2,15.68,8673
90089,119.99,750.0,750,2,77.92,1703
11709,59.99,750.0,750,2,39.21,653
19543,10.99,750.0,750,2,7.18,5612
21106,13.99,750.0,750,2,5.51,7153
32987,6.99,1500.0,1500,2,4.69,9815
22101,8.29,750.0,750,2,5.72,5612
22214,14.99,1500.0,1500,2,10.13,4425
16279,19.99,750.0,750,2,12.98,2000
24175,13.99,750.0,750,2,9.08,2000
45942,6.99,750.0,750,2,4.57,6785
420,7.99,1000.0,1000,1,5.88,12546
1112,46.99,750.0,750,1,34.91,8112
667,6.99,1000.0,1000,1,5.18,5992
12665,16.99,750.0,750,2,11.72,9165
19882,12.99,750.0,750,2,8.55,9552
20488,16.99,750.0,750,2,9.86,1650
23288,51.99,750.0,750,2,35.86,2000
24160,65.99,750.0,750,2,43.41,10754
24161,65.99,750.0,750,2,42.57,10754
29204,5.49,750.0,750,2,3.54,1392
29205,9.49,1500.0,1500,2,6.41,1392
41318,36.99,750.0,750,2,24.34,90011
90087,469.99,750.0,750,2,311.25,1703
90088,134.99,750.0,750,2,92.46,1703
90090,649.99,750.0,750,2,448.27,1703
19216,19.99,750.0,750,2,13.79,7153
24564,17.99,750.0,750,2,10.27,7153
1000,14.99,750.0,750,1,11.62,1485
1006,3.99,0.0,50,1,3.14,12546
1034,4.99,750.0,750,1,3.81,660
1035,12.99,0.0,750,1,8.59,12546
1042,6.99,750.0,750,1,5.34,8004
1049,6.99,750.0,750,1,5.55,9552
1148,6.99,750.0,750,1,5.26,9552
1156,12.99,1750.0,1750,1,9.28,9552
1158,6.99,750.0,750,1,5.34,9552
5629,8.99,300.0,300,1,7.02,6213
20257,15.99,750.0,750,2,10.45,9552
23969,7.99,750.0,750,2,5.51,90024
165,26.99,750.0,750,1,20.14,1128
652,21.99,750.0,750,1,16.41,11567
1001,5.99,0.0,50,1,4.28,3960
1026,19.99,750.0,750,1,14.61,6359
1036,39.99,0.0,200,1,29.84,17035
1039,14.99,750.0,750,1,10.31,7245
1045,49.99,0.0,200,2,33.55,3664
1051,99.99,750.0,750,1,74.62,1128
1058,74.99,750.0,750,1,59.99,1128
1330,49.99,1750.0,1750,1,38.27,480
7278,35.99,750.0,750,1,27.68,10754
1007,9.99,0.0,50,1,7.19,8352
1009,49.99,0.0,750,1,38.75,8352
1021,13.99,750.0,750,1,10.76,8352
1022,13.99,750.0,750,1,10.6,8352
1023,45.99,750.0,750,1,35.93,8112
1024,31.99,750.0,750,1,19.99,8112
1030,18.99,750.0,750,1,13.56,6359
1031,49.99,0.0,375,1,33.57,17035
1033,31.99,750.0,750,1,23.07,17035
1038,26.99,750.0,750,1,16.41,7245
1066,21.99,750.0,750,1,15.99,2555
1336,26.99,750.0,750,1,19.42,8112
8440,18.99,750.0,750,1,14.72,3960
4333,17.99,750.0,750,1,13.23,12546
10125,21.99,750.0,750,2,14.56,10754
16056,16.99,750.0,750,2,11.18,2000
42440,4.79,750.0,750,2,3.26,1003
21333,12.99,750.0,750,2,8.84,90024
24335,11.99,750.0,750,2,7.99,90024
2058,43.99,750.0,750,1,33.08,3960
21998,10.99,750.0,750,2,7.28,9165
7537,109.99,1750.0,1750,1,70.86,17035
24337,11.99,750.0,750,2,8.27,90024
24921,15.49,750.0,750,2,10.4,287
24922,15.49,750.0,750,2,10.47,287
1050,44.99,375.0,375,1,32.84,3664
14193,44.99,750.0,750,2,30.61,8112
2797,0.99,50.0,50,1,0.75,7153
3137,0.99,50.0,50,1,0.76,7245
25125,12.49,750.0,750,2,8.55,90058
25126,9.99,750.0,750,2,6.62,90058
19657,10.99,750.0,750,2,7.23,653
13669,18.49,750.0,750,2,12.33,1650
11016,7.99,1500.0,1500,2,5.15,9815
234,15.49,1750.0,1750,1,11.47,9552
1090,16.99,750.0,750,1,13.59,4425
20016,8.99,750.0,750,2,5.88,7153
24668,59.99,750.0,750,2,41.37,17033
14827,11.99,750.0,750,2,8.16,10754
2733,78.99,750.0,750,1,58.95,9165
3670,20.99,750.0,750,1,12.02,7153
5308,0.99,50.0,50,1,0.75,1392
21287,22.99,750.0,750,2,15.43,4425
23998,9.99,750.0,750,2,6.75,6785
24000,5.99,750.0,750,2,3.92,6785
24146,19.99,750.0,750,2,13.24,9552
24246,5.99,750.0,750,2,4.05,4425
45604,19.99,750.0,750,2,13.07,9552
5126,54.99,750.0,750,1,41.35,10754
18613,13.99,750.0,750,2,9.33,2000
22201,11.99,750.0,750,2,8.21,8673
23245,11.99,750.0,750,2,7.94,8673
44764,18.99,750.0,750,2,12.49,90024
2940,85.99,750.0,750,1,65.64,12546
2986,65.99,750.0,750,1,51.96,12546
11385,45.99,750.0,750,2,29.86,4692
21502,16.99,750.0,750,2,11.33,10754
24575,34.99,750.0,750,2,23.17,10754
24576,34.99,750.0,750,2,23.8,10754
24720,27.99,750.0,750,2,18.54,4692
24722,27.99,750.0,750,2,19.17,4692
24724,36.99,750.0,750,2,25.34,4692
24725,62.99,750.0,750,2,40.9,4692
24727,52.99,750.0,750,2,34.86,4692
24728,21.99,750.0,750,2,15.06,4692
24731,59.99,750.0,750,2,40.81,4692
24732,62.99,750.0,750,2,41.17,4692
46367,24.99,750.0,750,2,16.23,4692
24723,59.99,750.0,750,2,41.37,4692
23926,19.99,750.0,750,2,13.42,90024
44857,13.99,750.0,750,2,9.45,1587
24873,9.99,750.0,750,2,5.99,516
216,21.99,1000.0,1000,1,15.62,17035
5742,4.99,750.0,750,1,3.93,4380
4511,339.99,750.0,750,1,249.99,6213
21429,76.99,750.0,750,2,50.99,10754
24415,29.99,750.0,750,2,19.86,7153
24602,21.99,750.0,750,2,15.17,7153
25002,39.99,750.0,750,2,26.31,4425
24790,168.99,750.0,750,2,115.75,4425
20746,9.99,750.0,750,2,6.75,9552
1062,6.99,1000.0,1000,2,4.57,9622
6952,19.99,750.0,750,1,12.85,8735
21693,34.99,750.0,750,2,23.17,4425
43541,7.99,1500.0,1500,2,5.26,3252
39433,12.99,750.0,750,2,8.9,10754
24863,23.99,750.0,750,2,16.54,4425
45710,35.99,750.0,750,2,24.82,2000
25185,19.99,750.0,750,2,12.24,9165
15126,36.99,750.0,750,2,24.83,4692
22160,9.99,750.0,750,2,6.75,6785
28252,16.99,750.0,750,2,9.93,9552
22516,8.99,750.0,750,2,5.95,4425
107,6.49,1000.0,1000,1,5.11,660
23200,11.99,750.0,750,2,8.05,516
6686,4.99,1500.0,1500,2,3.26,1392
8081,5.99,750.0,750,2,3.99,3252
21252,11.99,750.0,750,2,8.05,4425
24587,6.99,750.0,750,2,4.51,1392
24771,15.99,750.0,750,2,8.66,10754
1215,64.99,750.0,750,1,50.77,2000
1248,64.99,750.0,750,1,47.44,2000
1253,64.99,750.0,750,1,51.17,2000
28578,11.99,750.0,750,2,7.89,2000
20387,10.99,750.0,750,2,7.28,7255
2964,224.99,750.0,750,1,166.66,12546
3973,229.99,1000.0,1000,1,181.09,3960
18594,10.99,750.0,750,2,7.43,4950
24888,439.99,750.0,750,2,278.14,9165
24930,42.99,750.0,750,2,28.28,10754
44651,99.99,750.0,750,2,64.93,4425
6212,4.99,750.0,750,2,3.22,1392
3917,0.99,50.0,50,1,0.79,3960
4979,79.99,1000.0,1000,1,57.14,9165
18165,11.99,750.0,750,2,8.16,12331
14101,5.99,750.0,750,2,4.05,4425
21228,17.99,3000.0,3000,2,11.99,3252
16170,4.99,750.0,750,2,3.28,2242
23050,34.99,750.0,750,2,22.57,9552
2018,29.99,1000.0,1000,1,22.38,1128
2596,13.99,750.0,750,1,10.14,9165
2835,13.49,750.0,750,1,10.22,4425
6124,7.49,750.0,750,1,5.9,9165
6461,14.49,750.0,750,1,11.41,9165
7304,4.99,375.0,375,1,3.99,9165
17274,7.49,750.0,750,2,4.9,4425
15386,10.99,750.0,750,2,7.38,653
24876,21.99,750.0,750,2,13.15,9552
24881,13.99,750.0,750,2,8.21,9552
38406,23.99,750.0,750,2,15.68,1392
44450,169.99,750.0,750,2,112.58,2000
25017,11.99,750.0,750,2,8.16,4425
24884,21.99,750.0,750,2,13.33,9552
24991,58.99,750.0,750,2,40.4,4425
25016,24.99,750.0,750,2,17.0,4425
25018,29.99,750.0,750,2,20.68,4425
917,21.99,750.0,750,1,15.71,6213
6431,2.99,750.0,750,2,2.06,3252
5047,58.99,750.0,750,1,43.7,1650
6506,46.49,750.0,750,1,33.21,1650
14837,14.49,750.0,750,2,9.47,1650
20093,23.99,750.0,750,2,14.66,1650
21488,17.99,750.0,750,2,11.61,1650
24148,14.49,750.0,750,2,9.66,1650
24510,15.99,750.0,750,2,10.8,1650
24512,21.99,750.0,750,2,13.79,1650
24513,11.99,750.0,750,2,7.99,1650
24514,11.99,750.0,750,2,7.89,1650
24784,10.49,750.0,750,2,7.04,1650
36307,22.99,750.0,750,2,15.64,8112
24145,6.99,375.0,375,2,4.79,10754
27491,7.99,750.0,750,2,5.26,4848
20528,12.99,750.0,750,2,8.6,7153
20919,13.99,750.0,750,2,9.14,7153
24432,8.99,750.0,750,2,5.95,4425
25012,19.99,750.0,750,2,13.6,4425
46942,29.99,750.0,750,2,19.47,9552
24857,12.99,750.0,750,2,8.49,10754
24858,14.99,750.0,750,2,10.13,10754
45082,14.99,750.0,750,2,8.16,7153
40568,14.99,750.0,750,2,9.67,4425
24655,14.99,750.0,750,2,10.27,90010
20259,34.99,750.0,750,2,23.17,9552
25108,47.99,750.0,750,2,33.1,4425
35714,29.99,750.0,750,2,19.73,4425
20886,11.99,750.0,750,2,7.99,1590
19943,7.49,750.0,750,2,4.83,653
44992,119.99,750.0,750,2,67.56,1392
25007,54.99,750.0,750,2,36.18,4425
25008,29.99,750.0,750,2,19.47,4425
25009,79.99,750.0,750,2,52.62,4425
25011,38.99,750.0,750,2,25.48,4425
25707,35.99,750.0,750,2,23.22,4425
2103,21.99,750.0,750,1,14.95,4425
2593,34.99,750.0,750,1,23.61,5455
2655,34.99,750.0,750,1,21.89,5455
2684,59.99,750.0,750,1,38.12,6785
6042,13.99,750.0,750,1,7.51,9552
24939,18.99,750.0,750,2,13.01,90057
24937,17.49,750.0,750,2,11.43,90057
24938,15.99,750.0,750,2,10.59,90057
10589,3.99,750.0,750,2,2.66,1392
3681,29.99,750.0,750,1,23.07,10754
16355,159.99,750.0,750,2,103.89,4425
18431,44.99,750.0,750,2,29.03,6785
18432,169.99,750.0,750,2,113.33,6785
18433,94.99,750.0,750,2,62.91,6785
20200,62.99,750.0,750,2,42.56,90047
24923,134.99,1500.0,1500,2,89.4,90047
24924,79.99,750.0,750,2,53.68,90047
27160,67.99,750.0,750,2,44.15,4425
28316,7.99,1500.0,1500,2,5.26,3252
42871,16.99,375.0,375,2,11.48,4425
44040,6.49,750.0,750,2,4.48,3252
16932,625.99,3000.0,3000,2,417.33,4425
12768,9.99,750.0,750,2,6.62,4425
34501,9.99,750.0,750,2,6.89,9819
10864,85.99,750.0,750,2,59.3,90047
2704,0.99,50.0,50,1,0.78,1392
3757,28.99,1000.0,1000,1,21.63,3960
3987,12.99,750.0,750,1,8.65,3960
8606,0.99,50.0,50,1,0.73,3960
21857,49.99,750.0,750,2,27.58,2000
21858,49.99,750.0,750,2,25.97,2000
22292,19.99,750.0,750,2,13.24,4425
25159,11.99,750.0,750,2,7.89,10754
25160,11.99,750.0,750,2,7.79,10754
25161,11.99,750.0,750,2,7.89,10754
23246,15.99,750.0,750,2,10.66,8673
19537,14.99,750.0,750,2,10.13,90010
24734,14.99,750.0,750,2,10.34,90010
24178,109.99,750.0,750,2,74.82,2000
40560,12.99,750.0,750,2,7.09,653
20596,18.99,750.0,750,2,12.41,653
22786,28.99,750.0,750,2,19.72,4692
19176,9.99,1500.0,1500,2,6.66,8892
24929,23.99,0.0,750,2,11.84,10754
21975,12.99,750.0,750,2,8.49,9165
22045,11.99,750.0,750,2,7.94,1590
45521,20.99,750.0,750,2,13.81,12331
19703,4.49,750.0,750,2,2.93,4425
15347,7.89,300.0,300,2,5.23,9165
18855,6.29,750.0,750,2,4.14,3252
22336,54.99,750.0,750,2,36.18,4425
24993,18.99,750.0,750,2,12.92,4425
25004,21.99,750.0,750,2,14.56,4425
24261,33.99,750.0,750,2,21.93,4425
24965,34.99,750.0,750,2,24.13,4425
24992,54.99,750.0,750,2,36.18,4425
25003,47.99,750.0,750,2,32.65,4425
25105,46.99,750.0,750,2,30.32,4425
25122,17.99,750.0,750,2,12.16,4425
36045,7.99,750.0,750,2,5.15,9552
22750,14.99,5000.0,5000,2,10.2,9815
24685,12.99,375.0,375,2,8.49,10754
14833,17.99,750.0,750,2,12.07,1650
1722,449.99,1000.0,1000,1,351.55,1128
2106,129.99,750.0,750,1,93.52,3924
20592,15.99,750.0,750,2,9.93,653
3306,28.99,1750.0,1750,1,20.86,4550
3702,0.99,50.0,50,1,0.71,7153
4121,27.99,750.0,750,1,22.21,28776
34472,6.99,1500.0,1500,2,4.76,3252
23860,10.99,750.0,750,2,7.09,9815
6156,21.99,750.0,750,1,16.79,9552
38631,4.49,750.0,750,2,2.95,8673
1995,99.99,750.0,750,1,73.52,7245
16776,112.99,1500.0,1500,2,77.39,9165
16777,71.99,1500.0,1500,2,49.31,9165
22789,14.99,0.0,187,2,10.34,516
24260,52.99,750.0,750,2,36.54,4425
24262,62.99,750.0,750,2,42.56,4425
24994,25.99,750.0,750,2,17.44,4425
24998,18.99,375.0,375,2,11.1,4425
25006,14.99,750.0,750,2,10.34,4425
25104,46.99,750.0,750,2,30.91,4425
2969,1199.99,750.0,750,1,875.91,12546
23853,26.99,750.0,750,2,18.24,9165
23857,17.99,750.0,750,2,12.24,9165
24736,44.99,750.0,750,2,26.66,90010
37878,29.99,750.0,750,2,20.68,3252
10163,13.99,750.0,750,2,9.2,10754
19374,17.99,3000.0,3000,2,11.99,3252
25264,32.99,750.0,750,2,20.54,1601
2953,999.99,750.0,750,1,746.26,12546
25020,25.99,750.0,750,2,17.56,10754
2955,129.99,750.0,750,1,93.52,12546
2997,85.99,750.0,750,1,63.23,12546
5795,3399.99,750.0,750,1,2518.51,12546
24349,54.99,750.0,750,2,35.48,7153
2034,32.99,750.0,750,1,21.32,388
2670,74.99,750.0,750,1,55.14,9165
2808,34.99,750.0,750,1,23.61,5455
2841,34.99,750.0,750,1,25.73,9165
4723,0.99,50.0,50,1,0.77,7153
24786,245.99,750.0,750,2,159.73,4425
4760,17.99,750.0,750,1,13.17,7153
19749,6.29,750.0,750,2,4.14,4425
13249,11.99,750.0,750,2,7.89,90017
18083,8.99,1500.0,1500,2,6.16,3252
22042,6.99,750.0,750,2,4.57,3252
16791,39.99,750.0,750,2,26.31,3252
25279,124.99,750.0,750,2,80.64,1601
123,49.99,750.0,750,1,38.75,8004
158,79.99,750.0,750,1,62.01,8004
704,59.99,750.0,750,1,47.61,8004
1604,249.99,750.0,750,1,198.4,8004
36306,22.99,750.0,750,2,15.86,8112
20594,27.99,750.0,750,2,17.87,653
6015,27.99,750.0,750,1,16.42,4425
6021,27.99,750.0,750,1,16.54,4425
24151,10.99,750.0,750,2,7.33,9165
24429,11.99,750.0,750,2,8.1,9165
44943,15.99,750.0,750,2,10.45,4425
25285,18.99,750.0,750,2,12.49,9165
25286,18.99,750.0,750,2,12.83,9165
25186,12.99,750.0,750,2,8.66,4692
2118,199.99,750.0,750,1,151.51,2561
2693,13999.9,750.0,750,1,11111.03,11567
25184,24.99,750.0,750,2,17.23,4425
18609,37.99,750.0,750,2,24.51,9552
14209,23.99,750.0,750,2,15.58,4425
18212,25.99,750.0,750,2,17.44,4425
21363,19.99,750.0,750,2,13.42,4425
24999,24.99,750.0,750,2,17.23,4425
25106,36.99,750.0,750,2,24.34,4425
25130,29.99,750.0,750,2,20.68,4425
25154,24.99,750.0,750,2,17.0,4425
25183,38.99,750.0,750,2,25.15,4425
25190,35.99,750.0,750,2,23.52,10754
25287,29.99,750.0,750,2,19.35,9165
17508,8.49,750.0,750,2,5.59,4425
19795,13.99,750.0,750,2,9.52,7749
638,16.99,300.0,300,1,12.97,653
13647,49.99,750.0,750,2,32.67,90017
41417,15.99,300.0,300,2,10.38,653
20457,8.49,750.0,750,2,5.78,8892
2208,74.99,750.0,750,1,53.95,10754
24805,12.99,750.0,750,2,6.84,8892
1927,69.99,750.0,750,1,51.84,1128
2734,68.99,750.0,750,1,54.75,9165
2800,81.99,750.0,750,1,59.69,12546
3798,28.99,750.0,750,1,19.83,3960
5822,7.99,375.0,375,1,6.24,8004
8425,23.99,750.0,750,2,15.17,3960
8447,23.99,750.0,750,1,16.92,3960
34646,10.49,750.0,750,2,5.66,8112
20002,52.99,750.0,750,2,35.33,4425
22702,100.99,750.0,750,2,68.24,4425
23468,178.99,1500.0,1500,2,116.99,4425
24872,57.99,750.0,750,2,38.4,4425
25000,69.99,1500.0,1500,2,46.05,4425
25107,41.99,750.0,750,2,28.76,4425
25142,72.99,750.0,750,2,47.71,4425
25143,59.99,750.0,750,2,38.95,4425
25145,34.99,750.0,750,2,22.57,4425
4316,9.99,750.0,750,1,7.24,480
16774,24.99,750.0,750,2,16.89,9552
24623,89.99,750.0,750,2,60.8,9552
24970,8.99,750.0,750,2,6.16,2000
18797,12.49,750.0,750,2,8.06,4425
22927,13.99,750.0,750,2,9.65,90047
23361,19.99,750.0,750,2,13.69,90024
23520,14.99,750.0,750,2,10.2,9815
4545,13.99,750.0,750,1,10.21,8320
24853,18.99,750.0,750,2,13.01,3951
24856,29.99,750.0,750,2,20.68,3951
4423,4999.99,750.0,750,1,3649.63,11567
4834,18.99,750.0,750,1,14.07,6359
21505,13.99,750.0,750,2,9.33,10754
2810,59.99,750.0,750,1,43.74,653
2961,79.99,750.0,750,1,58.82,8004
2983,79.99,750.0,750,1,59.25,8004
42258,19.99,750.0,750,2,13.79,90011
20504,5.79,750.0,750,2,3.94,4425
1065,12.99,0.0,50,1,10.07,2555
3805,14.99,750.0,750,1,11.19,7245
2863,44.99,750.0,750,1,34.34,480
2916,63.99,750.0,750,1,47.05,480
2933,48.99,750.0,750,1,38.88,480
23406,17.99,3000.0,3000,2,11.91,3252
16530,15.99,750.0,750,2,10.73,10754
39308,12.99,750.0,750,2,8.49,1601
315,15.99,750.0,750,1,11.76,6213
10273,9.99,750.0,750,2,6.62,8892
24591,14.99,750.0,750,2,9.67,90024
15247,15.99,750.0,750,2,10.32,2000
24667,16.99,750.0,750,2,11.72,10754
437,49.99,750.0,750,1,37.87,8004
23961,54.99,750.0,750,2,36.66,10754
19736,11.99,750.0,750,2,7.84,9819
35759,54.99,750.0,750,2,35.71,10754
19555,35.99,750.0,750,2,23.83,10754
24798,12.99,750.0,750,2,8.38,10754
24799,12.99,750.0,750,2,8.55,10754
25429,21.99,750.0,750,2,14.19,9552
24650,111.99,750.0,750,2,77.23,17035
44781,9.99,500.0,500,2,6.66,90024
24975,17.99,750.0,750,2,11.76,4425
25204,24.99,750.0,750,2,17.0,6785
36386,14.99,750.0,750,2,8.6,17035
23028,5.49,0.0,187,2,3.73,3252
82,374.99,750.0,750,2,248.34,4425
20662,9.99,750.0,750,2,6.89,7153
20903,19.99,375.0,375,2,12.66,1587
23160,8.99,100.0,100,2,6.03,9552
24967,11.99,750.0,750,2,8.1,8892
25179,195.99,750.0,750,2,129.79,9552
25180,99.99,750.0,750,2,65.78,9552
25181,95.99,750.0,750,2,64.42,9552
25182,45.99,375.0,375,2,30.87,9552
25386,49.99,750.0,750,2,33.11,1601
36907,44.99,750.0,750,2,25.97,4425
46111,9.99,750.0,750,2,6.8,653
10398,34.99,750.0,750,2,22.87,8673
22057,26.99,750.0,750,2,17.41,4425
45234,90.99,750.0,750,2,59.86,10754
22058,95.99,750.0,750,2,64.86,4425
23592,114.99,750.0,750,2,75.16,4425
23445,13.99,750.0,750,2,9.52,1650
13539,13.99,750.0,750,2,8.55,90047
14797,19.99,750.0,750,2,13.33,6785
18722,13.99,750.0,750,2,9.2,653
20534,7.99,750.0,750,2,5.51,653
17093,13.99,750.0,750,2,9.2,653
20567,11.99,750.0,750,2,7.79,653
29202,5.49,750.0,750,2,3.59,1392
2083,39.99,750.0,750,1,31.49,17031
25187,12.99,750.0,750,2,7.53,9165
25188,10.99,750.0,750,2,6.16,9165
25789,11.99,750.0,750,2,6.89,9165
20532,12.99,750.0,750,2,8.72,653
22831,14.99,750.0,750,2,9.08,90047
4603,18.49,1750.0,1750,1,13.5,4380
21716,6.99,750.0,750,2,4.51,7153
22918,10.99,1500.0,1500,2,7.38,1590
21982,22.99,750.0,750,2,15.64,1587
25146,4.99,750.0,750,2,3.39,3252
25338,49.99,750.0,750,2,32.46,4425
25339,34.99,750.0,750,2,23.02,4425
25381,16.99,750.0,750,2,11.64,10754
25383,18.99,750.0,750,2,12.74,10754
24103,8.49,750.0,750,2,5.74,9552
19242,10.49,750.0,750,2,6.95,4425
20105,29.49,750.0,750,2,19.79,6280
2119,89.99,750.0,750,1,66.4,388
4401,39.99,750.0,750,1,29.19,9165
25281,18.99,500.0,500,2,12.92,4425
25282,18.99,500.0,500,2,12.49,4425
25416,39.99,750.0,750,2,27.2,10754
18660,14.99,750.0,750,2,10.34,10754
22363,5.99,750.0,750,2,3.56,3252
2781,59.99,750.0,750,1,44.11,9165
2790,32.99,750.0,750,1,24.44,9165
7241,34.99,750.0,750,2,20.68,388
7867,9.99,375.0,375,1,7.68,5270
7898,9.99,375.0,375,1,7.57,5270
25415,15.99,750.0,750,2,9.08,10754
25421,87.99,750.0,750,2,59.45,9744
25423,220.99,750.0,750,2,151.36,9744
24366,19.99,750.0,750,2,13.07,10754
3633,29.99,1750.0,1750,1,23.07,8664
13575,8.99,750.0,750,2,5.91,10754
46147,17.99,750.0,750,2,11.68,90011
3909,24.99,750.0,750,1,19.37,173357
25283,24.99,750.0,750,2,16.66,4425
36367,14.99,750.0,750,2,9.93,17033
25265,42.99,750.0,750,2,29.05,10754
25340,24.99,750.0,750,2,17.23,4425
13823,8.99,750.0,750,2,5.88,90047
44025,39.99,500.0,500,2,27.58,9744
11432,9.99,750.0,750,2,6.84,10754
23207,10.99,750.0,750,2,7.28,1590
25177,37.99,375.0,375,2,26.2,6280
42672,37.99,750.0,750,2,25.67,1590
24783,19.49,750.0,750,2,12.91,1650
25057,32.99,750.0,750,2,21.56,4692
25058,28.99,750.0,750,2,19.33,4692
25063,39.99,750.0,750,2,27.58,4692
25069,29.99,750.0,750,2,20.26,4692
25070,34.99,750.0,750,2,23.64,4692
25076,34.99,750.0,750,2,23.48,4692
25077,29.99,750.0,750,2,19.6,4692
25082,21.99,750.0,750,2,14.86,4692
25083,25.99,750.0,750,2,17.1,4692
25085,29.99,750.0,750,2,19.99,4692
25086,35.99,750.0,750,2,24.82,4692
25090,21.99,750.0,750,2,14.86,4692
2042,39.99,750.0,750,1,28.56,8892
20946,12.99,750.0,750,2,8.66,7153
2972,79.99,750.0,750,1,57.55,8004
25056,99.99,750.0,750,2,64.51,4692
25064,43.99,750.0,750,2,29.52,4692
25065,66.99,750.0,750,2,44.07,4692
25066,44.99,750.0,750,2,30.61,4692
25067,59.99,750.0,750,2,39.73,4692
25078,39.99,750.0,750,2,26.14,4692
25089,37.99,750.0,750,2,26.2,4692
23805,19.99,750.0,750,2,13.42,653
19942,7.99,750.0,750,2,5.47,653
25061,59.99,750.0,750,2,40.26,4692
13379,14.99,750.0,750,2,10.13,9552
25060,52.99,750.0,750,2,33.11,4692
25062,52.99,750.0,750,2,34.92,4692
25068,64.99,750.0,750,2,44.51,4692
38190,9.99,750.0,750,2,6.75,2000
25055,179.99,750.0,750,2,116.88,4692
25054,139.99,750.0,750,2,91.5,4692
3703,5.99,50.0,50,1,4.64,10754
3767,11.99,375.0,375,1,9.08,3960
6109,32.99,750.0,750,1,26.18,17035
901,5.99,375.0,375,2,3.92,10754
24552,12.99,750.0,750,2,6.7,2242
19959,18.99,750.0,750,2,12.58,10754
21041,15.99,750.0,750,2,10.27,7153
3761,47.99,1750.0,1750,1,34.28,3960
22103,14.99,750.0,750,2,9.73,7153
2818,32.99,750.0,750,1,25.57,9552
4377,12.99,750.0,750,1,9.99,12546
23359,49.99,750.0,750,2,33.78,2000
12039,11.99,750.0,750,2,8.27,9552
1173,45.99,1000.0,1000,1,36.5,1128
25129,12.99,750.0,750,2,8.9,653
25134,6.99,0.0,187,2,4.72,1392
3162,0.99,50.0,50,1,0.76,3924
3783,1.99,50.0,50,1,1.5,3960
5929,44.99,1750.0,1750,1,34.88,6213
25430,12.99,750.0,750,2,8.38,9622
13270,6.99,750.0,750,2,3.97,7153
6295,4.99,750.0,750,2,3.42,1392
23694,229.99,750.0,750,2,157.53,8112
19574,24.99,750.0,750,2,16.23,9552
24520,12.99,750.0,750,2,8.96,7255
25418,5.99,500.0,500,2,4.07,10754
33968,13.99,750.0,750,2,9.14,8673
23840,17.99,750.0,750,2,11.68,4425
11774,224.99,750.0,750,2,148.02,4425
11775,224.99,750.0,750,2,149.99,4425
11776,224.99,750.0,750,2,154.1,4425
21385,17.99,750.0,750,2,11.99,8673
24243,19.99,750.0,750,2,12.98,8673
31788,7.99,1500.0,1500,2,5.4,3252
4816,12.99,750.0,750,1,9.77,660
6505,10.99,750.0,750,1,7.96,10754
25341,279.99,750.0,750,2,185.42,4425
6395,4.99,750.0,750,2,3.28,1392
24101,7.99,750.0,750,2,5.36,9165
24369,11.99,750.0,750,2,8.21,4425
24379,12.99,750.0,750,2,8.78,9165
24631,24.99,750.0,750,2,16.77,4425
24686,7.99,750.0,750,2,5.51,9165
24936,14.99,750.0,750,2,9.67,4425
40825,8.99,750.0,750,2,6.07,6785
25015,29.99,750.0,750,2,20.4,4425
25137,17.99,750.0,750,2,12.24,4425
25139,19.99,750.0,750,2,13.6,4425
25140,24.99,750.0,750,2,16.55,4425
25203,12.99,750.0,750,2,8.9,4425
17439,4.79,750.0,750,2,3.26,5612
23644,6.99,750.0,750,2,4.63,9819
24521,11.99,750.0,750,2,7.79,7255
46373,16.99,5000.0,5000,2,11.64,3252
25463,227.99,20000.0,20000,2,155.1,90047
24439,17.99,750.0,750,2,12.41,653
25014,24.99,750.0,750,2,16.77,4425
25335,65.99,750.0,750,2,43.41,10754
41984,28.99,750.0,750,2,19.86,4425
295,19.99,750.0,750,1,15.62,8735
24878,40.99,750.0,750,2,28.08,10754
2895,49.99,750.0,750,1,37.03,3924
3598,13.99,750.0,750,1,10.21,8150
6254,21.99,750.0,750,1,16.41,10754
1676,149.99,750.0,750,1,109.48,11567
24622,69.99,1500.0,1500,2,48.27,9165
20659,19.99,750.0,750,2,12.98,17037
2612,89.99,750.0,750,1,71.99,9552
16644,8.99,750.0,750,2,5.88,7153
21039,12.99,750.0,750,2,8.49,7153
23894,9.99,750.0,750,2,6.66,4425
5408,11.49,750.0,750,1,8.84,6213
20842,8.49,750.0,750,2,5.74,7153
14964,8.99,750.0,750,2,6.16,2242
23209,19.99,750.0,750,2,13.33,1590
24511,21.99,750.0,750,2,14.86,1650
24684,22.99,750.0,750,2,15.53,2000
5736,19.99,750.0,750,1,14.7,4692
5970,28.99,750.0,750,1,21.8,9165
24963,21.99,750.0,750,2,15.17,4425
24964,39.99,750.0,750,2,26.14,4425
25353,13.99,750.0,750,2,9.58,9165
46372,16.99,5000.0,5000,2,11.33,3252
13418,7.29,750.0,750,2,4.99,90017
25800,23.99,750.0,750,2,16.43,1590
2484,50.99,750.0,750,1,36.95,90011
2572,50.99,750.0,750,1,36.42,90011
36351,13.99,1500.0,1500,2,9.65,1392
20529,11.99,750.0,750,2,8.21,7153
8385,3499.99,750.0,750,1,2713.17,3664
19818,26.99,750.0,750,2,18.61,4950
21699,3.49,750.0,750,2,2.39,10754
22768,23.99,750.0,750,2,15.99,8673
24411,39.99,750.0,750,2,27.02,7153
23210,11.99,750.0,750,2,8.1,1590
24202,172.99,750.0,750,2,113.07,4692
2109,89.99,750.0,750,1,64.74,3960
2294,104.99,750.0,750,1,82.67,8352
25461,149.99,750.0,750,2,96.77,4425
1982,21.99,375.0,375,1,15.82,1128
2230,49.99,750.0,750,1,37.59,9165
3288,22.99,1750.0,1750,1,16.66,1392
4621,15.99,375.0,375,1,11.1,8112
6879,0.99,50.0,50,1,0.74,9552
2096,99.99,750.0,750,1,78.12,2561
5370,349.99,750.0,750,1,255.47,9165
40220,7.99,750.0,750,2,5.51,7153
42741,13.99,750.0,750,2,9.08,9165
21226,3.99,750.0,750,2,2.64,3252
25158,16.99,750.0,750,2,10.06,10754
25157,16.99,750.0,750,2,10.27,10754
15367,26.99,750.0,750,2,17.87,9552
25162,49.99,750.0,750,2,32.89,10754
25156,49.99,750.0,750,2,32.89,10754
18645,35.99,750.0,750,2,23.99,4425
23798,19.99,750.0,750,2,10.38,653
23799,19.99,750.0,750,2,10.66,653
24777,14.99,750.0,750,2,8.66,653
7017,34.99,750.0,750,1,25.59,9552
16683,18.99,750.0,750,2,12.92,2000
13341,24.99,750.0,750,2,13.24,8892
13978,34.99,750.0,750,2,23.8,9165
14690,13.99,750.0,750,2,6.84,3252
23235,14.99,750.0,750,2,7.18,2000
23521,14.99,750.0,750,2,7.43,9815
23535,24.99,750.0,750,2,16.89,2000
23539,18.99,3000.0,3000,2,12.41,3252
24297,10.99,750.0,750,2,7.43,8673
24357,21.99,3000.0,3000,2,12.24,2242
24580,21.99,750.0,750,2,12.25,10754
24605,11.99,750.0,750,2,5.29,10754
24606,11.99,750.0,750,2,5.15,10754
24788,18.99,750.0,750,2,9.45,4425
24952,16.99,750.0,750,2,9.2,10754
25021,13.99,750.0,750,2,7.28,1392
25141,17.99,750.0,750,2,10.27,4425
21601,14.49,750.0,750,2,9.92,2000
16054,44.99,750.0,750,2,29.79,2000
5327,19.99,750.0,750,1,15.99,4692
18767,14.99,750.0,750,2,10.27,9165
16762,10.99,750.0,750,2,7.53,653
22703,34.99,750.0,750,2,23.33,4425
24886,10.99,750.0,750,2,7.53,9165
25206,89.99,750.0,750,2,60.8,4425
23921,29.99,750.0,750,2,19.6,9552
10009,5.99,750.0,750,2,4.13,9552
11437,15.99,750.0,750,2,10.73,4425
17998,10.49,750.0,750,2,6.99,5612
10591,29.99,750.0,750,2,18.61,4425
23795,19.99,750.0,750,2,10.8,653
23796,14.99,750.0,750,2,8.84,653
23801,19.99,750.0,750,2,10.66,653
24782,19.99,750.0,750,2,10.95,653
25462,32.99,750.0,750,2,20.77,4425
25467,24.99,750.0,750,2,17.23,4425
25512,45.99,750.0,750,2,30.87,4425
39765,49.99,750.0,750,2,33.78,9552
19925,11.99,750.0,750,2,8.21,653
14133,7.99,750.0,750,2,5.51,4425
4820,49.99,750.0,750,1,37.31,1128
24774,14.99,750.0,750,2,8.38,653
24775,14.99,750.0,750,2,8.9,653
24817,18.99,1500.0,1500,2,13.1,3252
42333,13.99,750.0,750,2,9.52,10754
16257,5.99,750.0,750,2,3.89,8892
20973,26.99,750.0,750,2,17.99,9552
2880,15.99,750.0,750,1,11.02,9625
16072,6.99,3000.0,3000,2,4.6,4425
7832,5.99,750.0,750,2,3.94,8892
14538,17.99,750.0,750,2,12.07,4425
17188,18.99,750.0,750,2,11.4,10754
18237,24.99,750.0,750,2,16.89,9744
25337,16.99,750.0,750,2,11.18,4425
25535,18.99,750.0,750,2,12.25,4425
46664,2.99,750.0,750,2,1.94,9815
21489,18.99,750.0,750,2,12.74,1650
34703,19.99,750.0,750,2,13.24,9165
2715,49.99,750.0,750,1,39.99,9165
25319,12.99,750.0,750,2,8.6,4425
25513,19.99,750.0,750,2,13.79,4425
25514,49.99,750.0,750,2,33.78,4425
25562,69.99,750.0,750,2,45.75,4425
25563,32.99,750.0,750,2,21.56,4425
6862,29.99,750.0,750,1,20.73,9552
25564,99.99,750.0,750,2,67.11,4425
25689,8.99,750.0,750,2,6.03,9552
25690,17.99,750.0,750,2,11.68,9552
25691,10.99,750.0,750,2,7.33,9552
24486,18.99,750.0,750,2,12.49,9552
18394,16.99,750.0,750,2,10.96,90047
23013,15.99,750.0,750,2,10.66,7153
25482,14.99,375.0,375,2,9.93,9552
25484,17.99,750.0,750,2,11.99,9552
25496,17.99,750.0,750,2,12.24,9552
25497,19.99,750.0,750,2,12.98,9552
8060,21.99,750.0,750,2,14.28,653
2471,23.99,750.0,750,1,18.74,11567
3186,12.99,750.0,750,1,9.99,3960
25200,12.99,750.0,750,2,8.78,10754
25260,7.99,750.0,750,2,5.19,10754
441,49.99,750.0,750,1,37.31,8004
25194,16.99,750.0,750,2,11.48,10754
25198,26.99,750.0,750,2,17.76,10754
25199,12.99,750.0,750,2,8.38,10754
25201,18.99,750.0,750,2,12.41,10754
25254,12.99,750.0,750,2,8.44,10754
25256,16.99,750.0,750,2,11.1,10754
25258,12.99,750.0,750,2,8.72,10754
25259,10.99,750.0,750,2,7.09,10754
25196,27.99,750.0,750,2,18.54,10754
25197,149.99,750.0,750,2,99.33,10754
25252,29.99,750.0,750,2,19.35,10754
25253,15.99,375.0,375,2,10.52,10754
25257,31.99,750.0,750,2,20.77,10754
25588,29.99,750.0,750,2,20.26,2000
24406,22.99,750.0,750,2,15.64,10754
2482,99.99,750.0,750,1,78.73,6213
23966,13.99,750.0,750,2,9.52,10754
10706,8.99,750.0,750,2,6.12,10754
4295,7.99,750.0,750,1,5.75,12546
290,49.99,750.0,750,1,39.05,17035
42436,3.99,750.0,750,2,2.62,1003
2039,48.99,750.0,750,1,38.88,1128
2885,61.99,750.0,750,1,46.61,9165
2887,61.99,750.0,750,1,46.26,9165
4361,57.99,750.0,750,1,43.28,1392
7195,45.99,750.0,750,1,34.84,1128
25195,109.99,750.0,750,2,71.42,10754
12268,7.99,750.0,750,2,5.22,1590
13867,13.99,750.0,750,2,8.66,4425
12388,29.99,750.0,750,2,19.35,9165
24378,9.99,750.0,750,2,6.84,9165
24665,27.99,750.0,750,2,19.3,4692
24666,7.99,750.0,750,2,5.19,4692
24768,15.99,750.0,750,2,10.95,10754
24717,11.99,750.0,750,2,7.94,90024
25120,14.99,750.0,750,2,9.73,90024
25376,38.99,750.0,750,2,25.32,9165
25411,38.99,750.0,750,2,26.17,9165
25465,59.99,750.0,750,2,39.99,9815
16961,65.99,750.0,750,2,38.7,9165
21367,29.99,750.0,750,2,20.4,10000
24109,49.99,750.0,750,2,34.24,9819
24897,27.99,750.0,750,2,18.91,9165
18589,19.99,750.0,750,2,13.15,9552
22048,54.99,750.0,750,2,35.94,9552
24422,174.99,750.0,750,2,117.44,4425
24670,69.99,750.0,750,2,47.61,9552
25458,22.99,750.0,750,2,15.03,4425
45840,24.99,750.0,750,2,16.33,17037
16646,36.99,750.0,750,2,24.18,9165
23425,64.99,750.0,750,2,43.91,9552
24691,59.99,750.0,750,2,39.47,9552
24825,79.99,750.0,750,2,54.05,9552
25459,32.99,750.0,750,2,21.42,4425
6365,10.99,750.0,750,2,7.43,9165
17706,8.99,750.0,750,2,6.12,9552
17018,9.99,750.0,750,2,6.84,10754
18338,13.99,750.0,750,2,9.39,90047
45293,6.99,750.0,750,2,4.69,2000
25539,10.49,750.0,750,2,7.09,653
24001,16.99,750.0,750,2,11.64,10754
25728,56.99,750.0,750,2,37.49,4425
25729,29.99,750.0,750,2,19.35,4425
18450,12.99,750.0,750,2,8.72,9815
19228,21.99,750.0,750,2,14.37,2000
24664,9.99,750.0,750,2,6.62,4692
24868,10.99,750.0,750,2,7.48,9744
26826,11.99,750.0,750,2,7.74,9744
14190,8.99,750.0,750,2,6.16,7153
18384,9.99,750.0,750,2,6.66,7153
23982,15.99,750.0,750,2,10.45,4950
35855,7.49,750.0,750,2,5.17,2000
8699,6.99,1500.0,1500,2,4.63,3252
23934,17.99,750.0,750,2,11.91,90024
25426,19.99,750.0,750,2,13.33,9744
24496,103.99,750.0,750,2,70.74,9165
25609,23.99,750.0,750,2,16.43,9165
1864,39.99,750.0,750,1,30.76,660
17325,19.99,750.0,750,2,13.69,4425
17326,24.99,750.0,750,2,16.89,4425
19369,21.99,750.0,750,2,14.28,9744
20743,25.99,750.0,750,2,16.88,9744
22294,24.99,750.0,750,2,17.23,4425
23157,25.99,375.0,375,2,17.21,9552
25427,41.99,750.0,750,2,27.62,9744
8580,15.99,750.0,750,1,12.59,4692
25741,39.99,500.0,500,2,25.8,9165
25428,27.99,750.0,750,2,19.3,9744
21250,14.99,750.0,750,2,9.73,4425
8535,4.99,375.0,375,1,3.7,8352
8828,16.99,750.0,750,1,12.4,3924
24826,199.99,750.0,750,2,133.33,9165
10642,28.99,750.0,750,2,19.86,2000
21634,44.99,1500.0,1500,2,30.4,1392
23015,24.99,750.0,750,2,16.89,7153
24404,11.99,750.0,750,2,7.89,9165
24819,74.99,750.0,750,2,48.38,3252
24827,399.99,1500.0,1500,2,270.26,9165
25602,189.99,750.0,750,2,123.37,4425
25604,94.99,750.0,750,2,62.49,4425
32669,15.99,750.0,750,2,10.8,8673
25727,174.99,750.0,750,2,115.12,4425
23061,19.99,750.0,750,2,13.42,90047
2037,0.99,50.0,50,1,0.73,12546
2847,39.99,750.0,750,1,28.56,8352
6232,139.99,750.0,750,1,105.26,17035
25652,10.99,750.0,750,2,7.38,10754
25653,29.99,750.0,750,2,19.73,10754
15319,11.99,750.0,750,2,7.89,8892
12816,65.99,750.0,750,2,44.59,17037
18597,37.99,750.0,750,2,24.67,4425
24883,17.99,750.0,750,2,12.41,9552
24860,54.99,750.0,750,2,35.48,9552
21584,28.99,750.0,750,2,19.07,7153
24928,8.99,750.0,750,2,6.16,10754
16199,16.99,750.0,750,2,10.96,9552
23498,10.99,750.0,750,2,7.58,7255
17675,6.29,750.0,750,2,4.14,5612
3949,7499.99,750.0,750,1,5681.81,9165
11149,17.99,750.0,750,2,11.76,8892
15424,16.99,750.0,750,2,11.48,4425
21178,13.99,750.0,750,2,9.03,4425
22421,12.99,750.0,750,2,8.72,9744
24139,16.99,750.0,750,2,11.4,1392
24396,188.99,750.0,750,2,124.34,9744
25210,21.99,750.0,750,2,14.28,9552
25216,14.99,750.0,750,2,9.67,9552
25236,17.99,750.0,750,2,12.24,90047
25527,149.99,750.0,750,2,101.34,9165
25544,11.99,750.0,750,2,7.94,9552
25584,29.99,750.0,750,2,19.99,9165
25594,24.99,750.0,750,2,16.12,2000
25640,17.99,750.0,750,2,12.16,4425
40667,12.99,1500.0,1500,2,8.6,516
1120,15.99,750.0,750,1,12.49,653
22433,75.99,750.0,750,2,49.99,9744
26663,19.99,750.0,750,2,13.15,9815
407,49.99,750.0,750,1,39.36,8004
15425,21.99,750.0,750,2,14.37,9165
24065,10.99,1500.0,1500,2,7.53,7153
24066,10.99,1500.0,1500,2,7.18,7153
25748,21.99,750.0,750,2,14.47,10754
25749,18.99,750.0,750,2,12.74,10754
44221,15.99,750.0,750,2,10.88,90011
19739,11.99,750.0,750,2,7.99,9819
25528,119.99,750.0,750,2,79.46,9165
25445,19.99,750.0,750,2,13.51,7153
16894,119.99,750.0,750,2,82.75,9552
27907,39.99,750.0,750,2,26.31,1128
25537,16.99,750.0,750,2,11.4,17037
4215,25.99,750.0,750,1,19.4,172662
18599,17.99,750.0,750,2,12.16,4425
2872,31.99,750.0,750,1,23.87,172662
3632,28.49,750.0,750,1,21.58,172662
24751,15.99,750.0,750,2,10.73,2000
13344,5.29,1500.0,1500,2,3.57,8673
24222,14.99,750.0,750,2,9.67,9552
1210,34.99,750.0,750,1,27.34,8004
2680,59.99,750.0,750,1,43.79,9206
2720,11.99,1750.0,1750,1,9.52,9552
2729,24.99,750.0,750,1,19.99,9206
7680,24.99,750.0,750,1,19.68,3252
23215,16.99,750.0,750,2,11.18,9552
43785,36.99,750.0,750,2,24.34,8112
189,7.49,1000.0,1000,1,5.76,12546
5954,3.99,200.0,200,1,2.96,8004
17671,6.79,750.0,750,2,4.44,5612
42971,14.99,750.0,750,2,9.73,10754
14493,9.29,750.0,750,2,6.41,9552
23832,8.99,375.0,375,2,5.91,7153
22419,43.49,750.0,750,2,29.59,9165
13990,12.99,750.0,750,2,8.44,7153
16425,7.99,750.0,750,2,5.36,4425
20551,16.99,750.0,750,2,11.64,10754
7375,5.99,750.0,750,2,3.97,516
15902,92.99,750.0,750,2,62.41,10754
3828,5.99,750.0,750,1,4.75,3960
10937,89.99,750.0,750,2,61.64,9552
17864,11.99,750.0,750,2,7.89,9165
17869,11.99,750.0,750,2,8.1,7153
20527,9.99,750.0,750,2,6.89,7153
22500,19.99,750.0,750,2,13.69,653
23484,13.99,750.0,750,2,9.45,1650
29207,8.49,1500.0,1500,2,5.78,1392
2423,12.99,1000.0,1000,2,8.49,1128
25801,27.99,750.0,750,2,18.79,1590
13494,29.99,750.0,750,2,20.68,653
22581,6.99,750.0,750,2,4.63,9552
503,19.49,1000.0,1000,1,13.92,7245
13942,37.99,750.0,750,2,25.5,4425
9359,249.99,750.0,750,1,179.85,9165
16525,8.49,750.0,750,2,5.48,10754
22067,21.99,750.0,750,2,14.56,4692
22091,8.79,750.0,750,2,5.98,5612
20537,8.99,750.0,750,2,5.8,5612
40338,25.99,750.0,750,2,17.44,8112
13592,13.99,750.0,750,2,9.39,90047
24627,16.99,750.0,750,2,11.18,6280
7700,11.99,1000.0,1000,1,9.22,1128
13145,21.99,750.0,750,2,14.56,2000
14124,11.99,750.0,750,2,8.05,8673
15001,9.99,750.0,750,2,6.75,10754
16557,29.99,750.0,750,2,19.99,9552
17621,8.79,1500.0,1500,2,6.06,5612
17887,3.79,750.0,750,2,2.56,5612
21213,12.99,750.0,750,2,8.49,90024
25001,55.99,750.0,750,2,37.08,7153
25091,31.99,750.0,750,2,22.06,4692
11373,7.99,750.0,750,2,5.15,1392
13826,5.49,0.0,187,2,3.68,2000
17218,8.99,375.0,375,2,6.12,9552
18556,13.99,750.0,750,2,9.65,7153
21499,6.99,750.0,750,2,4.6,5612
33264,25.99,750.0,750,2,17.56,9744
43429,9.99,750.0,750,2,6.66,6785
11216,11.99,750.0,750,2,8.16,4425
15133,9.99,750.0,750,2,6.45,6785
18536,66.99,750.0,750,2,44.66,90010
20234,36.99,750.0,750,2,25.16,5612
22038,24.99,750.0,750,2,16.89,9165
23791,6.99,750.0,750,2,4.69,7255
24643,5.99,180.0,180,2,4.05,9165
24913,22.99,750.0,750,2,15.75,7153
39650,19.99,3000.0,3000,2,13.07,1392
16311,44.99,750.0,750,2,29.79,90047
25449,349.99,1500.0,1500,2,231.78,4692
23663,12.99,750.0,750,2,8.49,4425
20165,18.99,750.0,750,2,12.25,653
25288,79.99,750.0,750,2,52.62,9165
3732,15.99,1750.0,1750,1,11.93,12546
3737,15.99,1750.0,1750,1,12.4,12546
14207,13.99,750.0,750,2,9.45,4425
23471,3.29,750.0,750,2,2.12,9815
34746,11.99,750.0,750,2,7.74,1392
18236,75.99,750.0,750,2,51.69,9744
25630,40.99,750.0,750,2,26.17,9744
23843,72.99,750.0,750,2,48.02,90047
6445,10.99,750.0,750,2,7.58,3924
25163,4.99,750.0,750,2,3.24,4425
37046,14.99,750.0,750,2,9.93,10754
24792,22.99,750.0,750,2,15.43,10754
25731,22.99,750.0,750,2,15.86,4425
25732,33.99,750.0,750,2,23.44,4425
25733,46.99,750.0,750,2,30.32,4425
1919,29.99,750.0,750,1,23.99,3664
2059,37.99,750.0,750,1,24.08,653
2876,39.49,750.0,750,1,24.44,6785
14415,7.99,750.0,750,2,5.4,4425
19636,11.99,750.0,750,2,7.99,9819
24663,15.99,750.0,750,2,10.95,4692
24933,39.99,750.0,750,2,25.97,4425
15470,22.99,750.0,750,2,15.33,8664
25211,12.99,750.0,750,2,8.49,1590
22207,15.99,750.0,750,2,10.73,10754
714,5.99,1000.0,1000,1,4.31,9552
22765,65.99,750.0,750,2,40.81,2000
45061,15.99,750.0,750,2,10.8,2000
24791,22.99,750.0,750,2,15.53,10754
23939,10.99,750.0,750,2,7.43,653
12273,12.99,1500.0,1500,2,8.66,9819
24298,11.99,330.0,330,2,7.89,9260
24987,39.99,750.0,750,2,25.97,9552
22970,17.99,750.0,750,2,11.68,9552
23810,29.99,750.0,750,2,19.99,17037
24694,12.99,750.0,750,2,8.96,2876
24754,13.99,750.0,750,2,9.45,9165
22402,28.99,750.0,750,2,19.33,516
42437,8.99,1500.0,1500,2,6.16,1003
2618,98.99,750.0,750,1,78.56,8112
2796,59.99,750.0,750,1,47.99,9165
21003,13.99,750.0,750,2,9.2,10754
23265,39.99,750.0,750,2,26.84,9165
24353,16.99,750.0,750,2,11.48,2242
24368,18.99,375.0,375,2,12.49,90047
23182,24.99,750.0,750,2,15.03,1392
38088,49.99,750.0,750,2,33.33,2000
11928,29.99,750.0,750,2,20.4,90011
21418,17.99,750.0,750,2,11.84,9552
22474,12.99,750.0,750,2,8.72,2000
23018,10.99,750.0,750,2,7.28,9165
23117,6.99,750.0,750,2,4.82,2000
25628,18.99,750.0,750,2,11.1,9744
31086,14.99,750.0,750,2,9.93,9552
25730,29.99,750.0,750,2,19.35,4425
16661,59.99,750.0,750,2,38.95,9165
21775,10.99,750.0,750,2,7.18,1392
12506,36.99,750.0,750,2,25.51,7153
18786,18.99,750.0,750,2,12.83,9552
20119,16.99,750.0,750,2,11.18,653
20700,13.99,750.0,750,2,9.03,4425
22178,189.99,750.0,750,2,124.99,7153
24895,45.99,750.0,750,2,30.26,9165
25212,15.99,750.0,750,2,10.66,9552
25293,19.99,750.0,750,2,12.9,4692
25360,79.99,1500.0,1500,2,52.97,7153
27758,13.99,750.0,750,2,9.14,4425
41220,51.99,750.0,750,2,35.86,2000
42581,19.99,750.0,750,2,13.15,10754
12518,11.99,750.0,750,2,7.79,9165
22664,27.99,750.0,750,2,17.21,8735
16461,13.99,750.0,750,2,9.26,9552
25641,39.99,750.0,750,2,26.14,4692
23043,8.99,750.0,750,2,5.95,7153
24596,21.99,750.0,750,2,14.86,2000
25585,30.99,750.0,750,2,21.08,9165
42097,8.49,750.0,750,2,7.68,9552
22420,24.99,750.0,750,2,16.23,9165
24752,8.99,750.0,750,2,5.95,9165
23891,13.99,750.0,750,2,9.33,10754
23466,15.99,750.0,750,2,10.8,90011
24776,25.99,750.0,750,2,17.92,653
25414,10.99,750.0,750,2,7.53,2000
41079,49.99,750.0,750,2,33.78,9552
26398,5.99,750.0,750,2,3.94,9815
20715,45.99,375.0,375,2,30.26,653
25866,16.99,750.0,750,2,11.48,10754
15222,28.99,750.0,750,2,19.2,9165
24295,13.99,750.0,750,2,7.38,8673
25351,13.99,750.0,750,2,9.58,9165
25597,19.99,750.0,750,2,13.79,4425
19722,69.99,750.0,750,2,45.45,4692
18084,5.99,750.0,750,2,4.02,3252
24818,29.99,750.0,750,2,20.68,3252
3416,14.99,750.0,750,1,10.78,10754
21359,16.99,750.0,750,2,11.33,9552
24885,13.99,750.0,750,2,9.45,9552
18948,37.99,750.0,750,2,24.83,4425
25867,18.99,750.0,750,2,12.41,10754
22238,13.99,750.0,750,2,9.33,7153
5825,7.99,750.0,750,1,6.34,8352
15506,169.99,750.0,750,2,110.38,90047
22169,22.99,375.0,375,2,15.53,10754
34893,8.99,375.0,375,2,5.8,516
16556,25.99,750.0,750,2,16.88,90047
25118,14.99,750.0,750,2,10.27,90024
36373,14.99,750.0,750,2,10.06,6785
29648,13.99,750.0,750,2,9.08,9552
6084,19.99,750.0,750,1,15.26,9165
4542,57.99,750.0,750,1,42.02,4425
24465,19.99,750.0,750,2,13.42,7153
24944,17.99,750.0,750,2,12.32,7153
23036,8.99,750.0,750,2,6.62,17035
23060,29.99,750.0,750,2,19.99,90047
15639,12.99,750.0,750,2,8.96,10754
4058,15.99,1000.0,1000,1,11.84,480
25705,19.49,750.0,750,2,13.44,9165
20402,8.99,750.0,750,2,6.2,7255
24841,7.99,750.0,750,2,5.47,7255
8019,9.99,1000.0,1000,1,7.19,6213
16987,6.79,750.0,750,2,4.68,516
3375,15.99,750.0,750,1,12.59,11567
3386,0.99,50.0,50,1,0.75,11567
3419,29.99,750.0,750,1,22.72,9552
3829,14.99,750.0,750,1,11.1,7245
10578,12.99,750.0,750,2,8.72,7153
25706,6.99,750.0,750,2,4.76,4425
24980,23.99,3000.0,3000,2,16.32,9165
18684,134.49,3000.0,3000,2,90.87,1392
24896,44.99,750.0,750,2,30.61,9165
16532,11.99,750.0,750,2,7.89,10754
25499,49.99,750.0,750,2,33.78,10000
25500,27.99,750.0,750,2,18.54,10000
2888,99.99,750.0,750,1,76.92,4425
24712,18.99,750.0,750,2,12.25,90024
17084,23.99,750.0,750,2,15.89,4425
25526,18.99,750.0,750,2,13.1,9165
15478,18.99,750.0,750,2,12.49,9552
24253,17.99,5000.0,5000,2,12.16,9815
23470,10.99,750.0,750,2,7.43,9815
24977,65.99,750.0,750,2,45.51,9165
25222,13.99,750.0,750,2,9.03,4425
28275,5.99,750.0,750,2,4.02,3252
23874,59.99,750.0,750,2,38.95,8112
16148,13.99,750.0,750,2,9.45,6785
15737,9.99,750.0,750,2,6.49,90047
35104,32.99,750.0,750,2,22.44,10000
25888,37.99,750.0,750,2,26.02,4425
17941,2.99,750.0,750,2,2.01,1590
37651,4.99,750.0,750,2,3.3,9815
25909,184.99,750.0,750,2,127.58,4425
16166,5.99,750.0,750,2,4.05,8892
336,32.99,750.0,750,1,26.39,6213
2616,21.99,750.0,750,1,14.95,653
930,1.49,50.0,50,1,1.14,1485
25333,8.99,750.0,750,2,5.8,10754
42438,3.99,750.0,750,2,2.68,1003
16256,7.99,750.0,750,2,5.44,4425
15091,25.99,750.0,750,2,17.92,4425
26935,14.99,750.0,750,2,9.8,2000
15569,7.99,750.0,750,2,5.22,7153
3387,39.99,750.0,750,1,30.76,2000
3394,39.99,750.0,750,1,28.98,9165
3398,62.99,750.0,750,1,44.99,9165
3417,24.99,750.0,750,1,19.83,9165
2102,32.99,750.0,750,1,25.57,9552
13779,9.99,750.0,750,2,6.49,516
19452,8.99,750.0,750,2,5.99,10754
22030,13.99,750.0,750,2,9.08,4425
23886,9.99,750.0,750,2,6.45,10754
24697,9.99,750.0,750,2,6.7,9552
24953,10.99,750.0,750,2,7.09,9815
25520,10.99,750.0,750,2,7.23,1392
25618,34.99,750.0,750,2,23.8,3252
25625,14.99,750.0,750,2,10.13,4425
25650,9.99,750.0,750,2,6.49,10754
25656,9.99,750.0,750,2,6.75,8673
25710,10.99,750.0,750,2,7.58,3252
25739,7.99,750.0,750,2,5.51,9165
24035,3.49,187.0,187,2,2.33,9744
3140,14.99,1750.0,1750,1,11.19,4466
43916,11.99,750.0,750,2,7.74,9552
2716,69.99,750.0,750,1,50.72,7245
24925,18.99,750.0,750,2,12.58,7153
29181,13.99,750.0,750,2,9.52,9552
1047,45.99,750.0,750,1,35.38,480
20891,2.99,750.0,750,2,1.98,1590
17368,45.99,750.0,750,2,29.67,9165
21156,13.99,750.0,750,2,9.65,90024
24935,14.99,750.0,750,2,9.93,4425
24995,7.99,750.0,750,2,5.47,4425
19465,6.99,750.0,750,2,4.72,2000
25138,19.99,750.0,750,2,13.79,4425
25504,10.99,750.0,750,2,7.38,4425
25515,7.99,750.0,750,2,5.47,10754
25540,13.99,750.0,750,2,9.45,653
24566,9.99,750.0,750,2,6.49,6785
46308,8.99,750.0,750,2,5.88,2242
25147,12.99,750.0,750,2,8.6,90024
25565,4.99,500.0,500,2,3.42,1392
5016,58.99,750.0,750,1,45.03,1650
18239,77.99,750.0,750,2,50.32,9744
20918,18.99,750.0,750,2,13.1,7153
24985,8.99,750.0,750,2,6.16,7153
27251,7.99,750.0,750,2,5.44,7153
21528,16.99,750.0,750,2,11.48,653
13443,13.99,750.0,750,2,9.65,10754
18127,24.99,750.0,750,2,16.77,90010
25502,24.99,750.0,750,2,17.0,4425
25688,41.99,750.0,750,2,27.99,90010
46146,9.99,1500.0,1500,2,6.66,3252
33076,16.99,1500.0,1500,2,11.33,4425
24198,18.99,750.0,750,2,12.74,2000
1342,99.99,750.0,750,1,75.75,9165
12089,38.99,750.0,750,2,25.48,8673
25226,42.99,750.0,750,2,28.66,4425
25905,18.99,750.0,750,2,13.01,4425
25113,36.99,750.0,750,2,25.34,9552
23933,32.99,750.0,750,2,22.14,90024
3129,11.99,1000.0,1000,1,8.82,9206
24491,41.99,750.0,750,2,27.99,9552
25868,19.99,750.0,750,2,13.79,10754
26006,49.99,750.0,750,2,29.99,9552
16880,19.99,750.0,750,2,13.51,90037
3908,24.99,750.0,750,1,19.83,9165
25478,17.99,750.0,750,2,12.16,1650
50354,45.99,750.0,750,2,30.06,10754
90590,19.95,0.0,Unknown,2,13.12,4425
5837,7.99,750.0,750,1,6.24,12546
32782,13.99,750.0,750,2,7.79,2000
21158,16.99,750.0,750,2,10.96,90024
24710,19.99,750.0,750,2,13.42,90024
24800,15.99,750.0,750,2,10.32,10754
25524,19.99,750.0,750,2,13.24,2242
955,5.99,1000.0,1000,1,4.44,9552
12561,29.99,750.0,750,2,19.73,7153
20345,11.99,750.0,750,2,8.21,653
43452,16.99,3000.0,3000,2,10.96,9815
25519,13.99,750.0,750,2,9.58,1392
25228,28.99,750.0,750,2,18.7,90047
25229,28.99,750.0,750,2,19.59,90047
25778,36.99,750.0,750,2,24.18,4425
1249,27.99,1750.0,1750,1,20.28,12546
2871,41.99,750.0,750,1,33.59,1128
3546,21.99,750.0,750,1,16.92,1655
3891,22.99,750.0,750,1,18.1,8112
6717,21.99,750.0,750,1,16.53,4380
25561,10.49,750.0,750,2,7.14,9552
25863,23.99,750.0,750,2,15.48,4425
22065,21.99,750.0,750,2,14.96,4692
44455,13.49,375.0,375,2,8.88,4425
18771,17.99,750.0,750,2,12.16,4425
2547,6.99,50.0,50,1,5.18,10754
3542,21.99,750.0,750,1,17.59,1655
25334,9.99,750.0,750,2,6.84,10754
20170,12.99,750.0,750,2,8.66,7153
23519,14.99,750.0,750,2,9.86,9815
25112,14.99,750.0,750,2,10.06,9552
25555,39.99,750.0,750,2,27.39,9165
25354,19.99,750.0,750,2,13.51,9165
25958,7.99,750.0,750,2,5.4,3252
26012,24.99,750.0,750,2,17.23,9552
26020,18.99,750.0,750,2,12.41,10754
26021,19.99,750.0,750,2,13.07,10754
23887,13.99,750.0,750,2,9.03,10754
28776,10.99,1500.0,1500,2,7.38,2000
46118,17.99,720.0,720,2,11.84,653
17464,11.99,750.0,750,2,7.89,12331
45329,14.99,750.0,750,2,10.34,12331
2977,21.99,750.0,750,1,17.18,8004
18978,9.99,750.0,750,2,6.75,9819
34539,24.99,375.0,375,2,17.23,4425
11801,10.99,750.0,750,2,7.28,90047
25262,14.99,750.0,750,2,10.27,7153
19192,14.99,750.0,750,2,9.67,90047
19364,16.99,750.0,750,2,11.72,9744
24241,17.99,750.0,750,2,11.61,8673
24535,11.99,750.0,750,2,7.74,653
24951,16.99,750.0,750,2,11.03,10754
25521,19.99,750.0,750,2,12.9,2242
25797,57.99,750.0,750,2,37.9,17035
25827,12.99,750.0,750,2,8.72,9552
25877,14.99,750.0,750,2,9.67,1392
25900,12.99,750.0,750,2,8.49,9165
25904,7.99,750.0,750,2,5.22,4425
25936,12.99,750.0,750,2,8.78,6785
25937,14.99,1500.0,1500,2,10.34,6785
25964,27.99,750.0,750,2,18.29,4425
38668,19.99,750.0,750,2,12.98,17035
16864,7.29,750.0,750,2,4.7,90017
4206,49.99,750.0,750,1,39.05,653
365,7.99,200.0,200,1,6.15,3960
744,7.99,200.0,200,1,6.24,3960
20765,29.99,750.0,750,2,19.47,90017
24132,5.99,750.0,750,2,4.07,8892
29847,11.99,750.0,750,2,8.1,8892
90604,119.99,750.0,750,2,78.42,1703
21743,8.99,750.0,750,2,5.88,4425
26239,18.99,750.0,750,2,12.58,4425
3134,99.99,750.0,750,1,73.52,1485
26242,12.99,750.0,750,2,8.84,4425
26281,29.99,750.0,750,2,20.26,4425
20950,18.49,750.0,750,2,12.58,90017
25776,38.99,750.0,750,2,26.17,4425
22811,4.99,750.0,750,2,3.33,1392
2911,109.99,750.0,750,1,82.08,8112
25542,19.99,750.0,750,2,13.51,653
25785,16.99,750.0,750,2,11.56,653
38966,14.99,750.0,750,2,9.73,653
25596,19.99,750.0,750,2,13.33,4425
2191,19.99,375.0,375,1,14.7,172662
2265,28.99,750.0,750,1,21.47,172662
46774,17.99,750.0,750,2,11.91,1590
26351,11.99,1500.0,1500,2,7.74,516
2464,18.99,1750.0,1750,1,11.1,12546
3252,12.99,750.0,750,1,8.02,3960
3342,27.99,750.0,750,1,21.53,1189
3372,12.99,750.0,750,1,7.85,3960
26240,11.99,750.0,750,2,8.1,4425
26243,12.99,750.0,750,2,8.55,4425
3413,274.99,750.0,750,1,202.2,9165
11336,11.99,750.0,750,2,5.95,9165
2347,67.99,750.0,750,1,51.51,9165
2552,42.99,750.0,750,1,32.08,9165
6390,39.99,750.0,750,1,31.74,6785
12113,7.99,750.0,750,2,5.29,4425
19393,12.99,750.0,750,2,8.78,4425
25124,10.99,750.0,750,2,7.14,4692
25511,17.99,750.0,750,2,12.16,4425
25510,18.99,750.0,750,2,13.01,4425
20703,19.99,750.0,750,2,13.42,4425
26028,19.99,750.0,750,2,13.07,10754
25605,34.99,750.0,750,2,24.13,4425
25886,34.99,750.0,750,2,24.13,4425
26049,14.99,750.0,750,2,9.8,9552
26050,8.99,750.0,750,2,5.91,9552
26051,14.99,750.0,750,2,9.8,9552
1650,64.99,750.0,750,1,49.99,9552
1626,45.99,750.0,750,1,35.65,9552
43545,7.99,1500.0,1500,2,5.4,3252
26186,11.99,750.0,750,2,7.79,9165
26187,14.99,750.0,750,2,10.06,9165
26088,54.99,750.0,750,2,34.01,1392
17275,7.49,750.0,750,2,4.99,4425
8692,74.99,750.0,750,1,53.95,480
6646,18.99,750.0,750,1,13.56,9552
25289,6.99,750.0,750,2,4.66,9165
25290,9.99,750.0,750,2,6.89,9165
25291,17.99,750.0,750,2,12.41,9165
25292,11.99,750.0,750,2,8.05,9165
26460,34.99,750.0,750,2,23.33,10754
26461,22.99,750.0,750,2,15.12,10754
26464,18.99,750.0,750,2,12.33,10754
25503,24.99,750.0,750,2,16.33,4425
17931,13.99,750.0,750,2,9.58,9552
26419,3.49,187.0,187,2,2.41,6785
2414,39.99,750.0,750,1,30.3,9165
2079,49.99,750.0,750,1,39.99,1128
3298,29.99,750.0,750,1,22.89,1189
4276,30.99,1750.0,1750,1,23.84,1485
5152,22.99,750.0,750,1,18.1,9165
8190,15.99,750.0,750,1,12.3,7245
928,27.99,750.0,750,1,20.14,7245
8453,2.79,50.0,50,1,2.11,7245
8484,2.79,50.0,50,1,2.16,7245
15136,15.99,750.0,750,2,10.95,9552
44272,15.79,750.0,750,2,10.67,9165
20568,19.99,750.0,750,2,13.6,4950
3378,58.99,750.0,750,1,44.69,9165
16955,11.99,750.0,750,2,7.09,90011
26382,16.99,750.0,750,2,11.48,10754
15860,19.99,750.0,750,2,6.12,10754
25637,39.99,750.0,750,2,26.14,10754
25638,32.99,750.0,750,2,21.56,10754
26335,29.99,750.0,750,2,19.86,4425
13179,13.99,750.0,750,2,9.03,90011
26356,10.99,750.0,750,2,7.43,10754
16359,5.99,750.0,750,2,4.02,4692
3666,24.99,375.0,375,1,18.79,173357
22327,22.99,750.0,750,2,14.83,1392
10319,3.79,750.0,750,2,2.45,3252
26078,23.99,750.0,750,2,16.21,4425
26348,69.99,750.0,750,2,47.29,4425
2220,18.99,375.0,375,1,13.86,1273
15976,17.49,750.0,750,2,11.58,90047
25448,109.99,750.0,750,2,70.96,4692
26352,13.99,750.0,750,2,9.65,10754
395,45.99,1000.0,1000,1,33.82,1128
17637,13.49,750.0,750,2,8.7,5612
17897,13.99,750.0,750,2,9.45,90011
24090,32.99,750.0,750,2,21.85,90010
24548,20.99,750.0,750,2,14.38,90010
5018,0.99,50.0,50,1,0.76,3252
2157,14.99,1750.0,1750,1,11.02,8004
2196,13.99,1750.0,1750,1,10.6,8004
7130,22.99,1750.0,1750,1,17.68,3960
7143,22.99,1750.0,1750,1,18.25,3960
8642,15.99,1750.0,1750,1,12.49,7245
8712,19.99,1750.0,1750,1,15.74,7245
10259,19.99,750.0,750,2,13.42,1650
26089,16.99,750.0,750,2,11.18,1650
26090,19.99,750.0,750,2,13.51,1650
2446,39.99,750.0,750,1,25.17,653
3047,27.99,750.0,750,1,20.73,1189
692,9.99,750.0,750,1,7.24,9552
14835,14.49,750.0,750,2,9.72,1650
12621,11.99,750.0,750,2,7.79,90024
3759,44.99,1000.0,1000,1,34.61,17035
2255,39.99,1750.0,1750,1,30.76,3960
2327,22.99,0.0,750,1,17.55,3960
25553,71.99,750.0,750,2,47.05,10754
25833,11.99,750.0,750,2,8.05,7153
25841,12.99,750.0,750,2,8.84,7153
25843,14.99,750.0,750,2,10.13,7153
25844,17.99,750.0,750,2,11.99,7153
2454,59.99,750.0,750,1,45.79,3960
25220,14.99,750.0,750,2,10.13,9552
26349,69.99,750.0,750,2,45.45,4425
2025,18.99,750.0,750,1,13.56,9165
2198,38.99,750.0,750,1,28.67,17035
2844,35.99,750.0,750,1,26.08,10754
3346,32.99,750.0,750,1,25.57,9165
3455,19.99,750.0,750,1,14.38,8664
3979,20.99,1750.0,1750,1,16.27,60
4126,24.99,750.0,750,1,18.37,9165
4366,19.99,750.0,750,1,14.81,7245
5102,24.99,750.0,750,1,19.22,9165
7077,0.99,50.0,50,1,0.74,3960
15833,15.99,750.0,750,2,11.03,10754
1828,29.99,1000.0,1000,1,22.05,1128
5005,44.99,1000.0,1000,1,33.57,1128
8459,15.99,750.0,750,1,12.79,7153
8483,32.99,750.0,750,1,26.18,7153
8489,58.99,750.0,750,1,43.7,7153
27900,7.99,1500.0,1500,2,5.51,9815
24518,17.99,750.0,750,2,12.16,9165
1905,16.99,750.0,750,1,12.77,6359
1575,16.99,750.0,750,1,12.97,5992
1620,46.99,750.0,750,1,35.87,8112
1704,24.99,750.0,750,1,19.22,2555
1989,34.99,750.0,750,1,25.36,3960
3996,17.99,750.0,750,1,13.73,3924
17948,16.99,750.0,750,2,10.96,10754
18736,16.99,750.0,750,2,11.64,10754
26592,19.99,750.0,750,2,13.07,9552
1498,99.99,0.0,200,1,79.36,1485
21422,21.99,3000.0,3000,2,15.06,9552
25352,13.99,750.0,750,2,9.39,9165
25678,15.99,750.0,750,2,10.59,4425
25723,7.99,750.0,750,2,5.44,3252
25725,7.99,750.0,750,2,5.4,3252
25857,17.99,750.0,750,2,12.41,4425
25875,14.99,750.0,750,2,9.67,1392
25876,14.99,750.0,750,2,9.86,1392
25988,15.99,750.0,750,2,10.52,4692
26299,10.99,750.0,750,2,7.14,9552
26317,21.99,3000.0,3000,2,15.17,10754
26443,16.99,750.0,750,2,11.25,9552
3142,0.99,50.0,50,1,0.74,3960
3210,0.99,50.0,50,1,0.79,3960
25119,14.99,750.0,750,2,10.13,90024
25317,49.99,750.0,750,2,32.67,10754
25431,10.99,750.0,750,2,7.09,9622
25432,11.49,750.0,750,2,7.92,9622
8793,18.99,1750.0,1750,1,15.07,1655
13525,53.99,750.0,750,2,36.98,9819
26353,12.99,750.0,750,2,8.96,10754
2782,49.99,750.0,750,1,39.05,3960
26374,62.99,750.0,750,2,43.44,4425
26377,36.99,750.0,750,2,24.83,4425
26380,31.99,750.0,750,2,20.77,4425
1523,199.99,750.0,750,1,149.25,8112
26328,27.99,750.0,750,2,19.04,4425
26329,38.99,750.0,750,2,25.65,4425
26376,41.99,750.0,750,2,28.56,4425
26378,17.99,750.0,750,2,12.24,4425
26379,45.99,750.0,750,2,30.66,4425
26381,28.99,750.0,750,2,19.59,4425
14344,11.99,750.0,750,2,8.21,7153
24887,9.99,750.0,750,2,6.8,9165
24996,9.99,750.0,750,2,6.84,4425
26359,3.99,375.0,375,2,2.73,4425
19464,6.99,750.0,750,2,4.72,2000
21791,9.99,750.0,750,2,6.84,4425
25327,29.99,750.0,750,2,19.6,9552
90609,24.99,162.5,162.5,2,17.0,2
21835,13.99,750.0,750,2,9.2,9819
25506,7.99,750.0,750,2,5.22,4425
25538,11.99,750.0,750,2,8.27,9819
26331,18.99,750.0,750,2,12.41,4425
25071,52.99,750.0,750,2,36.05,4692
26224,59.99,750.0,750,2,40.26,2000
16688,9.49,750.0,750,2,6.16,4425
4606,139.99,750.0,750,1,102.93,9552
26026,28.99,750.0,750,2,18.82,10754
3574,1.99,50.0,50,1,0.77,8664
5357,34.99,1000.0,1000,1,25.36,11567
26025,15.99,750.0,750,2,10.66,10754
16153,12.49,750.0,750,2,8.55,8673
26024,35.99,750.0,750,2,23.99,10754
23442,20.99,750.0,750,2,14.28,1650
46817,19.99,750.0,750,2,12.9,7153
25701,43.99,750.0,750,2,29.52,9165
5858,1.99,50.0,50,1,1.58,6359
5893,1.99,50.0,50,1,1.53,6359
5903,1.99,50.0,50,1,1.59,6359
19204,3.29,750.0,750,2,2.22,9815
26290,14.99,750.0,750,2,8.78,90024
26288,18.99,750.0,750,2,10.8,90024
20176,25.99,750.0,750,2,17.92,10754
21392,11.99,750.0,750,2,8.27,10754
4585,14.99,1000.0,1000,1,11.36,11567
28567,8.99,750.0,750,2,6.2,8320
43799,7.79,750.0,750,2,5.09,516
1484,60.99,1750.0,1750,1,46.82,12546
2048,34.99,750.0,750,1,22.21,653
2444,34.99,750.0,750,1,22.55,4425
2652,44.99,750.0,750,1,32.55,4425
2925,29.99,750.0,750,1,22.21,4425
2984,39.99,750.0,750,1,27.81,4425
3660,27.99,1750.0,1750,1,21.05,3924
3806,12.99,750.0,750,1,9.69,1392
3875,12.99,750.0,750,1,10.31,1392
4254,29.99,375.0,375,1,23.43,7239
5696,12.99,375.0,375,1,8.39,12546
5730,1.99,50.0,50,1,1.55,6213
2529,29.99,750.0,750,1,23.25,105
22592,24.99,750.0,750,2,16.89,90024
26839,9.99,750.0,750,2,6.53,10754
14212,13.99,750.0,750,2,9.58,653
4620,29.99,750.0,750,1,21.42,9165
44109,8.99,0.0,187,2,6.2,6785
12333,78.99,750.0,750,2,53.01,4425
19148,14.99,750.0,750,2,8.96,9552
17860,33.99,750.0,750,2,21.93,4425
1383,12.99,750.0,750,1,8.02,3960
3905,24.99,1750.0,1750,1,19.22,3924
26336,5.49,187.0,187,2,3.61,4425
26058,14.99,750.0,750,2,9.93,9819
26485,11.99,750.0,750,2,8.27,9165
25724,9.49,750.0,750,2,6.41,3252
19271,81.99,750.0,750,2,53.59,8112
41862,5.99,750.0,750,2,4.1,1392
11395,22.99,750.0,750,2,15.64,4425
16726,12.99,300.0,300,2,8.78,9165
16830,13.99,750.0,750,2,9.65,516
20990,13.99,750.0,750,2,9.52,9165
23211,11.99,750.0,750,2,8.27,1392
25700,59.99,750.0,750,2,40.26,4692
25807,59.99,750.0,750,2,39.21,9165
26491,12.99,750.0,750,2,8.78,9165
25554,13.99,750.0,750,2,9.14,9165
25790,11.99,750.0,750,2,7.89,9815
20987,12.99,750.0,750,2,8.84,9165
22472,22.99,750.0,750,2,15.03,8664
23916,15.99,750.0,750,2,10.45,9165
25268,12.99,750.0,750,2,8.44,516
24714,11.99,750.0,750,2,8.27,90024
26344,16.99,750.0,750,2,11.33,9165
1605,31.99,1000.0,1000,1,24.61,1128
25606,18.99,750.0,750,2,12.33,9165
25607,54.99,750.0,750,2,35.71,9165
14626,6.99,1500.0,1500,2,4.63,3252
25493,15.99,750.0,750,2,10.59,3951
26445,12.99,750.0,750,2,8.6,653
23175,55.99,750.0,750,2,36.84,4692
2009,36.99,750.0,750,1,27.6,9165
2864,34.99,750.0,750,1,27.34,9165
3634,29.99,750.0,750,1,23.99,9165
3988,29.99,750.0,750,1,21.58,9165
1297,1.99,50.0,50,1,1.59,12546
23134,21.99,1000.0,1000,2,14.76,9165
4876,15.99,750.0,750,1,11.93,11567
5133,12.99,750.0,750,1,7.14,3252
21307,14.99,750.0,750,2,10.34,9815
26339,12.99,750.0,750,2,8.44,9552
26355,12.99,750.0,750,2,8.78,10754
11176,5.99,750.0,750,2,4.05,8892
17094,10.99,750.0,750,2,7.18,8892
40455,7.99,750.0,750,2,5.22,4425
26354,12.99,750.0,750,2,8.78,10754
26538,17.99,750.0,750,2,11.68,17033
1489,59.99,750.0,750,1,47.99,3960
1532,22.99,750.0,750,1,17.03,3960
15167,13.99,750.0,750,2,9.58,9165
20988,12.99,750.0,750,2,8.78,9165
24753,13.99,750.0,750,2,7.58,9165
25702,18.99,750.0,750,2,12.92,9165
25809,45.99,750.0,750,2,31.07,9165
38312,14.99,750.0,750,2,9.67,9165
25753,7.99,0.0,250,2,5.33,3252
25754,7.99,0.0,250,2,5.19,3252
8279,24.99,375.0,375,1,18.65,7153
8308,24.99,375.0,375,1,19.22,7153
15526,8.99,750.0,750,2,6.12,6785
44174,37.99,750.0,750,2,25.5,4425
26670,21.99,750.0,750,2,14.19,9552
2167,34.49,750.0,750,1,25.55,2000
4344,14.99,1750.0,1750,1,10.71,660
14099,5.99,750.0,750,2,3.99,4425
26586,44.99,750.0,750,2,29.21,4425
24251,7.99,0.0,250,2,5.4,3252
2695,14.99,750.0,750,1,11.1,8352
2708,14.99,750.0,750,1,10.71,8352
5798,19.99,1750.0,1750,1,15.87,7245
5820,15.99,750.0,750,1,11.93,8004
7393,15.99,750.0,750,1,12.21,660
2259,29.99,750.0,750,1,22.89,4425
25758,16.49,750.0,750,2,10.64,17037
44325,52.49,750.0,750,2,34.08,17037
17463,9.99,750.0,750,2,6.7,12331
580,69.99,1000.0,1000,1,52.62,8112
324,21.99,750.0,750,1,16.29,653
14360,8.99,750.0,750,2,5.8,7153
24218,17.99,750.0,750,2,11.91,90047
1176,1999.99,750.0,750,1,1574.8,3960
1185,119.99,750.0,750,1,91.6,3960
1193,799.99,750.0,750,1,592.59,3960
1217,449.99,750.0,750,1,346.15,3960
1245,399.99,750.0,750,1,319.99,3960
1251,3699.99,750.0,750,1,2661.86,3960
1263,1199.99,750.0,750,1,916.02,3960
26168,16.99,750.0,750,2,11.25,9552
23204,17.99,750.0,750,2,11.68,9552
26223,109.99,750.0,750,2,71.89,2000
13172,5.29,1500.0,1500,2,3.65,8673
8058,31.99,750.0,750,1,23.01,653
17759,15.99,750.0,750,2,11.03,653
418,49.99,750.0,750,2,33.11,17033
25726,15.49,0.0,187,2,10.47,3252
25761,10.99,750.0,750,2,7.58,2000
2040,29.99,750.0,750,1,23.25,9552
2525,17.99,750.0,750,1,12.94,9625
3635,15.99,750.0,750,1,9.41,3252
3983,29.99,750.0,750,1,23.43,4425
4053,17.99,750.0,750,1,14.39,9625
4092,13.99,750.0,750,1,11.19,480
4102,13.99,750.0,750,1,10.93,480
4244,12.99,1750.0,1750,1,9.84,480
26484,10.99,750.0,750,2,7.43,9165
26437,18.99,750.0,750,2,13.1,10754
18437,99.99,750.0,750,2,65.35,10754
24934,14.99,750.0,750,2,10.27,4425
25634,7.79,750.0,750,2,5.37,5612
4329,64.99,750.0,750,1,51.58,1128
26539,21.99,750.0,750,2,15.06,2000
18762,39.99,750.0,750,2,27.39,2000
3369,0.99,50.0,50,1,0.71,8664
16957,11.99,750.0,750,2,8.84,90011
21376,14.99,750.0,750,2,9.86,90011
25794,11.99,750.0,750,2,7.89,90011
43127,11.99,750.0,750,2,7.89,90011
16238,13.99,750.0,750,2,9.45,9165
28148,15.99,750.0,750,2,10.45,2000
1779,64.99,750.0,750,1,46.76,3960
14316,18.99,750.0,750,2,12.49,653
14708,12.99,750.0,750,2,8.49,9815
23138,11.99,750.0,750,2,7.43,90037
24332,11.99,750.0,750,2,7.79,90024
25791,14.99,750.0,750,2,9.33,90011
25770,199.99,6000.0,6000,2,131.57,1392
24479,1.79,187.0,187,2,1.15,2000
21371,10.99,750.0,750,2,7.09,7153
34193,21.99,750.0,750,2,14.96,7153
16817,14.99,750.0,750,2,7.33,8673
44718,9.99,375.0,375,2,6.62,8112
10463,9.99,750.0,750,2,6.84,7153
17493,13.99,750.0,750,2,8.38,9552
26085,18.99,750.0,750,2,12.92,4425
27333,5.99,750.0,750,2,4.02,1392
22889,35.99,750.0,750,2,24.32,4425
25658,17.99,750.0,750,2,11.91,9552
20758,13.99,750.0,750,2,9.26,2000
26052,13.99,750.0,750,2,9.39,9552
25545,29.99,750.0,750,2,19.47,90017
20595,17.99,750.0,750,2,11.76,653
22823,53.99,750.0,750,2,31.07,9552
38191,16.99,750.0,750,2,11.72,2000
16934,13.99,750.0,750,2,9.39,9552
18874,8.99,750.0,750,2,4.05,17035
19720,3.79,750.0,750,2,2.53,9815
21394,36.49,500.0,500,2,24.01,653
22640,39.99,750.0,750,2,26.31,4425
25027,88.99,3000.0,3000,2,61.37,10000
25250,13.99,750.0,750,2,9.33,5612
25275,11.99,750.0,750,2,8.1,9552
16210,27.99,750.0,750,2,19.04,90024
22967,21.99,750.0,750,2,14.28,9552
25273,14.99,750.0,750,2,10.13,9552
20265,74.99,750.0,750,2,49.01,4692
35795,12.99,750.0,750,2,8.38,4425
43350,9.99,750.0,750,2,6.53,7153
21100,13.99,750.0,750,2,9.39,653
25202,11.99,750.0,750,2,8.16,1590
25295,9.99,750.0,750,2,6.89,1587
25589,9.99,750.0,750,2,6.62,2000
25590,8.99,750.0,750,2,5.91,2000
21101,17.99,750.0,750,2,12.24,653
25509,7.99,750.0,750,2,5.33,4425
25560,8.49,750.0,750,2,5.86,9552
25568,7.99,750.0,750,2,5.19,9552
25570,6.99,750.0,750,2,4.72,9552
25577,13.99,750.0,750,2,9.45,9552
26160,21.99,750.0,750,2,14.56,9552
26534,8.99,750.0,750,2,6.2,4848
26535,8.99,750.0,750,2,6.12,4848
10991,12.99,750.0,750,2,6.75,9552
12339,15.99,750.0,750,2,9.58,9552
18427,22.99,750.0,750,2,11.76,4425
22039,17.99,750.0,750,2,10.52,3252
25109,13.99,750.0,750,2,6.8,7153
25517,17.99,750.0,750,2,9.86,9552
25740,21.99,750.0,750,2,12.41,9165
25853,16.99,750.0,750,2,11.4,2000
26098,24.99,750.0,750,2,12.98,9552
26175,14.99,750.0,750,2,7.58,1392
26318,21.99,3000.0,3000,2,11.61,10754
26330,31.99,750.0,750,2,16.66,4425
26754,26.99,750.0,750,2,17.12,9744
21180,31.99,750.0,750,2,21.61,9165
26357,9.99,750.0,750,2,6.7,3252
22595,10.99,1500.0,1500,2,7.48,2000
2907,34.99,375.0,375,1,27.55,4425
21628,11.99,750.0,750,2,7.84,4950
26499,17.99,750.0,750,2,12.24,4425
26403,14.99,750.0,750,2,9.86,1392
23491,346.99,20000.0,20000,2,204.6,90047
26623,9.99,750.0,750,2,6.53,1650
26624,11.49,750.0,750,2,7.66,1650
26434,22.99,750.0,750,2,15.75,4425
26492,29.99,750.0,750,2,20.13,4425
26503,35.99,750.0,750,2,24.65,4425
26707,24.99,750.0,750,2,16.12,6785
26710,13.99,750.0,750,2,9.26,6785
26768,49.99,750.0,750,2,33.78,4425
26769,49.99,750.0,750,2,33.11,4425
26804,39.99,750.0,750,2,27.58,10754
4375,16.99,750.0,750,1,12.97,3960
26420,24.99,750.0,750,2,16.89,4425
26421,20.99,750.0,750,2,13.81,4425
26423,18.99,750.0,750,2,12.83,4425
26495,18.99,750.0,750,2,13.01,4425
26496,43.99,750.0,750,2,29.72,4425
26498,82.99,750.0,750,2,54.6,4425
26709,8.99,750.0,750,2,6.16,6785
26169,13.99,750.0,750,2,9.33,9552
26493,12.99,750.0,750,2,8.96,4425
26500,47.99,750.0,750,2,31.16,4425
26705,47.99,750.0,750,2,31.57,6785
26706,24.99,750.0,750,2,16.12,6785
26802,52.99,750.0,750,2,36.54,10754
26803,68.99,750.0,750,2,46.93,10754
26422,128.99,500.0,500,2,86.57,4425
26439,59.99,1500.0,1500,2,38.7,4425
1730,29.99,750.0,750,2,19.73,9165
2177,0.99,50.0,50,1,0.72,8004
2251,0.99,50.0,50,1,0.79,8004
5003,0.99,50.0,50,1,0.78,9165
25842,14.99,750.0,750,2,9.86,7153
90631,18.99,400.0,400,2,12.74,9165
5992,34.99,750.0,750,1,26.51,10754
24866,17.99,750.0,750,2,9.79,8673
21698,7.99,750.0,750,2,5.22,10754
25148,17.99,750.0,750,2,12.07,90024
1079,22.99,750.0,750,1,18.39,8004
924,2.29,750.0,750,2,1.51,8320
9104,25.99,750.0,750,1,19.11,6830
16887,13.99,750.0,750,2,9.65,4692
42794,18.49,750.0,750,2,12.75,90017
14883,14.99,750.0,750,2,10.13,90024
8084,36.99,750.0,750,1,27.0,17035
21229,6.49,0.0,187,2,4.33,3252
39414,9.99,750.0,750,2,6.75,3252
1714,27.99,375.0,375,1,22.04,28750
1906,25.99,750.0,750,1,19.69,1128
2870,109.99,750.0,750,1,85.26,8112
3265,0.49,50.0,50,1,0.36,8004
3904,0.99,50.0,50,1,0.71,1392
3023,36.99,750.0,750,1,27.81,9165
17265,6.99,750.0,750,2,4.57,8320
38112,5.99,750.0,750,2,4.13,10754
18553,14.99,750.0,750,2,10.2,8892
43668,49.99,750.0,750,2,33.78,10754
26142,35.99,750.0,750,2,23.37,7153
26145,14.99,750.0,750,2,10.2,7153
2192,49.99,0.0,375,1,37.31,1273
3880,15.99,750.0,750,1,11.76,5992
7272,17.99,750.0,750,1,14.28,3924
2299,0.99,50.0,50,1,0.79,9165
9160,0.99,50.0,50,1,0.72,3924
19790,8.99,750.0,750,2,6.03,1392
18686,18.99,750.0,750,2,13.1,10754
26010,31.99,750.0,750,2,21.76,9552
13446,12.99,375.0,375,2,8.55,10000
40258,9.99,375.0,375,2,6.53,10000
26069,15.99,750.0,750,2,10.59,516
18775,11.99,750.0,750,2,3.97,1590
3289,59.99,750.0,750,1,46.5,9165
1655,198.99,750.0,750,1,159.19,10754
2568,64.99,750.0,750,1,46.76,3960
26571,39.99,750.0,750,2,25.97,9165
23364,17.99,750.0,750,2,11.61,90024
1494,85.99,750.0,750,1,66.15,12546
25736,7.99,750.0,750,2,5.47,9165
25750,7.99,750.0,750,2,5.51,9165
25810,8.99,750.0,750,2,6.2,9165
26450,11.99,750.0,750,2,7.79,9165
25697,69.99,750.0,750,2,48.27,9165
16609,12.99,750.0,750,2,8.9,653
2354,99.99,750.0,750,1,77.51,3960
24678,14.99,750.0,750,2,9.8,4425
25737,17.99,750.0,750,2,12.07,9165
25747,7.49,750.0,750,2,5.06,90017
25811,16.99,750.0,750,2,11.1,9165
25812,15.99,750.0,750,2,10.95,9165
25813,11.99,750.0,750,2,8.27,9165
25814,11.99,750.0,750,2,7.89,9165
25818,9.99,750.0,750,2,6.66,9165
25893,10.99,750.0,750,2,7.14,9165
25895,13.99,750.0,750,2,9.39,9165
25896,15.99,750.0,750,2,10.66,9165
3212,99.99,1750.0,1750,1,75.75,9165
25738,37.99,750.0,750,2,24.99,9165
25815,12.99,750.0,750,2,8.78,9165
25816,9.99,750.0,750,2,6.84,9165
25819,10.99,750.0,750,2,7.14,9165
25820,11.99,750.0,750,2,8.05,9165
25894,8.99,750.0,750,2,6.16,9165
26017,9.99,750.0,750,2,6.84,9165
26766,29.99,750.0,750,2,19.73,4425
26870,59.99,750.0,750,2,38.95,4425
26872,14.99,750.0,750,2,9.93,4425
13338,13.99,750.0,750,2,9.33,9165
13339,13.99,750.0,750,2,9.03,9165
2173,19.99,750.0,750,1,15.38,12546
2564,61.99,750.0,750,1,47.68,12546
4582,39.99,750.0,750,1,29.19,9552
4692,15.99,750.0,750,1,12.3,8320
6560,18.99,750.0,750,1,13.76,8150
7070,12.99,750.0,750,1,9.35,12546
1832,128.99,750.0,750,1,94.15,12546
25997,3.49,750.0,750,2,2.3,9815
14420,7.99,1500.0,1500,2,5.15,3252
561,31.99,750.0,750,1,25.39,9552
1993,22.99,375.0,375,1,17.16,12546
3676,39.99,750.0,750,1,31.0,10754
8048,27.99,750.0,750,1,20.73,10754
8259,2.49,50.0,50,1,1.82,12546
24104,8.49,750.0,750,2,5.82,9552
2641,49.99,750.0,750,1,37.59,1128
552,8.99,1000.0,1000,1,6.42,8004
41133,11.99,750.0,750,2,7.74,653
21491,14.99,750.0,750,2,10.2,1650
26093,25.99,750.0,750,2,16.88,1650
26625,15.99,750.0,750,2,11.03,1650
26626,15.99,750.0,750,2,10.88,1650
26627,15.99,750.0,750,2,10.66,1650
26877,18.99,750.0,750,2,12.83,1650
12258,10.99,1500.0,1500,2,7.53,1392
26061,12.99,750.0,750,2,8.9,9552
6038,24.99,750.0,750,1,19.08,9165
6043,24.99,750.0,750,1,18.24,9165
22974,11.99,750.0,750,2,7.94,9165
25608,18.99,750.0,750,2,12.74,9165
15647,11.99,750.0,750,2,8.21,90024
24573,10.99,750.0,750,2,7.23,7153
15677,11.99,750.0,750,2,7.94,653
24227,10.99,750.0,750,2,7.58,10754
4505,17.99,1000.0,1000,1,12.94,1128
18158,10.99,750.0,750,2,7.28,653
25870,7.49,750.0,750,2,4.72,1587
23862,13.99,750.0,750,2,9.45,9815
19767,9.99,750.0,750,2,6.53,9552
45920,14.99,1500.0,1500,2,10.13,4425
1766,0.99,50.0,50,1,0.73,2496
4111,0.99,50.0,50,1,0.79,9625
4125,0.99,50.0,50,1,0.74,9625
4257,0.99,50.0,50,1,0.77,480
4298,0.99,50.0,50,1,0.74,480
7363,19.99,5000.0,5000,1,14.38,9165
7383,19.99,5000.0,5000,1,14.7,9165
23362,18.99,750.0,750,2,13.1,90024
23936,14.99,750.0,750,2,9.86,90024
25302,16.99,750.0,750,2,11.1,90024
26298,12.99,750.0,750,2,8.6,90024
33425,4.39,750.0,750,2,2.99,9165
14988,21.99,750.0,750,2,14.19,9552
26713,15.49,750.0,750,2,9.99,17037
25390,15.99,750.0,750,2,10.38,10754
1887,9.99,1000.0,1000,1,7.24,8004
43791,10.99,750.0,750,2,4.73,10754
206,17.99,1000.0,1000,1,12.94,7245
371,9.99,1000.0,1000,1,7.4,3960
630,14.99,1000.0,1000,1,11.62,12546
2038,34.99,1000.0,1000,1,27.34,3960
8930,15.99,1000.0,1000,1,12.02,8004
288,34.99,750.0,750,1,26.31,4425
3128,5.99,50.0,50,1,4.64,9165
40331,10.49,750.0,750,2,6.77,8112
25692,10.49,750.0,750,2,6.95,9165
25693,16.49,750.0,750,2,10.99,9165
25757,17.49,750.0,750,2,11.36,9165
17929,8.99,750.0,750,2,6.07,9552
717,999.99,750.0,750,1,781.24,3664
26198,17.99,750.0,750,2,11.76,7153
26199,17.99,750.0,750,2,11.99,7153
11240,13.99,750.0,750,2,9.58,2000
19847,16.99,750.0,750,2,11.1,10754
22274,19.99,750.0,750,2,12.9,8892
22995,12.99,750.0,750,2,8.84,10754
25645,14.99,750.0,750,2,9.93,9744
25887,16.99,750.0,750,2,11.18,8892
26066,12.99,750.0,750,2,8.66,516
26166,18.99,750.0,750,2,13.1,2242
26672,17.99,750.0,750,2,12.24,9552
26684,12.99,750.0,750,2,8.96,1392
26774,13.99,750.0,750,2,9.26,9744
25989,13.99,750.0,750,2,9.45,9165
25990,11.99,750.0,750,2,8.1,9165
26860,16.99,750.0,750,2,11.64,9552
26861,39.99,750.0,750,2,26.48,9552
26865,14.99,750.0,750,2,10.34,4425
26764,58.99,750.0,750,2,39.33,4425
26767,44.99,750.0,750,2,29.03,4425
26844,18.99,375.0,375,2,12.92,4425
26866,17.99,750.0,750,2,12.16,4425
26867,29.99,750.0,750,2,20.68,4425
26868,59.99,750.0,750,2,39.99,4425
26871,17.99,750.0,750,2,11.76,4425
40575,29.99,750.0,750,2,20.68,4692
2051,54.99,750.0,750,1,42.63,9165
2160,69.99,750.0,750,1,50.35,9165
2495,58.99,750.0,750,1,47.19,1703
4256,29.99,750.0,750,1,22.38,1703
4884,19.99,750.0,750,1,15.5,1703
4904,19.99,750.0,750,1,15.38,1703
6346,19.99,750.0,750,1,14.49,1703
8015,19.99,750.0,750,1,14.81,1703
8108,54.99,750.0,750,1,41.98,1703
8238,35.99,750.0,750,1,28.56,1703
8284,41.99,750.0,750,1,31.57,1703
8505,34.99,750.0,750,1,26.71,1703
46117,8.99,300.0,300,2,6.03,653
26583,185.99,750.0,750,2,128.27,10754
25771,14.99,750.0,750,2,10.06,2000
26473,21.99,750.0,750,2,14.86,4425
26479,29.99,750.0,750,2,20.4,4425
26869,105.99,750.0,750,2,71.13,4425
13060,82.99,750.0,750,2,53.89,4425
25892,10.99,0.0,250,2,7.23,4950
18261,7.99,750.0,750,2,5.51,7153
43027,14.99,750.0,750,2,10.2,9552
20459,6.99,750.0,750,2,4.82,2000
25587,7.99,750.0,750,2,5.44,2000
25387,9.99,750.0,750,2,6.7,10754
25505,9.99,750.0,750,2,6.62,4425
25572,14.99,750.0,750,2,9.67,9552
26016,13.99,750.0,750,2,9.45,4425
26781,16.99,750.0,750,2,11.64,4425
26347,13.99,750.0,750,2,9.65,8892
2216,8.99,1000.0,1000,1,6.42,17035
25901,9.99,0.0,187,2,6.45,9815
26762,14.49,750.0,750,2,9.72,4425
39932,4.99,375.0,375,2,3.33,6785
26837,11.99,750.0,750,2,8.05,9552
6738,0.99,50.0,50,1,0.78,4380
25694,9.99,750.0,750,2,6.75,9165
25837,18.99,750.0,750,2,12.58,7153
746,5.99,1000.0,1000,1,4.61,9552
26003,17.99,750.0,750,2,11.61,4425
27053,9.99,750.0,750,2,6.57,10754
26835,17.99,750.0,750,2,11.61,9552
26836,21.99,750.0,750,2,14.28,9552
13321,4.99,750.0,750,2,3.26,4425
23890,13.99,750.0,750,2,9.14,10754
23084,8.99,750.0,750,2,6.2,7255
2540,22.49,750.0,750,1,17.04,9206
131,15.99,750.0,750,2,10.32,4425
156,19.99,200.0,200,1,15.5,4425
169,16.99,1100.0,1100,1,13.17,9165
275,19.99,200.0,200,1,15.38,4425
286,34.99,750.0,750,1,25.92,4425
287,34.99,750.0,750,1,24.99,4425
309,45.99,1000.0,1000,1,34.84,1128
351,28.99,750.0,750,1,22.3,3924
385,447.99,750.0,750,1,327.0,4425
648,27.99,1000.0,1000,1,19.99,3960
709,19.99,200.0,200,1,14.28,4425
728,43.99,750.0,750,1,34.37,3960
754,9.99,750.0,750,1,7.4,8664
902,0.99,375.0,375,2,0.64,10754
921,39.99,750.0,750,1,28.77,12546
1068,14.99,750.0,750,1,11.44,3960
1076,0.99,50.0,50,1,0.76,3960
1081,36.99,750.0,750,1,29.13,17035
1084,33.99,750.0,750,1,26.35,7239
1085,19.99,750.0,750,1,14.81,3960
1093,24.99,150.0,150,1,19.52,6355
1121,3.99,50.0,50,1,3.17,6355
1189,49.99,600.0,600,1,39.36,9552
1195,0.99,50.0,50,1,0.74,3960
1234,45.99,1000.0,1000,1,35.11,1128
1695,22.99,750.0,750,1,18.39,9206
1698,129.99,750.0,750,1,95.58,12546
1761,34.99,1000.0,1000,1,27.77,3960
1774,12.49,1750.0,1750,1,9.25,660
1812,299.99,750.0,750,1,225.56,12546
1856,122.99,750.0,750,1,91.1,9552
1885,9.99,750.0,750,1,7.99,3960
1897,24.99,750.0,750,1,18.24,8352
2011,39.99,750.0,750,1,31.49,660
2057,0.99,50.0,50,1,0.77,8352
2080,69.99,750.0,750,1,54.26,9552
2092,39.99,750.0,750,1,28.56,7153
2107,0.99,50.0,50,1,0.74,8352
2110,49.99,750.0,750,1,35.71,6355
2124,29.99,750.0,750,1,22.89,1128
2133,249.99,750.0,750,1,198.4,3924
2140,54.99,750.0,750,1,41.66,9552
2144,41.99,750.0,750,1,33.33,9552
2151,36.99,750.0,750,1,26.42,9165
2166,0.0,750.0,750,1,0.0,2561
2174,34.99,750.0,750,1,27.34,7245
2178,39.99,750.0,750,1,29.19,7153
2194,21.99,375.0,375,1,16.05,2450
2204,429.99,750.0,750,1,318.51,12546
2211,25.49,750.0,750,1,18.47,4425
2219,1.99,50.0,50,1,1.5,3960
2244,23.99,750.0,750,1,17.9,3960
2264,75.99,750.0,750,1,57.14,10754
2312,99.99,750.0,750,1,78.73,2561
2322,79.99,750.0,750,1,62.98,4425
2331,35.99,750.0,750,1,26.66,9165
2344,141.99,750.0,750,1,102.89,9165
2439,299.99,750.0,750,1,234.37,2561
2460,39.99,1000.0,1000,1,31.49,6355
2461,25.99,750.0,750,1,20.15,7153
2490,99.99,750.0,750,1,77.51,3252
2504,179.99,750.0,750,1,136.36,3252
2550,22.99,750.0,750,1,17.29,6830
2579,22.99,750.0,750,1,16.9,6830
2653,44.99,750.0,750,1,35.15,4425
2804,44.99,750.0,750,1,32.14,173357
2806,54.99,750.0,750,1,39.85,4425
2824,59.99,750.0,750,1,45.45,9552
2845,19.99,750.0,750,1,14.59,7245
2931,26.99,750.0,750,1,19.28,653
2937,69.99,750.0,750,1,53.02,3664
2968,15.99,750.0,750,1,11.59,3960
3014,12.99,750.0,750,1,10.15,3960
3075,14.99,1000.0,1000,1,11.36,12546
3087,27.99,750.0,750,1,20.73,4425
3145,39.99,750.0,750,1,29.62,10754
3148,48.99,1750.0,1750,1,35.24,3960
3198,12.99,750.0,750,1,10.23,3960
3214,24.99,750.0,750,1,19.99,3960
3223,15.99,1000.0,1000,1,11.93,8150
3224,0.99,50.0,50,1,0.76,3252
3226,11.99,375.0,375,1,8.63,3960
3228,1.99,50.0,50,1,1.55,3960
3248,29.99,750.0,750,1,21.42,99166
3283,12.99,750.0,750,1,10.39,3252
3297,27.99,750.0,750,1,22.21,1189
3379,32.99,750.0,750,1,24.99,9165
3384,19.99,1000.0,1000,1,14.81,17035
3421,1.99,50.0,50,1,1.46,8664
3443,9.99,375.0,375,1,7.57,8664
3450,27.99,750.0,750,1,22.39,28776
3454,0.99,50.0,50,1,0.72,12546
3556,12.99,1750.0,1750,1,9.48,7153
3566,0.99,50.0,50,1,0.71,12546
3581,0.99,50.0,50,1,0.74,12546
3594,0.99,50.0,50,1,0.77,12546
3638,0.99,50.0,50,1,0.75,12546
3644,20.99,1750.0,1750,1,15.9,12546
3709,13.99,1750.0,1750,1,10.52,2496
3817,28.99,750.0,750,1,23.01,4425
3856,33.99,1000.0,1000,1,26.55,3960
3907,24.99,750.0,750,1,18.51,9165
4024,0.99,50.0,50,1,0.71,480
4191,18.99,1000.0,1000,1,14.17,9165
4192,19.99,750.0,750,1,15.03,480
4216,21.99,750.0,750,1,16.92,480
4235,9.99,375.0,375,1,7.57,3664
4237,0.99,50.0,50,1,0.76,480
4251,0.99,50.0,50,1,0.78,480
4397,11.99,750.0,750,1,9.44,3960
4402,54.99,750.0,750,1,43.64,98450
4418,37.99,750.0,750,1,29.0,98450
4482,39.99,750.0,750,1,29.4,9165
4540,29.99,750.0,750,1,22.72,6785
4595,89.99,750.0,750,1,68.69,9165
4687,22.99,750.0,750,1,17.55,10050
4752,19.99,1750.0,1750,1,14.81,3664
4757,13.99,1000.0,1000,1,10.52,3664
4890,0.99,50.0,50,1,0.74,11567
4942,19.99,750.0,750,1,15.26,12546
5071,34.99,750.0,750,1,25.92,3664
5132,25.99,750.0,750,1,19.99,7245
5171,2.49,50.0,50,1,1.83,9165
5198,34.99,750.0,750,1,27.12,4425
5205,39.99,750.0,750,1,31.99,5455
5395,18.99,750.0,750,1,15.19,17035
5431,19.99,375.0,375,1,15.99,653
5467,19.99,750.0,750,1,14.28,10754
5476,104.99,750.0,750,1,77.2,9552
5508,129.99,750.0,750,1,99.99,9552
5527,22.99,750.0,750,1,17.82,10050
5623,141.99,750.0,750,1,102.15,9552
5644,16.99,375.0,375,1,12.59,9165
5699,144.99,750.0,750,1,111.53,9552
5710,271.99,750.0,750,1,198.53,9552
5748,12.99,750.0,750,1,9.55,9206
5801,0.99,50.0,50,1,0.73,8004
5802,36.99,750.0,750,1,27.6,17035
5989,2.99,50.0,50,1,2.3,9165
6010,18.99,750.0,750,1,15.19,6355
6049,19.99,750.0,750,1,14.59,1655
6094,29.99,750.0,750,1,23.43,653
6184,4.99,750.0,750,2,3.37,9815
6198,24.99,750.0,750,1,19.52,4848
6215,4.99,750.0,750,2,3.28,1392
6220,129.99,750.0,750,1,96.29,1392
6260,29.99,750.0,750,1,21.58,653
6342,7.49,1500.0,1500,2,4.86,4901
6427,4.99,750.0,750,2,3.42,9815
6465,0.99,50.0,50,1,0.72,8352
6598,31.99,750.0,750,1,24.61,10754
6814,19.99,750.0,750,1,15.74,7153
6846,18.99,750.0,750,1,13.66,8352
6904,74.99,600.0,600,1,57.68,9165
7032,24.99,375.0,375,1,18.37,7153
7111,64.99,750.0,750,1,48.86,17035
7162,7.99,750.0,750,2,5.15,8320
7327,26.99,750.0,750,1,20.92,9165
7412,4.99,750.0,750,2,3.3,1392
7450,11.99,1000.0,1000,1,9.29,3252
7489,0.99,50.0,50,1,0.75,660
7770,10.99,1500.0,1500,2,7.23,1392
7936,0.99,50.0,50,1,0.71,8664
7948,0.99,50.0,50,1,0.73,8664
7956,0.99,50.0,50,1,0.79,8664
8070,319.99,750.0,750,1,233.57,2561
8076,17.99,750.0,750,2,11.68,4692
8136,24.99,750.0,750,1,18.37,4848
8428,16.99,750.0,750,1,13.27,9206
8519,6.99,750.0,750,1,5.55,12546
8522,0.99,50.0,50,1,0.71,12546
8539,19.99,750.0,750,1,14.49,12546
8553,6.99,750.0,750,1,5.22,12546
8575,29.99,750.0,750,1,22.72,9165
8849,5.79,1000.0,1000,1,4.17,660
9031,32.99,750.0,750,1,25.77,9165
9035,39.99,750.0,750,1,30.3,9165
9090,24.99,750.0,750,1,18.93,8004
10010,5.99,750.0,750,2,3.86,9552
10162,241.49,3000.0,3000,2,165.4,8112
10233,5.49,750.0,750,2,3.68,3252
10265,65.99,750.0,750,2,44.29,10754
10337,11.99,750.0,750,2,8.1,4692
10358,8.99,750.0,750,2,6.07,2242
10454,8.99,750.0,750,2,6.12,7153
10455,8.99,750.0,750,2,6.07,7153
10457,8.99,750.0,750,2,5.95,7153
10631,8.99,750.0,750,2,6.2,516
10632,6.49,1000.0,1000,2,4.24,1392
10707,9.99,750.0,750,2,6.62,10754
11143,5.99,750.0,750,2,3.92,2000
11236,18.99,750.0,750,2,13.01,2000
11239,26.99,750.0,750,2,17.41,2000
11424,11.99,750.0,750,2,8.05,7153
11426,9.99,750.0,750,2,6.7,7153
11768,11.49,375.0,375,2,7.66,7153
11769,5.29,187.0,187,2,3.53,7153
11808,10.99,750.0,750,2,7.53,90047
11873,6.99,750.0,750,2,4.54,8673
12005,56.99,750.0,750,2,38.51,9744
12115,5.99,750.0,750,2,3.99,9552
12125,9.99,1500.0,1500,2,6.7,3252
12256,13.99,1500.0,1500,2,9.03,1392
12257,13.99,1500.0,1500,2,9.39,1392
12269,8.99,750.0,750,2,5.8,1590
12304,11.99,750.0,750,2,7.99,10754
12543,13.99,750.0,750,2,9.2,4425
12544,16.99,750.0,750,2,11.72,4425
12606,15.99,750.0,750,2,10.59,10754
12697,11.99,750.0,750,2,7.79,653
12783,16.99,750.0,750,2,11.72,90047
12891,7.99,750.0,750,2,5.26,7153
13059,84.99,750.0,750,2,56.28,4425
13153,11.99,750.0,750,2,8.27,7153
13188,12.99,750.0,750,2,8.38,1590
13220,4.99,750.0,750,2,3.39,90024
13224,13.99,750.0,750,2,9.39,90024
13276,18.99,750.0,750,2,12.66,90011
13301,14.99,750.0,750,2,10.27,653
13319,4.99,750.0,750,2,3.24,4425
13329,12.99,750.0,750,2,8.66,6785
13358,14.99,750.0,750,2,9.73,7153
13375,16.99,750.0,750,2,11.48,9552
13546,3.79,750.0,750,2,2.56,9815
13604,17.99,3000.0,3000,2,12.07,9744
13670,9.99,750.0,750,2,6.66,1590
13700,7.99,1500.0,1500,2,5.26,3252
13832,5.99,750.0,750,2,3.86,8892
13980,7.99,750.0,750,2,5.22,9165
13997,22.99,750.0,750,2,14.83,90010
14102,5.99,750.0,750,2,4.02,4425
14169,11.99,750.0,750,2,7.84,7153
14219,65.99,750.0,750,2,42.85,4425
14352,13.99,1500.0,1500,2,9.14,7153
14419,7.99,1500.0,1500,2,5.22,3252
14483,14.99,750.0,750,2,9.86,17037
14485,18.99,750.0,750,2,12.58,17037
14495,10.99,750.0,750,2,7.33,7153
14502,13.99,750.0,750,2,9.45,7153
14505,9.99,750.0,750,2,6.75,7153
14526,19.99,750.0,750,2,13.24,4425
14647,18.99,750.0,750,2,12.92,7153
14676,9.99,750.0,750,2,6.57,90047
14682,104.99,750.0,750,2,70.46,4425
14705,13.99,1500.0,1500,2,9.58,1392
14716,17.99,750.0,750,2,12.32,9552
14782,39.99,750.0,750,2,26.48,4425
14846,16.99,750.0,750,2,11.72,9552
14857,5.99,750.0,750,2,3.97,2000
14939,10.99,750.0,750,2,7.43,7153
15004,4.49,750.0,750,2,3.1,3252
15006,29.99,750.0,750,2,20.13,8735
15010,15.99,750.0,750,2,10.52,4950
15054,12.99,1500.0,1500,2,8.44,2000
15298,18.99,3000.0,3000,2,12.74,9815
15300,5.99,750.0,750,2,4.1,516
15316,13.99,750.0,750,2,9.14,9165
15323,35.99,750.0,750,2,24.82,1650
15327,5.99,750.0,750,2,3.94,1392
15330,13.99,1500.0,1500,2,9.45,1392
15359,34.99,750.0,750,2,23.48,7153
15402,9.99,750.0,750,2,6.57,3252
15589,17.99,750.0,750,2,11.68,90047
15618,12.99,1500.0,1500,2,8.66,9819
15659,12.99,750.0,750,2,8.9,7153
15660,12.99,750.0,750,2,8.9,7153
15672,13.99,750.0,750,2,9.33,90011
15782,14.99,750.0,750,2,10.2,90047
15825,8.99,750.0,750,2,5.99,7153
15850,7.29,750.0,750,2,4.86,9165
15908,8.99,750.0,750,2,6.03,653
15929,51.99,750.0,750,2,33.76,4425
15931,75.99,750.0,750,2,50.32,4425
15940,49.99,750.0,750,2,32.89,4425
16044,7.99,750.0,750,2,5.19,2000
16045,9.79,750.0,750,2,6.75,2000
16046,13.99,750.0,750,2,9.2,2000
16069,18.99,750.0,750,2,12.92,17037
16087,11.99,750.0,750,2,7.74,8892
16150,10.99,750.0,750,2,7.48,6785
16195,11.99,750.0,750,2,8.16,4692
16196,11.99,750.0,750,2,7.99,4692
16202,10.99,750.0,750,2,7.48,9552
16203,9.99,750.0,750,2,6.89,9552
16274,14.49,750.0,750,2,9.99,1650
16374,11.99,750.0,750,2,7.89,90010
16381,64.99,750.0,750,2,44.82,4425
16453,18.49,750.0,750,2,12.25,90047
16455,12.99,187.0,187,2,8.66,8673
16472,12.99,750.0,750,2,8.9,8892
16520,4.49,187.0,187,2,2.97,653
16611,10.99,750.0,750,2,7.14,653
16679,10.99,750.0,750,2,7.18,653
16681,18.99,750.0,750,2,12.41,2000
16760,16.99,750.0,750,2,11.33,653
16786,12.99,750.0,750,2,8.78,90024
16793,29.99,750.0,750,2,19.86,3252
16805,7.99,750.0,750,2,5.33,3252
16820,9.99,750.0,750,2,6.53,3252
16846,11.99,750.0,750,2,8.27,1590
16851,3.79,750.0,750,2,2.54,1392
16888,13.99,750.0,750,2,9.26,4692
16890,10.99,750.0,750,2,7.18,4692
16941,5.49,750.0,750,2,3.76,3252
16950,5.99,750.0,750,2,4.02,1392
16967,18.99,750.0,750,2,12.58,10754
17010,16.99,750.0,750,2,11.4,10754
17129,4.29,750.0,750,2,2.8,1392
17143,14.99,750.0,750,2,10.13,4692
17144,14.99,750.0,750,2,10.06,4692
17234,9.99,750.0,750,2,6.62,7153
17298,13.99,750.0,750,2,9.14,90047
17331,10.99,750.0,750,2,7.58,4425
17348,10.49,330.0,330,2,6.77,9260
17360,10.99,750.0,750,2,7.33,7153
17444,7.99,750.0,750,2,5.22,5612
17462,11.99,750.0,750,2,8.05,12331
17519,23.99,750.0,750,2,15.89,90024
17697,33.99,720.0,720,2,22.81,653
17885,29.99,750.0,750,2,20.54,4425
17927,36.99,750.0,750,2,25.16,10000
17935,2.99,750.0,750,2,2.01,1590
17940,2.99,750.0,750,2,1.93,1590
17944,10.99,750.0,750,2,7.18,9819
17949,13.99,750.0,750,2,9.39,2000
17979,10.99,750.0,750,2,7.09,9815
17986,9.99,750.0,750,2,6.89,4425
18011,7.49,750.0,750,2,4.9,7153
18071,19.99,750.0,750,2,13.24,9165
18072,8.49,750.0,750,2,5.78,8892
18105,7.99,750.0,750,2,5.33,3252
18108,5.99,750.0,750,2,3.94,3252
18137,9.99,1500.0,1500,2,6.84,3252
18150,24.99,750.0,750,2,16.44,653
18157,8.99,750.0,750,2,6.03,653
18159,10.99,750.0,750,2,7.18,653
18164,15.99,750.0,750,2,10.52,12331
18166,15.99,750.0,750,2,10.88,12331
18203,17.99,750.0,750,2,11.68,4950
18270,16.99,375.0,375,2,11.4,9165
18382,9.99,750.0,750,2,6.8,7153
18386,6.99,750.0,750,2,4.76,2242
18454,11.99,750.0,750,2,8.16,4950
18458,9.99,750.0,750,2,6.8,4425
18459,4.99,750.0,750,2,3.26,4425
18467,46.99,750.0,750,2,31.75,10754
18474,11.99,750.0,750,2,7.94,10754
18538,29.99,750.0,750,2,19.6,90047
18579,11.49,750.0,750,2,7.66,4425
18614,13.99,750.0,750,2,9.2,4950
18621,15.99,750.0,750,2,10.8,9165
18622,12.49,750.0,750,2,8.06,9165
18640,5.29,750.0,750,2,3.53,9165
18646,3.99,750.0,750,2,2.73,4425
18666,16.99,750.0,750,2,11.4,9552
18669,10.99,750.0,750,2,7.48,9552
18671,21.99,750.0,750,2,14.47,9552
18753,4.99,1500.0,1500,2,3.3,4425
18754,2.99,750.0,750,2,1.97,4425
18770,18.99,750.0,750,2,12.74,4425
18779,2.99,750.0,750,2,2.03,1590
18785,13.99,750.0,750,2,9.33,9552
18807,11.99,750.0,750,2,7.94,516
18827,7.99,750.0,750,2,5.19,9552
18829,37.99,750.0,750,2,25.16,9552
18830,12.99,750.0,750,2,8.66,7153
18833,5.99,750.0,750,2,4.02,8892
18839,12.99,750.0,750,2,8.55,90024
18846,10.99,750.0,750,2,7.23,90024
18886,46.99,750.0,750,2,30.51,9744
18920,8.99,750.0,750,2,5.95,12546
18928,12.99,750.0,750,2,8.38,4950
18965,5.99,750.0,750,2,4.1,3252
18967,5.99,750.0,750,2,3.97,3252
19105,5.99,750.0,750,2,3.97,1392
19109,9.99,750.0,750,2,6.7,1392
19118,10.99,750.0,750,2,7.43,7153
19312,14.99,750.0,750,2,9.67,9552
19321,8.99,750.0,750,2,5.8,1587
19322,7.79,750.0,750,2,5.3,2000
19337,41.99,750.0,750,2,27.99,1392
19343,8.99,750.0,750,2,5.95,10754
19344,12.99,750.0,750,2,8.55,10754
19353,13.99,750.0,750,2,9.58,9744
19379,11.99,750.0,750,2,7.74,3252
19380,13.99,750.0,750,2,9.39,8673
19403,13.99,750.0,750,2,9.39,4692
19484,8.99,750.0,750,2,5.8,1392
19553,8.99,750.0,750,2,5.8,9165
19647,9.99,750.0,750,2,6.53,7153
19705,11.99,750.0,750,2,7.79,90047
19710,11.99,750.0,750,2,7.79,7153
19713,13.99,750.0,750,2,9.52,90011
19715,10.99,750.0,750,2,7.53,200
19721,3.79,750.0,750,2,2.53,9815
19725,3.79,750.0,750,2,2.46,9815
19737,11.99,750.0,750,2,7.94,9819
19750,6.29,750.0,750,2,4.17,4425
19762,5.99,750.0,750,2,4.1,1392
19817,10.99,750.0,750,2,7.14,4950
19861,4.99,500.0,500,2,3.39,1392
19862,4.99,500.0,500,2,3.42,1392
19863,4.99,500.0,500,2,3.22,1392
19871,7.99,750.0,750,2,5.26,4425
19909,11.99,750.0,750,2,7.99,7153
19980,11.99,750.0,750,2,7.94,7153
20018,7.99,750.0,750,2,5.15,7153
20082,12.99,750.0,750,2,8.38,7153
20097,9.99,750.0,750,2,6.53,1392
20133,8.99,750.0,750,2,6.03,8892
20134,8.99,750.0,750,2,6.07,8892
20144,12.99,750.0,750,2,8.84,4950
20149,9.99,750.0,750,2,6.66,9552
20161,6.49,750.0,750,2,4.36,2000
20182,9.99,750.0,750,2,6.57,10754
20213,14.99,750.0,750,2,9.86,90024
20217,8.99,750.0,750,2,6.2,8892
20319,21.99,750.0,750,2,14.28,6280
20353,12.99,750.0,750,2,8.49,10754
20363,7.99,750.0,750,2,5.22,2000
20364,7.99,750.0,750,2,5.26,2000
20388,9.99,750.0,750,2,6.75,7255
20416,24.99,750.0,750,2,17.23,9165
20448,2.99,500.0,500,2,1.94,3252
20449,2.99,500.0,500,2,2.06,3252
20450,2.99,500.0,500,2,1.99,3252
20454,104.99,3000.0,3000,2,67.74,1392
20456,8.49,750.0,750,2,5.66,8892
20473,7.99,750.0,750,2,5.47,653
20498,4.79,750.0,750,2,3.09,17035
20523,9.99,750.0,750,2,6.7,9552
20553,275.99,750.0,750,2,180.39,8112
20601,18.99,750.0,750,2,12.92,4425
20610,17.99,750.0,750,2,12.24,7153
20627,8.99,750.0,750,2,5.91,7153
20628,11.99,750.0,750,2,7.74,7153
20759,7.99,750.0,750,2,5.44,8735
20761,36.99,750.0,750,2,24.34,2000
20763,13.99,750.0,750,2,9.2,2000
20787,7.99,750.0,750,2,5.22,90037
20795,9.99,375.0,375,2,6.8,4425
20884,9.49,750.0,750,2,6.41,4425
20955,4.99,750.0,750,2,3.37,9165
20967,15.99,750.0,750,2,11.03,4950
20969,12.99,750.0,750,2,8.72,4950
20995,3.29,750.0,750,2,2.14,9815
20997,3.29,750.0,750,2,2.12,9815
21013,41.99,750.0,750,2,28.18,9552
21043,18.99,750.0,750,2,12.92,7153
21083,41.99,750.0,750,2,28.18,9552
21084,12.99,750.0,750,2,8.84,9744
21127,9.49,750.0,750,2,6.37,7153
21131,9.49,750.0,750,2,6.12,7153
21227,7.99,1500.0,1500,2,5.22,3252
21275,10.99,750.0,750,2,7.38,9552
21293,6.99,375.0,375,2,4.63,1392
21324,8.99,750.0,750,2,6.2,1392
21334,12.99,750.0,750,2,8.66,7255
21343,14.99,750.0,750,2,10.13,7153
21350,13.99,750.0,750,2,9.03,4425
21379,14.99,750.0,750,2,10.13,90011
21397,44.99,750.0,750,2,30.61,653
21523,55.99,750.0,750,2,37.58,10754
21536,9.99,750.0,750,2,6.53,2242
21537,15.99,750.0,750,2,10.52,2242
21590,9.99,750.0,750,2,6.53,8735
21631,18.99,750.0,750,2,12.83,6280
21633,10.99,375.0,375,2,7.09,1392
21635,42.99,1500.0,1500,2,28.1,1392
21684,12.99,750.0,750,2,8.78,653
21696,12.99,750.0,750,2,8.66,6280
21757,13.99,750.0,750,2,9.65,4425
21767,19.99,750.0,750,2,13.42,9552
21777,15.99,750.0,750,2,10.95,90010
21781,9.49,1500.0,1500,2,6.5,6785
21785,28.99,750.0,750,2,19.59,1650
21787,8.99,1500.0,1500,2,5.84,7153
21812,7.29,750.0,750,2,4.8,9552
21958,19.99,750.0,750,2,13.33,9552
22011,8.99,1500.0,1500,2,5.95,7153
22017,16.99,750.0,750,2,11.64,90024
22081,8.49,750.0,750,2,5.78,90047
22093,24.99,750.0,750,2,16.77,7153
22094,32.99,750.0,750,2,22.75,7153
22138,7.99,750.0,750,2,5.36,7153
22149,7.29,750.0,750,2,4.99,7153
22167,9.99,750.0,750,2,6.66,4425
22183,9.99,750.0,750,2,6.89,4950
22206,12.99,750.0,750,2,8.96,7153
22209,17.99,750.0,750,2,11.76,1650
22223,13.99,750.0,750,2,9.14,9165
22276,14.99,750.0,750,2,9.86,8892
22349,6.99,750.0,750,2,4.82,8320
22364,5.49,750.0,750,2,3.56,3252
22395,89.99,750.0,750,2,59.99,3252
22406,3.29,750.0,750,2,2.14,9815
22412,3.79,750.0,750,2,2.46,9815
22458,20.99,750.0,750,2,13.81,4425
22460,13.99,750.0,750,2,9.58,1590
22490,15.99,750.0,750,2,10.59,9552
22504,7.99,750.0,750,2,5.19,90024
22565,183.99,19500.0,19500,2,118.7,4425
22590,14.99,750.0,750,2,9.8,90024
22591,15.99,375.0,375,2,10.52,90024
22598,69.99,750.0,750,2,45.15,9165
22737,8.99,750.0,750,2,5.84,90047
22740,24.99,750.0,750,2,16.44,4425
22743,12.99,750.0,750,2,8.49,7153
22763,5.49,750.0,750,2,3.56,2000
22833,14.99,750.0,750,2,9.86,90047
22849,12.99,750.0,750,2,8.44,7153
22895,5.99,750.0,750,2,4.07,8892
22896,9.99,1500.0,1500,2,6.62,8892
22904,16.99,750.0,750,2,11.25,9165
22930,15.99,750.0,750,2,10.73,10754
22932,21.99,750.0,750,2,14.66,10754
23029,13.99,750.0,750,2,9.45,4425
23035,9.99,750.0,750,2,6.84,17035
23064,2.99,500.0,500,2,1.94,3252
23065,2.99,500.0,500,2,2.03,3252
23088,9.99,750.0,750,2,6.66,7255
23090,8.49,750.0,750,2,5.7,7153
23139,11.99,750.0,750,2,8.16,90037
23296,7.99,1500.0,1500,2,5.15,3252
23387,12.99,750.0,750,2,8.72,9165
23390,4.49,750.0,750,2,2.95,9165
23398,17.99,750.0,750,2,12.16,4425
23475,28.99,750.0,750,2,19.99,1650
23518,8.79,375.0,375,2,5.71,516
23524,11.99,750.0,750,2,7.94,1587
23541,19.99,3000.0,3000,2,12.98,3252
23554,14.99,750.0,750,2,10.34,7153
23560,5.99,1000.0,1000,2,4.05,9815
23561,5.99,1000.0,1000,2,4.05,9815
23562,5.99,1000.0,1000,2,4.1,9815
23563,5.99,1000.0,1000,2,4.1,9815
23568,14.49,750.0,750,2,9.72,5612
23579,7.49,750.0,750,2,4.86,5612
23616,7.99,750.0,750,2,5.36,9165
23669,69.99,750.0,750,2,46.66,4425
23809,19.99,750.0,750,2,13.15,17037
23841,13.99,750.0,750,2,9.45,4425
23852,29.99,750.0,750,2,19.47,2000
23854,19.99,750.0,750,2,12.9,9165
23856,21.99,750.0,750,2,14.76,9165
23888,11.99,750.0,750,2,8.05,10754
23932,17.99,750.0,750,2,11.76,90024
23937,21.99,750.0,750,2,14.76,90024
23979,10.99,750.0,750,2,7.58,4950
24005,11.99,750.0,750,2,8.05,90047
24023,8.99,750.0,750,2,6.07,6785
24026,9.99,750.0,750,2,6.8,7153
24030,16.99,750.0,750,2,11.1,9744
24044,14.99,750.0,750,2,9.8,9552
24060,23.99,750.0,750,2,15.78,7153
24062,14.99,750.0,750,2,10.34,7153
24063,16.49,750.0,750,2,10.78,7153
24064,13.99,750.0,750,2,9.65,7153
24111,10.99,750.0,750,2,7.58,7255
24121,20.99,750.0,750,2,14.09,2000
24127,7.99,750.0,750,2,5.15,8892
24130,11.99,750.0,750,2,7.84,5612
24142,21.99,750.0,750,2,15.17,4425
24143,9.99,300.0,300,2,6.57,10754
24158,24.99,750.0,750,2,16.12,10754
24174,12.99,750.0,750,2,8.9,9552
24197,19.99,750.0,750,2,13.79,2000
24200,9.99,750.0,750,2,6.89,90017
24207,24.99,750.0,750,2,16.33,9552
24249,4.99,750.0,750,2,3.37,4425
24309,22.99,750.0,750,2,15.53,4425
24371,15.99,720.0,720,2,10.45,653
24417,5.99,750.0,750,2,3.92,8892
24438,11.99,750.0,750,2,8.1,653
24441,6.99,375.0,375,2,4.82,653
24442,6.99,375.0,375,2,4.51,653
24447,13.99,750.0,750,2,9.33,90024
24450,18.99,750.0,750,2,12.41,90024
24487,27.99,750.0,750,2,19.04,9552
24492,18.99,750.0,750,2,12.49,9552
24545,3.99,187.0,187,2,2.7,7153
24563,12.99,750.0,750,2,8.49,653
24568,8.99,750.0,750,2,6.12,1392
24571,12.99,750.0,750,2,8.78,7153
24583,39.99,750.0,750,2,26.31,10754
24584,39.99,750.0,750,2,27.58,10754
24586,28.99,750.0,750,2,19.2,10754
24590,6.99,750.0,750,2,4.69,90024
24599,16.99,750.0,750,2,11.4,2000
24600,16.99,750.0,750,2,11.18,2000
24615,39.99,750.0,750,2,26.66,3252
24642,9.99,750.0,750,2,6.89,7153
24645,21.99,750.0,750,2,14.28,9552
24669,59.99,750.0,750,2,38.95,17033
24769,29.99,750.0,750,2,20.68,10754
24773,8.99,750.0,750,2,6.03,7153
24808,10.99,750.0,750,2,7.28,2000
24813,3.29,750.0,750,2,2.27,3252
24816,3.29,750.0,750,2,2.27,3252
24844,10.99,750.0,750,2,7.28,7255
24845,10.99,750.0,750,2,7.48,7255
24847,10.99,750.0,750,2,7.53,7255
24932,10.99,750.0,750,2,7.43,7153
24942,53.49,750.0,750,2,35.66,7153
24955,11.99,750.0,750,2,8.16,4425
24966,13.99,750.0,750,2,9.14,7153
24990,69.99,750.0,750,2,46.35,2000
25030,224.99,750.0,750,2,152.02,9552
25072,54.99,750.0,750,2,37.41,2000
25150,17.99,750.0,750,2,11.84,90024
25151,10.99,750.0,750,2,7.53,90024
25153,3.99,187.0,187,2,2.62,8735
25171,15.99,750.0,750,2,10.59,90047
25176,5.29,750.0,750,2,3.48,9165
25205,72.99,750.0,750,2,47.4,4425
25224,15.99,750.0,750,2,10.8,4425
25225,144.99,750.0,750,2,96.02,4425
25244,10.99,750.0,750,2,7.14,90024
25246,10.99,750.0,750,2,7.09,90024
25270,3.79,187.0,187,2,2.46,516
25284,34.99,750.0,750,2,24.13,4425
25301,16.99,750.0,750,2,11.64,90024
25304,34.99,750.0,750,2,23.8,90024
25305,24.99,750.0,750,2,16.44,90024
25306,34.99,750.0,750,2,22.57,90024
25310,14.99,750.0,750,2,9.73,90024
25321,6.49,750.0,750,2,4.33,10754
25324,37.99,750.0,750,2,24.67,9552
25325,36.99,750.0,750,2,25.34,9552
25348,17.99,750.0,750,2,11.84,90011
25349,14.99,750.0,750,2,9.86,90011
25355,21.99,750.0,750,2,14.96,90024
25356,21.99,750.0,750,2,14.19,90024
25357,21.99,750.0,750,2,15.17,90024
25361,19.99,375.0,375,2,13.6,7153
25371,9.99,375.0,375,2,6.84,7153
25374,7.99,750.0,750,2,5.19,9165
25378,7.99,750.0,750,2,5.4,9165
25389,14.99,750.0,750,2,9.86,10754
25401,15.99,750.0,750,2,10.59,10754
25406,16.99,750.0,750,2,11.48,10754
25464,251.49,20000.0,20000,2,163.31,90047
25466,11.99,750.0,750,2,7.84,4425
25468,16.99,750.0,750,2,11.48,9819
25480,26.99,750.0,750,2,17.64,10754
25481,36.99,750.0,750,2,24.02,9552
25494,9.99,750.0,750,2,6.45,9552
25507,11.99,750.0,750,2,8.16,4692
25508,17.99,750.0,750,2,12.24,4425
25523,14.99,750.0,750,2,9.86,2242
25541,5.99,750.0,750,2,3.89,9165
25548,14.99,750.0,750,2,10.06,90017
25549,9.99,750.0,750,2,6.66,90017
25550,9.99,750.0,750,2,6.62,90017
25559,4.99,187.0,187,2,3.26,6785
25566,12.99,750.0,750,2,8.78,9552
25567,37.99,750.0,750,2,24.67,9552
25569,15.99,750.0,750,2,10.45,9552
25573,11.99,750.0,750,2,8.21,9552
25574,11.99,750.0,750,2,8.16,9552
25575,15.99,750.0,750,2,10.73,9552
25576,13.99,750.0,750,2,9.14,9552
25578,12.99,750.0,750,2,8.55,9552
25586,6.99,375.0,375,2,4.57,9165
25591,36.49,375.0,375,2,24.01,9165
25592,9.99,750.0,750,2,6.53,9552
25593,24.99,750.0,750,2,16.12,2000
25614,24.99,750.0,750,2,16.77,4692
25629,17.99,750.0,750,2,12.24,9744
25633,19.99,750.0,750,2,13.51,90047
25646,18.99,750.0,750,2,12.41,9744
25651,13.99,750.0,750,2,9.39,10754
25676,23.99,750.0,750,2,16.43,4425
25695,23.99,750.0,750,2,15.99,9165
25698,13.99,750.0,750,2,9.52,9165
25699,19.99,750.0,750,2,12.9,9165
25709,15.99,750.0,750,2,10.8,4425
25735,13.99,750.0,750,2,9.39,9552
25742,11.99,750.0,750,2,8.21,4692
25746,7.49,750.0,750,2,4.96,90017
25755,14.99,5000.0,5000,2,9.93,3252
25759,19.99,750.0,750,2,13.42,17037
25765,183.99,6000.0,6000,2,121.05,1392
25766,45.99,1500.0,1500,2,29.86,1392
25767,99.99,3000.0,3000,2,66.66,1392
25768,103.99,3000.0,3000,2,71.23,1392
25769,123.99,3000.0,3000,2,83.78,1392
25773,13.99,750.0,750,2,9.26,2000
25774,7.99,750.0,750,2,5.22,9165
25781,13.99,750.0,750,2,9.58,9552
25792,12.99,750.0,750,2,8.96,90011
25793,12.99,750.0,750,2,8.6,90011
25798,26.99,750.0,750,2,18.36,4425
25852,24.49,1500.0,1500,2,16.66,9165
25859,10.99,750.0,750,2,7.48,8892
25890,10.99,1000.0,1000,2,7.28,4950
25891,10.99,1000.0,1000,2,7.48,4950
25898,29.99,750.0,750,2,19.6,9165
25907,14.49,750.0,750,2,9.53,4425
25926,11.49,750.0,750,2,7.71,8892
25930,10.49,750.0,750,2,6.9,8892
25935,9.99,750.0,750,2,6.84,9819
25940,16.99,3000.0,3000,2,11.18,8892
25941,16.99,3000.0,3000,2,11.1,8892
25991,3.49,750.0,750,2,2.27,9815
26000,3.49,750.0,750,2,2.31,9815
26008,18.99,750.0,750,2,12.33,9552
26013,16.99,750.0,750,2,10.96,9552
26027,35.99,750.0,750,2,23.99,10754
26032,89.99,750.0,750,2,60.8,2000
26047,14.99,750.0,750,2,9.99,9552
26062,9.99,750.0,750,2,6.45,8673
26063,12.99,750.0,750,2,8.49,8673
26075,19.99,750.0,750,2,13.42,8673
26076,8.99,750.0,750,2,6.12,4950
26077,10.99,750.0,750,2,7.23,4950
26080,46.99,750.0,750,2,30.32,4425
26081,62.99,750.0,750,2,42.28,4425
26082,7.99,750.0,750,2,5.22,4425
26084,18.99,750.0,750,2,12.58,4425
26087,11.99,750.0,750,2,7.99,1392
26102,12.99,750.0,750,2,8.9,9552
26153,9.99,750.0,750,2,6.66,9552
26156,16.99,750.0,750,2,11.56,9552
26167,24.99,750.0,750,2,17.12,10000
26183,14.99,750.0,750,2,9.86,9099
26197,13.99,750.0,750,2,9.39,7153
26201,9.99,750.0,750,2,6.49,7153
26203,14.99,750.0,750,2,9.8,7153
26204,14.99,750.0,750,2,9.99,7153
26205,14.99,750.0,750,2,9.99,7153
26211,5.49,750.0,750,2,3.56,9165
26222,209.99,750.0,750,2,141.89,2000
26225,129.99,750.0,750,2,83.86,2000
26227,139.99,750.0,750,2,92.1,2000
26233,24.99,750.0,750,2,16.66,90024
26234,24.99,750.0,750,2,17.12,90024
26235,11.99,750.0,750,2,8.27,90024
26238,11.99,750.0,750,2,7.89,90024
26246,36.99,750.0,750,2,24.5,10754
26253,16.99,750.0,750,2,11.56,10754
26254,20.99,750.0,750,2,13.99,10754
26255,24.99,750.0,750,2,17.23,10754
26268,15.99,750.0,750,2,10.32,2000
26269,39.99,750.0,750,2,27.39,2000
26273,18.99,750.0,750,2,12.74,90010
26275,12.99,750.0,750,2,8.55,9165
26277,13.99,750.0,750,2,9.52,4425
26278,11.99,560.0,560,2,8.27,4425
26280,15.99,750.0,750,2,10.66,4425
26283,12.99,375.0,375,2,8.49,9552
26287,18.99,750.0,750,2,12.92,90024
26291,15.99,750.0,750,2,10.88,9165
26300,19.99,750.0,750,2,13.51,90024
26302,32.99,750.0,750,2,22.6,90024
26303,24.99,750.0,750,2,16.12,90024
26304,21.99,750.0,750,2,14.47,90024
26314,19.99,750.0,750,2,13.6,10754
26315,18.99,750.0,750,2,12.41,10754
26316,12.99,750.0,750,2,8.72,10754
26319,9.99,750.0,750,2,6.53,10754
26340,16.99,750.0,750,2,11.48,9552
26341,16.99,750.0,750,2,11.25,9552
26342,12.99,750.0,750,2,8.96,9552
26345,16.99,750.0,750,2,11.4,9165
26358,9.99,750.0,750,2,6.62,3252
26361,9.99,750.0,750,2,6.62,3252
26372,5.99,375.0,375,2,4.07,4425
26402,49.99,750.0,750,2,33.55,1392
26404,39.99,750.0,750,2,26.31,1392
26405,12.99,750.0,750,2,8.38,1392
26430,19.99,750.0,750,2,13.42,7153
26431,12.99,750.0,750,2,8.78,7153
26435,9.99,750.0,750,2,6.7,4380
26436,9.99,750.0,750,2,6.53,4380
26442,15.99,750.0,750,2,10.8,10754
26454,12.99,750.0,750,2,8.66,8892
26457,12.99,750.0,750,2,8.49,8892
26478,18.99,750.0,750,2,12.41,4425
26490,5.99,750.0,750,2,3.92,9165
26510,11.99,750.0,750,2,7.84,7153
26514,28.99,1500.0,1500,2,19.59,7153
26515,15.99,1000.0,1000,2,10.66,10754
26516,15.99,1000.0,1000,2,10.8,10754
26517,16.99,750.0,750,2,11.03,9552
26518,6.99,750.0,750,2,4.82,9552
26520,5.49,750.0,750,2,3.54,9165
26521,14.99,750.0,750,2,10.34,90047
26560,15.99,750.0,750,2,10.8,2000
26561,11.99,750.0,750,2,7.94,2000
26562,3.99,187.0,187,2,2.64,2000
26567,13.99,750.0,750,2,9.26,4950
26568,17.99,750.0,750,2,11.99,4950
26569,11.99,750.0,750,2,7.84,4950
26570,15.99,750.0,750,2,10.32,10754
26575,14.99,750.0,750,2,10.13,90024
26580,21.99,750.0,750,2,15.06,9165
26591,10.99,560.0,560,2,7.28,4950
26594,68.99,750.0,750,2,45.39,2000
26596,43.99,750.0,750,2,29.52,2000
26606,5.99,750.0,750,2,4.13,2242
26611,20.99,750.0,750,2,13.72,90011
26621,57.49,750.0,750,2,37.82,1650
26652,16.99,750.0,750,2,11.18,9552
26666,5.99,750.0,750,2,3.97,2000
26673,8.99,750.0,750,2,6.16,9552
26674,14.99,750.0,750,2,10.34,9552
26677,29.99,750.0,750,2,20.26,6785
26678,14.99,500.0,500,2,10.13,6785
26679,9.99,375.0,375,2,6.53,6785
26680,7.99,750.0,750,2,5.44,6785
26681,6.99,750.0,750,2,4.76,6785
26682,49.99,750.0,750,2,34.24,6785
26683,8.99,750.0,750,2,5.84,6785
26690,24.99,750.0,750,2,17.23,9744
26693,26.99,750.0,750,2,17.87,9744
26699,18.99,750.0,750,2,12.41,9744
26701,22.99,750.0,750,2,14.83,9744
26702,16.99,750.0,750,2,11.4,9552
26704,24.99,750.0,750,2,16.89,9552
26708,64.99,750.0,750,2,44.82,4425
26716,31.99,750.0,750,2,21.76,10754
26717,9.99,750.0,750,2,6.66,10754
26728,14.99,750.0,750,2,9.99,9744
26729,18.99,750.0,750,2,12.41,9744
26730,14.99,750.0,750,2,9.86,9744
26735,7.99,750.0,750,2,5.29,9815
26740,8.49,750.0,750,2,5.7,9165
26742,13.99,750.0,750,2,9.26,3252
26750,12.99,750.0,750,2,8.96,3951
26756,12.99,750.0,750,2,8.55,1587
26763,18.99,750.0,750,2,13.01,4425
26770,65.99,750.0,750,2,45.2,4425
26771,48.99,750.0,750,2,32.44,4425
26772,57.99,750.0,750,2,38.66,4425
26820,7.99,750.0,750,2,5.26,4425
26833,19.99,750.0,750,2,13.24,653
26834,12.99,750.0,750,2,8.49,9552
26838,19.99,750.0,750,2,12.98,9552
26840,16.99,750.0,750,2,11.1,4425
26842,13.99,750.0,750,2,9.65,1650
26845,12.99,750.0,750,2,8.55,4425
26846,12.99,750.0,750,2,8.44,4425
26847,13.99,750.0,750,2,9.33,4425
26848,74.99,750.0,750,2,50.33,4425
26849,14.99,1000.0,1000,2,9.67,4425
26850,14.99,1000.0,1000,2,9.99,4425
26851,49.99,750.0,750,2,33.11,4425
26852,49.99,750.0,750,2,32.89,4425
26853,29.99,750.0,750,2,20.68,4425
26854,43.99,750.0,750,2,29.13,4425
26862,15.99,375.0,375,2,10.95,9552
26864,15.99,375.0,375,2,10.73,9552
26882,79.99,750.0,750,2,53.68,8892
26883,14.99,750.0,750,2,10.2,2000
26890,19.99,750.0,750,2,13.6,4425
26891,13.99,750.0,750,2,9.2,4425
26892,14.99,750.0,750,2,9.8,9552
26896,24.99,750.0,750,2,16.33,9819
26913,29.99,750.0,750,2,19.47,4425
26950,5.79,750.0,750,2,3.99,9815
26983,99.99,750.0,750,2,65.35,10754
26985,14.99,750.0,750,2,9.73,10754
26990,4.99,750.0,750,2,3.24,4425
26992,45.99,750.0,750,2,31.72,10754
26994,35.99,750.0,750,2,23.22,10754
26995,55.99,750.0,750,2,38.35,10754
26996,13.99,750.0,750,2,9.03,10754
26997,19.99,750.0,750,2,13.07,17035
27009,16.99,750.0,750,2,11.64,10754
27010,25.99,750.0,750,2,17.1,10754
27011,55.99,750.0,750,2,36.36,10754
27012,16.99,750.0,750,2,11.56,10754
27013,39.99,750.0,750,2,26.48,10754
27014,69.99,750.0,750,2,46.97,10754
27015,89.99,750.0,750,2,61.64,10754
27016,10.99,750.0,750,2,7.48,10754
27017,10.99,750.0,750,2,7.09,10754
27022,22.99,750.0,750,2,15.33,90011
27027,39.99,750.0,750,2,25.97,9552
27056,16.99,750.0,750,2,11.25,9552
27061,69.99,750.0,750,2,46.35,9165
27062,39.99,750.0,750,2,27.58,9165
27063,32.99,750.0,750,2,21.85,9165
27064,72.99,750.0,750,2,48.34,9165
27066,39.99,750.0,750,2,25.97,9165
27067,45.99,750.0,750,2,31.29,9165
27083,19.99,750.0,750,2,13.69,4425
27089,21.99,750.0,750,2,14.56,90024
27092,11.99,750.0,750,2,7.84,10754
27093,11.99,750.0,750,2,7.89,10754
27094,7.99,750.0,750,2,5.51,10754
27095,29.99,750.0,750,2,20.4,6785
27098,99.99,750.0,750,2,65.78,10754
27100,12.99,750.0,750,2,8.49,10754
27103,12.99,750.0,750,2,8.49,3252
27105,44.99,750.0,750,2,29.79,7153
27106,24.99,750.0,750,2,16.55,7153
27121,27.99,750.0,750,2,18.18,9165
27123,31.99,750.0,750,2,21.47,9165
27124,14.99,1000.0,1000,2,10.2,9165
27131,49.99,750.0,750,2,32.67,9744
27133,71.99,750.0,750,2,47.99,9744
27135,15.99,750.0,750,2,10.8,9744
27136,66.99,750.0,750,2,43.22,9744
27139,26.99,750.0,750,2,17.64,9744
27140,23.99,750.0,750,2,15.78,9744
27141,33.99,750.0,750,2,22.51,9744
27142,11.99,750.0,750,2,7.74,4425
27143,17.49,750.0,750,2,11.28,4425
27144,17.49,750.0,750,2,11.28,4425
27164,26.99,750.0,750,2,17.64,9552
27165,21.99,750.0,750,2,14.96,9552
27166,18.99,750.0,750,2,12.66,9552
27167,59.99,750.0,750,2,39.73,9552
27168,18.99,750.0,750,2,12.49,9552
27169,34.99,750.0,750,2,23.48,9552
27170,59.99,750.0,750,2,38.95,9552
27171,15.99,750.0,750,2,10.88,9552
27172,18.99,750.0,750,2,12.25,9552
27180,22.99,750.0,750,2,15.23,4425
27191,107.99,750.0,750,2,70.58,4425
27192,46.99,750.0,750,2,30.32,4425
27193,53.99,750.0,750,2,35.52,4425
27194,49.99,750.0,750,2,33.55,4425
27196,25.99,750.0,750,2,16.88,4425
27197,56.99,750.0,750,2,38.25,4425
27198,44.99,750.0,750,2,29.41,4425
27202,9.99,750.0,750,2,6.8,4425
27214,33.99,750.0,750,2,22.81,7153
27219,79.99,750.0,750,2,53.33,7153
27220,119.99,750.0,750,2,77.41,7153
27221,59.99,750.0,750,2,39.99,7153
27235,5.49,750.0,750,2,3.61,5612
27243,9.99,750.0,750,2,6.53,4425
27250,7.99,750.0,750,2,5.51,7153
27255,19.99,750.0,750,2,13.51,4425
27259,29.99,750.0,750,2,20.26,1392
27273,13.99,750.0,750,2,9.58,5455
27274,209.99,750.0,750,2,137.25,9165
27276,8.99,750.0,750,2,6.12,2000
27279,85.99,750.0,750,2,55.48,10754
27284,59.99,750.0,750,2,39.73,10754
27285,73.99,750.0,750,2,50.33,10754
27286,49.99,750.0,750,2,33.55,10754
27287,79.99,750.0,750,2,55.17,10754
27288,16.99,750.0,750,2,11.56,9552
27291,19.99,750.0,750,2,13.24,10754
27332,15.99,750.0,750,2,10.38,3551
27334,15.99,750.0,750,2,10.52,3551
27348,27.99,750.0,750,2,18.06,4425
27403,9.99,750.0,750,2,6.84,4425
27404,20.99,750.0,750,2,14.48,4425
27410,26.99,750.0,750,2,17.87,4425
28639,10.99,750.0,750,2,7.09,1392
28893,5.49,750.0,750,2,3.56,8673
28920,4.99,750.0,750,2,3.22,3252
29201,9.49,1500.0,1500,2,6.41,1392
29203,9.49,1500.0,1500,2,6.54,1392
31323,15.99,750.0,750,2,10.88,8673
31482,17.99,750.0,750,2,12.24,4425
32656,5.99,750.0,750,2,3.94,3252
33111,12.99,750.0,750,2,8.49,9552
33115,12.99,1500.0,1500,2,8.38,9819
33325,5.99,750.0,750,2,3.86,17035
33333,8.99,750.0,750,2,6.03,6785
33685,8.99,750.0,750,2,5.88,4425
33923,90.99,750.0,750,2,59.08,10754
34074,42.99,750.0,750,2,29.05,4425
34339,6.99,750.0,750,2,4.82,8673
34395,11.99,750.0,750,2,7.99,10754
34822,7.49,750.0,750,2,5.03,1392
35180,7.49,1500.0,1500,2,4.9,1392
35407,8.99,750.0,750,2,6.12,8320
35837,17.99,5000.0,5000,2,12.07,9815
35860,8.99,1500.0,1500,2,5.95,2000
35956,21.99,750.0,750,2,14.56,10754
36155,32.99,750.0,750,2,22.44,4425
36308,18.99,750.0,750,2,13.01,8112
36435,9.49,500.0,500,2,6.37,653
36538,7.99,1500.0,1500,2,5.15,3252
37526,6.29,750.0,750,2,4.31,3252
37793,8.99,750.0,750,2,6.12,1392
37924,12.99,750.0,750,2,8.6,516
38109,11.99,1500.0,1500,2,7.79,10754
38303,23.99,750.0,750,2,15.58,7153
38728,7.99,750.0,750,2,5.15,3252
39283,9.99,750.0,750,2,6.53,9815
39592,6.29,750.0,750,2,4.31,3252
39792,66.99,750.0,750,2,43.22,9165
40203,15.99,750.0,750,2,10.52,9552
40444,11.99,750.0,750,2,8.05,4425
40782,233.99,750.0,750,2,154.96,8112
41169,3.99,500.0,500,2,2.68,1392
41354,12.49,500.0,500,2,8.55,7153
41375,15.99,750.0,750,2,10.38,8673
41648,12.99,750.0,750,2,8.55,8673
41795,12.99,3000.0,3000,2,8.9,9815
42211,12.99,750.0,750,2,8.78,7153
42643,11.99,750.0,750,2,8.27,7153
42671,13.99,750.0,750,2,9.65,1590
42677,54.99,750.0,750,2,37.92,90047
42733,32.99,750.0,750,2,22.75,10754
42894,17.99,750.0,750,2,11.76,1590
42952,29.99,720.0,720,2,19.73,653
43025,9.99,750.0,750,2,6.62,9552
43290,12.99,1500.0,1500,2,8.9,9815
43293,12.99,1500.0,1500,2,8.44,9815
43395,42.99,750.0,750,2,29.45,4692
43425,13.99,750.0,750,2,9.52,90011
43432,5.99,750.0,750,2,3.94,6785
43539,18.99,750.0,750,2,12.74,10754
43681,12.99,750.0,750,2,8.49,7153
43729,70.99,750.0,750,2,47.64,10754
43819,8.99,750.0,750,2,5.8,516
43950,23.99,750.0,750,2,15.68,2000
44098,6.99,750.0,750,2,4.79,4425
44121,44.99,750.0,750,2,29.03,4425
44176,19.99,750.0,750,2,13.79,4425
44177,16.99,750.0,750,2,11.56,4425
44232,31.99,750.0,750,2,21.33,1590
44249,9.99,750.0,750,2,6.53,9815
44339,12.99,750.0,750,2,8.9,2242
44411,29.99,750.0,750,2,19.73,4425
44724,30.99,750.0,750,2,20.66,2000
44730,13.99,750.0,750,2,9.14,10000
44731,13.99,750.0,750,2,9.39,10000
44893,16.99,750.0,750,2,11.48,90011
45459,31.99,750.0,750,2,21.05,1590
45884,13.99,750.0,750,2,9.2,10000
45991,16.99,750.0,750,2,11.64,90010
46083,9.99,750.0,750,2,6.89,4425
46145,5.49,750.0,750,2,3.79,3252
46446,3.99,500.0,500,2,2.75,1392
46496,17.99,1500.0,1500,2,11.76,6785
46732,5.99,375.0,375,2,4.05,1590
46929,9.99,750.0,750,2,6.8,4425
263,17.99,750.0,750,1,13.95,12331
656,49.99,375.0,375,1,39.05,4692
752,24.99,750.0,750,1,18.11,9165
990,134.49,3750.0,3750,1,105.07,54
1028,7.99,750.0,750,1,5.71,660
1067,11.99,100.0,100,1,9.02,6213
1069,39.99,375.0,375,1,29.84,9165
1070,12.99,7503.0,750,1,9.62,7245
1071,19.99,750.0,750,1,14.7,9165
1072,59.99,0.0,200,1,44.11,7239
1073,34.99,750.0,750,1,25.73,9165
1074,49.99,750.0,750,1,39.99,9165
1078,12.99,750.0,750,1,9.77,8352
1082,26.99,750.0,750,1,20.45,7245
1086,46.99,750.0,750,1,37.29,8112
1088,23.99,750.0,750,1,17.14,1128
1091,54.99,0.0,375,1,42.96,1392
1095,13.99,750.0,750,1,10.68,8004
1111,6.99,750.0,750,1,5.07,4380
1114,19.99,750.0,750,1,14.92,2555
1124,54.99,750.0,750,1,43.64,11567
1125,21.99,750.0,750,1,16.29,1128
1127,11.99,750.0,750,1,9.37,8004
1132,25.99,0.0,375,1,18.56,1128
1149,14.99,375.0,375,1,11.62,3960
1150,46.99,1750.0,1750,1,34.55,3960
1152,16.99,750.0,750,1,13.38,3960
1157,21.99,750.0,750,1,17.31,3960
1162,79.99,750.0,750,1,60.14,6830
1163,19.99,750.0,750,1,14.38,17035
1164,29.99,750.0,750,1,23.8,9552
1188,16.99,750.0,750,1,12.22,8664
1260,89.99,750.0,750,1,71.99,1128
1277,114.99,750.0,750,1,87.78,9165
1279,99.99,750.0,750,1,77.51,1128
1603,43.99,750.0,750,1,34.64,17031
1648,49.99,750.0,750,1,39.36,3960
1656,19.99,750.0,750,1,15.99,4425
1686,99.99,750.0,750,1,73.52,8352
1697,22.99,750.0,750,1,17.96,9206
1719,1199.99,750.0,750,1,923.07,1392
1720,54.99,750.0,750,1,41.98,7153
1731,54.99,750.0,750,1,41.66,7153
1742,99.99,750.0,750,1,74.62,7153
1801,12.99,375.0,375,1,9.62,1128
1808,499.99,750.0,750,1,373.13,8112
1820,49.99,750.0,750,1,38.16,8352
1929,6.99,750.0,750,1,5.55,9552
1952,249.99,750.0,750,1,183.82,3960
1963,199.99,750.0,750,1,158.72,9165
1980,44.99,750.0,750,1,33.33,660
1984,169.99,750.0,750,1,125.92,9165
1988,29.99,750.0,750,1,23.25,9165
1992,20.99,750.0,750,1,16.4,9165
1994,999.99,750.0,750,1,775.19,12546
2013,69.99,750.0,750,1,55.55,8004
2033,7.99,750.0,750,1,5.96,1128
2044,34.99,750.0,750,1,27.12,9165
2046,174.99,750.0,750,1,129.62,3960
2049,27.99,750.0,750,1,20.28,9165
2055,48.99,750.0,750,1,35.5,9165
2056,31.99,750.0,750,1,23.52,9165
2077,21.99,750.0,750,1,17.59,7153
2093,179.99,750.0,750,1,141.72,9165
2094,66.99,750.0,750,1,48.9,9552
2126,74.99,750.0,750,1,53.56,9552
2141,60.99,750.0,750,1,48.4,9165
2147,17.99,750.0,750,1,14.39,9165
2150,35.99,750.0,750,1,28.34,2450
2169,1.99,50.0,50,1,1.54,17035
2175,39.99,750.0,750,1,28.98,9552
2180,39.99,750.0,750,1,30.53,9552
2201,76.99,750.0,750,1,56.2,9165
2221,68.99,750.0,750,1,53.48,9552
2231,76.99,750.0,750,1,54.99,9165
2236,44.99,750.0,750,1,32.84,9552
2248,109.99,750.0,750,1,80.87,3960
2253,129.99,750.0,750,1,103.99,9165
2256,99.99,750.0,750,1,72.46,9552
2289,298.99,750.0,750,1,239.19,10754
2291,49.99,750.0,750,1,39.36,8352
2296,49.99,750.0,750,1,39.99,9206
2313,21.99,750.0,750,1,16.53,4425
2326,119.99,750.0,750,1,95.99,4425
2328,539.99,750.0,750,1,406.01,4425
2332,74.99,750.0,750,1,58.13,9165
2346,18.99,1750.0,1750,1,13.76,1392
2353,28.99,750.0,750,1,23.01,8320
2407,176.99,750.0,750,1,126.42,3252
2429,24.99,750.0,750,1,19.68,12546
2480,89.99,750.0,750,1,70.86,9165
2764,29.99,750.0,750,1,23.99,9552
2807,89.99,750.0,750,1,69.22,10754
2817,69.99,750.0,750,1,54.26,10754
2846,399.99,750.0,750,1,294.11,3664
2867,79.99,750.0,750,1,62.01,1485
2901,49.99,750.0,750,1,39.67,9165
2936,69.99,750.0,750,1,53.02,8004
3135,12.99,750.0,750,1,9.48,3960
3255,2799.99,1000.0,1000,1,2222.21,8664
3280,6.99,50.0,50,1,5.55,8664
3442,12.99,750.0,750,1,9.55,3960
3799,34.99,750.0,750,1,27.99,6213
3848,30.99,750.0,750,1,23.3,173357
3861,4.99,750.0,750,1,3.59,9552
3872,21.99,750.0,750,1,17.31,9552
3985,29.99,750.0,750,1,22.89,9165
3986,19.99,1000.0,1000,1,15.74,3924
4124,0.99,50.0,50,1,0.72,6213
4365,0.99,50.0,50,1,0.73,660
4632,79.99,750.0,750,1,59.69,8112
4763,109.99,750.0,750,1,83.96,3960
4772,16.99,750.0,750,1,12.31,6213
4785,74.99,375.0,375,1,53.95,7239
4802,54.99,750.0,750,1,42.3,9552
4813,54.99,750.0,750,1,39.85,9552
4844,54.99,750.0,750,1,41.98,9552
4886,21.99,1750.0,1750,1,16.66,7239
4994,19.99,750.0,750,1,15.62,4848
5067,12.49,750.0,750,1,9.32,9165
5079,12.49,750.0,750,1,9.32,9165
5245,99.99,750.0,750,1,71.94,4848
5338,19.99,375.0,375,1,15.74,90059
5485,29.99,750.0,750,1,21.42,9165
5595,199.99,750.0,750,1,145.98,9165
5598,4.99,750.0,750,1,3.99,9552
5609,5.99,750.0,750,1,4.68,9552
5614,4.99,750.0,750,1,3.99,9552
5640,16.99,375.0,375,1,12.68,9165
6003,99.99,1000.0,1000,1,72.99,1128
6166,399.99,750.0,750,1,300.74,1392
6199,18.99,750.0,750,1,14.61,3960
6242,42.99,750.0,750,1,34.39,653
6510,32.99,750.0,750,1,25.98,9165
6616,21.99,750.0,750,1,17.31,653
6940,9.99,750.0,750,2,6.57,516
7436,49.99,750.0,750,1,37.03,4692
7473,28.99,750.0,750,1,20.86,10754
8818,49.99,750.0,750,1,37.03,9165
9373,21.99,750.0,750,1,17.31,653
10869,24.99,750.0,750,2,16.23,90017
11939,10.99,750.0,750,2,7.58,9165
12090,10.99,750.0,750,2,7.48,8320
12307,16.99,750.0,750,2,11.64,90011
12532,15.99,750.0,750,2,10.66,10754
13581,49.99,750.0,750,2,33.11,8112
13582,82.99,750.0,750,2,54.6,4425
13726,18.99,3000.0,3000,2,12.41,9815
13875,9.99,750.0,750,2,6.84,9815
13916,12.99,750.0,750,2,8.96,10754
14157,17.99,750.0,750,2,11.76,90047
14347,13.99,750.0,750,2,9.14,9165
14697,19.99,750.0,750,2,13.6,90024
14761,36.99,750.0,750,2,24.02,7153
14997,24.49,750.0,750,2,16.11,90047
15070,13.99,750.0,750,2,9.52,7153
15340,13.99,750.0,750,2,9.45,4692
15775,14.49,1000.0,1000,2,9.35,90047
15844,11.99,750.0,750,2,8.1,90047
15880,74.99,750.0,750,2,48.69,2000
16357,13.99,750.0,750,2,9.08,9165
16664,29.99,375.0,375,2,20.13,90047
16827,89.99,750.0,750,2,60.8,9165
17089,11.99,750.0,750,2,7.99,4425
17488,11.99,750.0,750,2,7.99,90047
17896,12.99,750.0,750,2,8.78,90011
18912,47.99,750.0,750,2,32.21,4425
19072,10.99,750.0,750,2,7.33,7153
19334,7.99,750.0,750,2,5.47,4848
19361,13.99,750.0,750,2,9.52,9744
19655,10.99,750.0,750,2,7.38,653
20222,14.99,750.0,750,2,9.99,4425
20384,23.99,750.0,750,2,15.58,7255
20431,7.99,750.0,750,2,5.33,9165
20443,9.99,750.0,750,2,6.66,3252
21042,24.99,750.0,750,2,16.23,7153
21044,18.99,750.0,750,2,12.74,7153
21149,6.99,750.0,750,2,4.6,17035
21171,419.99,1500.0,1500,2,274.5,9165
21377,12.99,750.0,750,2,8.72,90011
22046,11.99,750.0,750,2,7.99,1590
22572,44.99,750.0,750,2,30.19,9552
22626,11.99,750.0,750,2,7.79,90047
22656,19.99,750.0,750,2,13.42,90047
22776,19.99,750.0,750,2,12.98,12331
22827,84.99,1500.0,1500,2,57.43,4692
22839,17.99,750.0,750,2,11.99,90047
23033,13.99,750.0,750,2,9.65,17035
23112,55.99,750.0,750,2,38.09,4425
23266,99.99,375.0,375,2,68.49,9165
23794,44.99,750.0,750,2,29.6,90047
24129,7.99,750.0,750,2,5.22,8892
24134,9.99,750.0,750,2,6.49,8892
24211,22.99,750.0,750,2,14.93,90047
24367,19.99,750.0,750,2,13.79,10754
24425,49.99,750.0,750,2,32.46,4425
24516,13.99,750.0,750,2,9.33,9165
24525,21.99,750.0,750,2,14.19,4425
24570,11.99,750.0,750,2,8.1,7153
24610,11.99,750.0,750,2,7.84,9819
24789,18.99,750.0,750,2,12.58,4425
24793,5.99,750.0,750,2,3.97,10754
24804,81.99,750.0,750,2,54.3,4425
24820,14.99,750.0,750,2,10.13,9552
24854,16.99,750.0,750,2,11.4,3951
24981,23.99,3000.0,3000,2,15.99,9165
24982,28.99,750.0,750,2,19.46,90047
25117,19.99,750.0,750,2,12.98,90024
25192,74.99,750.0,750,2,49.01,10754
25221,9.99,1000.0,1000,2,6.89,2242
25280,12.99,750.0,750,2,8.66,8892
25358,61.99,375.0,375,2,42.46,7153
25364,99.99,1500.0,1500,2,65.35,7153
25365,38.99,1500.0,1500,2,26.52,7153
25367,38.99,1500.0,1500,2,26.89,7153
25425,35.99,750.0,750,2,24.82,9744
25457,472.49,9000.0,9000,2,308.82,17035
25745,7.49,750.0,750,2,5.17,90017
25751,9.99,1500.0,1500,2,6.8,516
25971,19.99,750.0,750,2,13.51,90024
25993,3.49,750.0,750,2,2.41,9815
26046,16.99,750.0,750,2,11.64,9552
26146,221.99,20000.0,20000,2,151.01,90011
26256,59.99,750.0,750,2,41.37,9165
26257,103.99,750.0,750,2,67.97,9165
26258,199.99,750.0,750,2,129.03,9165
26259,65.99,750.0,750,2,42.85,9165
26260,99.99,750.0,750,2,68.96,9165
26266,16.99,750.0,750,2,11.56,2000
26274,10.49,750.0,750,2,6.77,9165
26320,94.99,750.0,750,2,62.91,90047
26324,19.99,750.0,750,2,13.07,90047
26327,7.99,750.0,750,2,5.29,90047
26363,4.99,750.0,750,2,3.28,3252
26388,17.99,750.0,750,2,12.41,90011
26458,15.99,750.0,750,2,11.03,10754
26502,21.99,750.0,750,2,15.06,4425
26508,10.49,750.0,750,2,6.81,7153
26617,10.99,750.0,750,2,7.28,12331
26620,19.99,750.0,750,2,13.6,9552
26629,9.99,750.0,750,2,6.8,653
26631,35.99,750.0,750,2,24.48,9165
26645,16.99,1000.0,1000,2,11.72,10754
26654,15.99,750.0,750,2,10.88,3951
26655,13.49,750.0,750,2,8.7,3951
26671,359.99,0.0,750,2,244.89,9552
26685,56.99,750.0,750,2,36.77,9744
26686,293.99,750.0,750,2,197.31,9744
26687,76.99,750.0,750,2,50.65,9744
26688,48.99,750.0,750,2,31.81,9744
26689,48.99,750.0,750,2,31.81,9744
26691,214.99,750.0,750,2,141.44,9744
26692,62.99,750.0,750,2,40.64,9744
26694,76.99,750.0,750,2,51.67,9744
26695,33.99,750.0,750,2,23.28,9744
26696,28.99,750.0,750,2,18.82,9744
26697,69.99,750.0,750,2,45.75,9744
26760,15.99,750.0,750,2,10.66,1587
26812,29.99,750.0,750,2,20.13,9552
26813,24.99,750.0,750,2,17.0,9552
26814,16.99,750.0,750,2,10.96,9552
26815,64.99,750.0,750,2,43.04,9552
26816,69.99,750.0,750,2,46.97,9552
26919,15.49,750.0,750,2,10.68,1650
26921,17.49,750.0,750,2,11.51,1650
26923,14.49,750.0,750,2,9.99,1650
27005,59.99,750.0,750,2,40.81,90047
27031,264.99,750.0,750,2,180.27,4425
27051,14.99,750.0,750,2,10.2,9165
27069,19.99,750.0,750,2,13.42,4692
27071,17.99,750.0,750,2,11.84,4692
27091,24.99,750.0,750,2,16.23,10754
27132,18.99,750.0,750,2,12.83,9744
27134,19.99,750.0,750,2,13.6,9744
27137,23.99,750.0,750,2,15.58,9744
27157,14.99,750.0,750,2,9.99,10754
27158,10.99,750.0,750,2,7.48,10754
27159,10.99,750.0,750,2,7.58,10754
27161,59.99,750.0,750,2,41.09,9552
27162,39.99,750.0,750,2,25.97,9552
27163,10.99,750.0,750,2,7.14,9552
27173,56.99,750.0,750,2,38.51,9552
27178,67.99,750.0,750,2,45.33,4425
27189,53.99,750.0,750,2,35.29,7153
27195,19.99,750.0,750,2,13.51,4425
27201,19.99,750.0,750,2,12.98,4425
27203,12.99,750.0,750,2,8.84,4425
27204,24.99,750.0,750,2,17.0,4425
27206,12.99,750.0,750,2,8.66,2242
27262,17.99,750.0,750,2,11.61,653
27264,10.99,750.0,750,2,7.43,90047
27267,70.99,750.0,750,2,46.7,10754
27269,129.99,750.0,750,2,83.86,10754
27275,409.99,1500.0,1500,2,275.16,9165
27289,16.99,750.0,750,2,11.18,10754
27290,129.99,750.0,750,2,85.52,10754
27316,81.99,750.0,750,2,54.66,10754
27318,85.99,750.0,750,2,58.1,10754
27319,119.99,750.0,750,2,77.41,10754
27320,59.99,750.0,750,2,40.81,10754
27322,81.99,750.0,750,2,55.4,10754
27325,11.99,750.0,750,2,7.89,10754
27326,11.99,750.0,750,2,8.16,10754
27327,14.99,750.0,750,2,10.27,10754
27328,11.99,750.0,750,2,8.27,10754
27342,12.99,750.0,750,2,8.72,9819
27349,13.99,750.0,750,2,9.39,9552
27360,49.99,750.0,750,2,34.24,9552
27367,19.99,375.0,375,2,13.79,10754
27369,18.99,750.0,750,2,13.01,10754
27371,149.99,750.0,750,2,99.99,10754
27393,9.99,750.0,750,2,6.45,9165
27395,25.99,750.0,750,2,17.44,4425
27396,19.99,750.0,750,2,13.69,4425
27398,49.99,750.0,750,2,34.24,4425
27399,22.99,750.0,750,2,15.64,4425
27405,26.99,750.0,750,2,17.99,4425
27406,37.99,750.0,750,2,25.67,4425
27407,71.99,750.0,750,2,47.05,4425
27408,119.99,750.0,750,2,80.53,4425
27409,47.99,750.0,750,2,33.1,4425
27411,54.99,750.0,750,2,36.66,4425
27412,11.99,750.0,750,2,7.74,10754
27425,19.99,750.0,750,2,13.33,10754
27437,10.99,750.0,750,2,7.18,10754
27440,9.49,1000.0,1000,2,6.37,12331
27442,18.99,750.0,750,2,12.92,3252
27443,49.99,750.0,750,2,34.01,3252
27444,24.99,750.0,750,2,16.23,3252
27473,14.99,750.0,750,2,10.13,9552
27474,14.99,750.0,750,2,9.86,9552
27480,38.99,750.0,750,2,26.71,4425
27481,94.99,750.0,750,2,65.06,4425
27483,49.99,750.0,750,2,34.48,4425
27484,199.99,750.0,750,2,132.44,4425
27489,34.99,750.0,750,2,23.48,2000
27492,21.99,750.0,750,2,14.56,2000
27493,21.99,750.0,750,2,14.66,2000
27494,18.99,750.0,750,2,12.58,2000
27496,11.99,750.0,750,2,7.99,90024
27497,13.99,750.0,750,2,9.39,90024
27499,14.99,750.0,750,2,10.2,90024
27502,14.99,750.0,750,2,10.2,10754
27504,14.99,750.0,750,2,10.2,10754
27506,24.99,750.0,750,2,16.55,10754
27513,34.99,750.0,750,2,22.87,10754
27516,569.99,750.0,750,2,367.74,9165
27520,12.49,750.0,750,2,8.06,4425
27521,35.99,750.0,750,2,23.83,4425
27522,27.99,750.0,750,2,19.17,4425
27523,29.99,750.0,750,2,19.35,4425
27534,24.99,750.0,750,2,16.33,3951
27546,19.99,1500.0,1500,2,13.07,4950
27549,11.99,750.0,750,2,8.21,10754
27551,37.99,750.0,750,2,24.51,90047
27553,26.99,750.0,750,2,17.76,4425
27558,54.99,750.0,750,2,35.94,90010
27562,159.99,750.0,750,2,107.38,4692
27563,62.99,750.0,750,2,41.17,4692
27566,41.99,750.0,750,2,27.09,3951
27569,24.99,750.0,750,2,17.23,3951
27572,30.99,375.0,375,2,20.25,3951
27611,56.99,750.0,750,2,37.49,2000
27612,259.99,750.0,750,2,168.82,2000
27613,199.99,750.0,750,2,134.22,2000
27617,39.99,750.0,750,2,26.48,4425
27619,667.99,1500.0,1500,2,442.38,4425
27626,40.99,0.0,750,2,27.7,90032
27627,26.99,750.0,750,2,18.36,10754
27650,17.49,187.0,187,2,11.9,90047
27662,12.99,750.0,750,2,8.84,3252
27689,14.99,750.0,750,2,9.67,5083
27693,76.99,750.0,750,2,50.65,4425
27694,76.99,750.0,750,2,50.65,4425
27695,64.99,750.0,750,2,44.21,4425
27696,28.99,750.0,750,2,19.86,4425
27697,14.99,750.0,750,2,9.93,4425
27698,72.99,750.0,750,2,48.99,4425
27699,24.99,750.0,750,2,16.66,4425
27700,88.99,750.0,750,2,58.93,4425
27707,62.99,750.0,750,2,40.9,4425
27708,18.99,750.0,750,2,12.41,9552
27723,24.99,750.0,750,2,17.0,10754
27724,24.99,750.0,750,2,16.66,10754
27746,69.99,750.0,750,2,45.15,9552
27747,44.99,750.0,750,2,31.03,9552
27749,39.99,750.0,750,2,26.31,9552
27750,32.99,750.0,750,2,22.14,9552
27763,159.99,750.0,750,2,107.38,1587
27764,37.99,375.0,375,2,24.99,1587
27765,34.99,375.0,375,2,23.33,1587
27769,19.99,750.0,750,2,13.24,8892
27773,99.99,750.0,750,2,66.66,4692
27774,32.99,750.0,750,2,21.99,4692
27775,34.99,750.0,750,2,24.13,4692
27778,39.99,750.0,750,2,25.8,4692
27780,46.99,750.0,750,2,31.75,4692
27781,29.99,750.0,750,2,20.68,4692
27782,34.99,750.0,750,2,22.57,4692
27783,31.99,750.0,750,2,21.19,4692
27784,34.99,750.0,750,2,22.72,4692
27785,29.99,750.0,750,2,20.13,4692
27786,39.99,750.0,750,2,26.48,4692
27787,134.99,750.0,750,2,91.83,4692
27789,79.99,750.0,750,2,51.61,4692
27790,69.99,750.0,750,2,46.66,4692
27791,21.99,750.0,750,2,14.37,4692
27792,25.99,750.0,750,2,17.1,4692
27793,29.99,750.0,750,2,19.47,4692
27794,35.99,750.0,750,2,24.82,4692
27800,52.99,750.0,750,2,34.41,4692
27805,59.99,750.0,750,2,39.73,4692
27806,37.99,750.0,750,2,25.84,4692
27810,31.99,750.0,750,2,20.77,4692
27811,46.99,750.0,750,2,31.33,4692
27816,21.99,750.0,750,2,14.86,4692
27826,48.99,750.0,750,2,33.33,4692
27827,32.99,750.0,750,2,21.56,4692
27849,13.99,750.0,750,2,9.2,4425
27850,14.99,750.0,750,2,10.27,4425
27851,18.99,750.0,750,2,13.1,4425
27852,14.99,750.0,750,2,9.99,4425
27853,13.99,750.0,750,2,9.45,4425
27868,89.99,750.0,750,2,59.2,4425
27870,15.99,750.0,750,2,10.38,4425
27871,16.99,750.0,750,2,10.96,4425
27872,26.99,750.0,750,2,18.11,4425
27873,39.99,750.0,750,2,27.58,4425
27874,12.99,750.0,750,2,8.6,4425
27878,36.99,750.0,750,2,25.16,4425
27879,17.99,750.0,750,2,11.84,4425
27880,114.99,750.0,750,2,75.65,4425
27886,14.99,750.0,750,2,10.06,4425
27901,6.99,1500.0,1500,2,4.79,9815
27924,55.99,750.0,750,2,37.08,4425
27925,58.99,750.0,750,2,39.59,4425
27926,23.99,750.0,750,2,15.78,4425
27969,36.99,750.0,750,2,24.34,2000
27973,17.99,750.0,750,2,12.07,10754
27988,18.99,750.0,750,2,12.83,4425
27989,469.99,750.0,750,2,307.18,4425
28005,84.99,750.0,750,2,57.43,4425
28006,69.99,750.0,750,2,48.27,4425
28007,18.99,750.0,750,2,12.41,4425
28029,29.99,750.0,750,2,20.54,4425
28050,16.99,750.0,750,2,11.25,10754
30039,44.49,750.0,750,2,30.47,7153
30117,44.49,750.0,750,2,29.08,7153
33052,54.99,750.0,750,2,36.91,7153
33735,45.99,375.0,375,2,29.67,10754
34842,19.99,750.0,750,2,12.9,10754
35757,54.99,750.0,750,2,36.42,10754
37420,17.49,750.0,750,2,11.98,1590
38701,10.49,750.0,750,2,6.81,9165
40041,15.99,750.0,750,2,10.38,9165
42655,67.99,750.0,750,2,45.03,1587
42734,24.99,750.0,750,2,16.66,10754
42897,58.99,750.0,750,2,39.33,4425
43022,37.99,750.0,750,2,25.16,2000
43023,39.99,750.0,750,2,26.66,2000
44917,24.99,750.0,750,2,16.55,90024
44944,22.99,750.0,750,2,14.93,4425
45016,93.99,750.0,750,2,61.43,10754
46011,12.99,1500.0,1500,2,8.9,9744
46964,35.99,750.0,750,2,24.32,10754
